gender,marital_status,prefered_order_cat_Fashion,prefered_order_cat_Grocery,prefered_order_cat_Laptop & Accessory,prefered_order_cat_Mobile,prefered_order_cat_Mobile Phone,preferred_login_device_Computer,preferred_login_device_Mobile Phone,preferred_login_device_Phone,preferred_payment_mode_CC,preferred_payment_mode_COD,preferred_payment_mode_Cash on Delivery,preferred_payment_mode_Credit Card,preferred_payment_mode_Debit Card,preferred_payment_mode_E wallet,preferred_payment_mode_UPI,churn,tenure,city_tier,warehouse_to_home,hour_spend_on_app,number_of_device_registered,satisfaction_score,number_of_address,complain,order_amount_hike_fromlast_year,coupon_used,day_since_last_order,cashback_amount
0.0,2.0,0.0,0.0,1.0,0.0,0.0,0.0,1.0,0.0,0.0,0.0,0.0,0.0,1.0,0.0,0.0,1.0,4.0,3.0,6.0,3.0,3.0,2.0,9.0,1.0,11.0,1.0,5.0,160.0
1.0,2.0,0.0,0.0,0.0,1.0,0.0,0.0,0.0,1.0,0.0,0.0,0.0,0.0,0.0,0.0,1.0,1.0,10.0,1.0,8.0,3.0,4.0,3.0,7.0,1.0,15.0,0.0,0.0,121.0
1.0,2.0,0.0,0.0,0.0,1.0,0.0,0.0,0.0,1.0,0.0,0.0,0.0,0.0,1.0,0.0,0.0,1.0,10.0,1.0,30.0,2.0,4.0,3.0,6.0,1.0,14.0,0.0,3.0,120.0
1.0,2.0,0.0,0.0,1.0,0.0,0.0,0.0,0.0,1.0,0.0,0.0,0.0,0.0,1.0,0.0,0.0,1.0,0.0,3.0,15.0,2.0,4.0,5.0,8.0,0.0,23.0,0.0,3.0,134.0
1.0,2.0,0.0,0.0,0.0,1.0,0.0,0.0,0.0,1.0,1.0,0.0,0.0,0.0,0.0,0.0,0.0,1.0,0.0,1.0,12.0,3.0,3.0,5.0,3.0,0.0,11.0,1.0,3.0,130.0
1.0,0.0,0.0,0.0,1.0,0.0,0.0,0.0,0.0,1.0,0.0,0.0,1.0,0.0,0.0,0.0,0.0,1.0,10.0,3.0,11.0,2.0,3.0,2.0,4.0,0.0,14.0,0.0,0.0,121.0
1.0,0.0,0.0,0.0,0.0,1.0,0.0,0.0,0.0,1.0,1.0,0.0,0.0,0.0,0.0,0.0,0.0,1.0,10.0,1.0,6.0,3.0,3.0,2.0,3.0,1.0,16.0,2.0,0.0,123.0
1.0,0.0,0.0,0.0,0.0,1.0,0.0,0.0,0.0,1.0,0.0,0.0,0.0,0.0,0.0,1.0,0.0,1.0,13.0,3.0,9.0,3.0,4.0,3.0,2.0,1.0,14.0,0.0,2.0,127.0
1.0,2.0,0.0,0.0,0.0,1.0,0.0,0.0,0.0,1.0,0.0,0.0,0.0,0.0,1.0,0.0,0.0,1.0,10.0,1.0,31.0,2.0,5.0,3.0,2.0,0.0,12.0,1.0,1.0,123.0
1.0,2.0,1.0,0.0,0.0,0.0,0.0,0.0,1.0,0.0,0.0,0.0,0.0,0.0,1.0,0.0,0.0,1.0,11.0,1.0,6.0,3.0,4.0,3.0,10.0,1.0,13.0,0.0,0.0,154.0
1.0,2.0,0.0,0.0,0.0,1.0,0.0,0.0,0.0,1.0,0.0,1.0,0.0,0.0,0.0,0.0,0.0,1.0,0.0,1.0,11.0,2.0,3.0,3.0,2.0,1.0,13.0,2.0,2.0,134.0
1.0,0.0,0.0,0.0,0.0,1.0,0.0,0.0,0.0,1.0,1.0,0.0,0.0,0.0,0.0,0.0,0.0,1.0,0.0,1.0,15.0,3.0,4.0,3.0,1.0,1.0,17.0,0.0,0.0,134.0
1.0,2.0,1.0,0.0,0.0,0.0,0.0,0.0,1.0,0.0,0.0,0.0,0.0,1.0,0.0,0.0,0.0,1.0,9.0,3.0,15.0,3.0,4.0,2.0,2.0,0.0,16.0,0.0,7.0,196.0
1.0,1.0,0.0,0.0,0.0,1.0,0.0,0.0,0.0,1.0,0.0,0.0,0.0,0.0,0.0,0.0,1.0,1.0,10.0,2.0,12.0,3.0,3.0,5.0,5.0,1.0,22.0,1.0,2.0,121.0
0.0,2.0,0.0,0.0,0.0,1.0,0.0,1.0,0.0,0.0,0.0,0.0,0.0,0.0,1.0,0.0,0.0,1.0,0.0,1.0,12.0,3.0,4.0,2.0,2.0,1.0,18.0,1.0,0.0,129.0
1.0,2.0,0.0,0.0,1.0,0.0,0.0,0.0,1.0,0.0,0.0,0.0,0.0,0.0,0.0,1.0,0.0,1.0,0.0,3.0,11.0,2.0,4.0,3.0,2.0,1.0,11.0,1.0,3.0,157.0
1.0,2.0,0.0,0.0,1.0,0.0,0.0,1.0,0.0,0.0,0.0,0.0,0.0,0.0,1.0,0.0,0.0,1.0,0.0,1.0,13.0,3.0,5.0,3.0,2.0,1.0,24.0,1.0,6.0,161.0
0.0,0.0,0.0,0.0,0.0,0.0,1.0,0.0,1.0,0.0,0.0,0.0,0.0,0.0,1.0,0.0,0.0,1.0,19.0,1.0,20.0,3.0,3.0,4.0,10.0,1.0,18.0,1.0,3.0,150.0
1.0,2.0,0.0,0.0,0.0,0.0,1.0,0.0,1.0,0.0,0.0,0.0,0.0,0.0,0.0,1.0,0.0,1.0,10.0,3.0,28.0,2.0,3.0,3.0,2.0,1.0,19.0,0.0,0.0,117.0
0.0,0.0,0.0,0.0,1.0,0.0,0.0,0.0,0.0,1.0,0.0,0.0,0.0,0.0,1.0,0.0,0.0,1.0,0.0,3.0,26.0,3.0,5.0,3.0,4.0,1.0,11.0,1.0,2.0,146.0
1.0,2.0,1.0,0.0,0.0,0.0,0.0,1.0,0.0,0.0,0.0,0.0,0.0,0.0,1.0,0.0,0.0,1.0,14.0,1.0,14.0,2.0,5.0,2.0,3.0,0.0,15.0,0.0,3.0,207.0
0.0,2.0,0.0,0.0,0.0,0.0,1.0,0.0,0.0,1.0,0.0,0.0,0.0,1.0,0.0,0.0,0.0,1.0,0.0,1.0,15.0,2.0,3.0,5.0,8.0,0.0,22.0,1.0,4.0,142.0
1.0,0.0,1.0,0.0,0.0,0.0,0.0,0.0,1.0,0.0,0.0,0.0,0.0,0.0,0.0,1.0,0.0,0.0,8.0,3.0,6.0,3.0,3.0,4.0,2.0,0.0,13.0,1.0,6.0,173.0
1.0,0.0,0.0,0.0,1.0,0.0,0.0,0.0,0.0,1.0,0.0,0.0,0.0,0.0,0.0,1.0,0.0,0.0,10.0,3.0,12.0,2.0,3.0,3.0,3.0,1.0,20.0,0.0,5.0,123.0
0.0,2.0,1.0,0.0,0.0,0.0,0.0,1.0,0.0,0.0,0.0,0.0,0.0,0.0,0.0,1.0,0.0,0.0,5.0,3.0,14.0,2.0,3.0,2.0,2.0,0.0,14.0,2.0,7.0,190.0
1.0,0.0,0.0,0.0,1.0,0.0,0.0,1.0,0.0,0.0,0.0,1.0,0.0,0.0,0.0,0.0,0.0,0.0,2.0,1.0,6.0,2.0,3.0,3.0,2.0,0.0,13.0,0.0,9.0,143.0
1.0,0.0,0.0,0.0,1.0,0.0,0.0,0.0,1.0,0.0,0.0,0.0,0.0,1.0,0.0,0.0,0.0,0.0,0.0,1.0,13.0,2.0,4.0,3.0,3.0,0.0,17.0,1.0,0.0,161.0
0.0,0.0,0.0,0.0,0.0,1.0,0.0,0.0,0.0,1.0,1.0,0.0,0.0,0.0,0.0,0.0,0.0,0.0,30.0,1.0,15.0,3.0,4.0,4.0,5.0,1.0,20.0,1.0,0.0,133.0
1.0,0.0,1.0,0.0,0.0,0.0,0.0,0.0,1.0,0.0,0.0,0.0,0.0,0.0,0.0,1.0,0.0,0.0,13.0,3.0,10.0,3.0,4.0,2.0,8.0,0.0,11.0,2.0,11.0,209.0
0.0,0.0,0.0,0.0,0.0,1.0,0.0,1.0,0.0,0.0,0.0,0.0,0.0,0.0,0.0,1.0,0.0,0.0,10.0,3.0,8.0,3.0,3.0,3.0,7.0,0.0,18.0,1.0,2.0,122.0
1.0,0.0,0.0,0.0,0.0,1.0,0.0,0.0,0.0,1.0,1.0,0.0,0.0,0.0,0.0,0.0,0.0,0.0,0.0,1.0,16.0,3.0,3.0,2.0,2.0,0.0,24.0,0.0,2.0,123.0
1.0,1.0,0.0,0.0,0.0,1.0,0.0,1.0,0.0,0.0,1.0,0.0,0.0,0.0,0.0,0.0,0.0,0.0,10.0,1.0,15.0,2.0,3.0,4.0,7.0,0.0,18.0,0.0,2.0,120.0
1.0,0.0,0.0,0.0,0.0,1.0,0.0,0.0,0.0,1.0,1.0,0.0,0.0,0.0,0.0,0.0,0.0,0.0,1.0,1.0,27.0,3.0,3.0,2.0,2.0,0.0,11.0,0.0,2.0,127.0
1.0,1.0,1.0,0.0,0.0,0.0,0.0,0.0,1.0,0.0,0.0,0.0,0.0,0.0,1.0,0.0,0.0,0.0,30.0,1.0,30.0,2.0,2.0,2.0,4.0,1.0,16.0,1.0,4.0,194.0
1.0,1.0,0.0,0.0,0.0,1.0,0.0,1.0,0.0,0.0,1.0,0.0,0.0,0.0,0.0,0.0,0.0,0.0,0.0,1.0,16.0,3.0,4.0,3.0,2.0,1.0,15.0,0.0,1.0,126.0
1.0,1.0,0.0,0.0,0.0,1.0,0.0,0.0,0.0,1.0,0.0,0.0,0.0,0.0,1.0,0.0,0.0,0.0,14.0,1.0,16.0,2.0,3.0,3.0,5.0,0.0,12.0,1.0,8.0,125.0
0.0,0.0,1.0,0.0,0.0,0.0,0.0,0.0,1.0,0.0,0.0,0.0,0.0,0.0,1.0,0.0,0.0,0.0,3.0,3.0,11.0,2.0,3.0,2.0,3.0,0.0,12.0,2.0,4.0,194.0
0.0,2.0,0.0,0.0,1.0,0.0,0.0,0.0,1.0,0.0,0.0,0.0,0.0,0.0,1.0,0.0,0.0,0.0,11.0,3.0,6.0,2.0,4.0,2.0,5.0,0.0,22.0,1.0,1.0,187.0
1.0,2.0,0.0,0.0,0.0,1.0,0.0,0.0,0.0,1.0,0.0,0.0,0.0,0.0,1.0,0.0,0.0,0.0,5.0,1.0,12.0,3.0,3.0,3.0,4.0,0.0,20.0,0.0,4.0,130.0
1.0,0.0,0.0,0.0,0.0,1.0,0.0,0.0,0.0,1.0,0.0,1.0,0.0,0.0,0.0,0.0,0.0,0.0,0.0,1.0,23.0,3.0,3.0,4.0,1.0,1.0,16.0,1.0,1.0,131.0
0.0,2.0,0.0,0.0,0.0,1.0,0.0,1.0,0.0,0.0,0.0,1.0,0.0,0.0,0.0,0.0,0.0,1.0,0.0,3.0,16.0,3.0,5.0,5.0,1.0,0.0,21.0,1.0,0.0,123.0
1.0,1.0,0.0,0.0,1.0,0.0,0.0,1.0,0.0,0.0,1.0,0.0,0.0,0.0,0.0,0.0,0.0,0.0,3.0,1.0,15.0,3.0,3.0,5.0,2.0,0.0,11.0,0.0,10.0,131.0
0.0,1.0,0.0,0.0,1.0,0.0,0.0,0.0,1.0,0.0,0.0,0.0,0.0,0.0,1.0,0.0,0.0,0.0,18.0,3.0,10.0,1.0,3.0,5.0,5.0,1.0,11.0,0.0,3.0,150.0
0.0,1.0,0.0,0.0,0.0,0.0,1.0,0.0,0.0,1.0,0.0,0.0,0.0,0.0,1.0,0.0,0.0,0.0,29.0,1.0,14.0,3.0,3.0,5.0,5.0,1.0,18.0,1.0,2.0,143.0
1.0,2.0,0.0,0.0,0.0,1.0,0.0,0.0,0.0,1.0,0.0,0.0,0.0,0.0,1.0,0.0,0.0,0.0,6.0,1.0,16.0,2.0,3.0,2.0,1.0,0.0,14.0,0.0,2.0,125.0
1.0,2.0,0.0,0.0,0.0,0.0,1.0,0.0,1.0,0.0,0.0,0.0,0.0,0.0,1.0,0.0,0.0,1.0,0.0,1.0,8.0,2.0,4.0,2.0,2.0,0.0,22.0,0.0,0.0,111.0
0.0,2.0,0.0,0.0,0.0,1.0,0.0,0.0,0.0,1.0,0.0,0.0,0.0,0.0,1.0,0.0,0.0,0.0,10.0,1.0,15.0,3.0,3.0,2.0,2.0,0.0,12.0,1.0,1.0,123.0
0.0,0.0,0.0,0.0,0.0,0.0,1.0,0.0,0.0,1.0,0.0,0.0,0.0,1.0,0.0,0.0,0.0,0.0,4.0,1.0,18.0,3.0,3.0,2.0,9.0,1.0,23.0,1.0,2.0,139.0
0.0,2.0,0.0,0.0,0.0,1.0,0.0,0.0,0.0,1.0,1.0,0.0,0.0,0.0,0.0,0.0,0.0,0.0,10.0,1.0,33.0,3.0,3.0,4.0,3.0,0.0,15.0,1.0,2.0,123.0
0.0,2.0,0.0,0.0,0.0,1.0,0.0,0.0,0.0,1.0,0.0,0.0,0.0,0.0,0.0,1.0,0.0,1.0,4.0,3.0,26.0,3.0,3.0,4.0,2.0,1.0,22.0,0.0,2.0,131.0
1.0,0.0,0.0,0.0,0.0,0.0,1.0,0.0,0.0,1.0,0.0,0.0,0.0,1.0,0.0,0.0,0.0,0.0,23.0,1.0,6.0,2.0,4.0,3.0,3.0,0.0,15.0,0.0,2.0,137.0
0.0,1.0,0.0,0.0,1.0,0.0,0.0,0.0,0.0,1.0,0.0,0.0,0.0,1.0,0.0,0.0,0.0,0.0,26.0,1.0,19.0,2.0,2.0,5.0,2.0,0.0,11.0,1.0,3.0,145.0
0.0,0.0,0.0,0.0,0.0,1.0,0.0,0.0,0.0,1.0,1.0,0.0,0.0,0.0,0.0,0.0,0.0,0.0,6.0,1.0,20.0,3.0,3.0,4.0,2.0,0.0,13.0,0.0,6.0,128.0
1.0,0.0,0.0,0.0,1.0,0.0,0.0,1.0,0.0,0.0,0.0,0.0,0.0,0.0,1.0,0.0,0.0,0.0,7.0,1.0,8.0,2.0,4.0,3.0,2.0,0.0,17.0,0.0,9.0,195.0
0.0,2.0,0.0,0.0,0.0,1.0,0.0,0.0,0.0,1.0,1.0,0.0,0.0,0.0,0.0,0.0,0.0,0.0,10.0,1.0,15.0,2.0,3.0,4.0,2.0,0.0,16.0,1.0,3.0,123.0
1.0,0.0,0.0,0.0,1.0,0.0,0.0,0.0,1.0,0.0,0.0,0.0,0.0,0.0,1.0,0.0,0.0,1.0,0.0,1.0,29.0,2.0,4.0,3.0,4.0,1.0,13.0,1.0,1.0,159.0
1.0,1.0,0.0,0.0,0.0,1.0,0.0,1.0,0.0,0.0,1.0,0.0,0.0,0.0,0.0,0.0,0.0,0.0,10.0,1.0,13.0,2.0,2.0,2.0,5.0,0.0,14.0,0.0,2.0,121.0
1.0,0.0,0.0,0.0,0.0,0.0,1.0,0.0,0.0,1.0,0.0,0.0,0.0,0.0,1.0,0.0,0.0,0.0,10.0,1.0,27.0,3.0,2.0,5.0,2.0,1.0,12.0,0.0,7.0,136.0
0.0,2.0,0.0,0.0,1.0,0.0,0.0,1.0,0.0,0.0,0.0,0.0,0.0,1.0,0.0,0.0,0.0,0.0,8.0,1.0,8.0,2.0,3.0,4.0,6.0,0.0,11.0,1.0,2.0,144.0
0.0,1.0,0.0,0.0,1.0,0.0,0.0,1.0,0.0,0.0,0.0,0.0,0.0,1.0,0.0,0.0,0.0,0.0,15.0,1.0,27.0,2.0,3.0,3.0,3.0,0.0,16.0,0.0,2.0,153.0
1.0,0.0,0.0,0.0,1.0,0.0,0.0,0.0,1.0,0.0,0.0,0.0,0.0,0.0,1.0,0.0,0.0,0.0,11.0,1.0,8.0,2.0,3.0,3.0,10.0,0.0,14.0,0.0,0.0,166.0
1.0,0.0,0.0,0.0,1.0,0.0,0.0,0.0,1.0,0.0,0.0,1.0,0.0,0.0,0.0,0.0,0.0,0.0,11.0,1.0,35.0,2.0,3.0,2.0,4.0,0.0,18.0,0.0,7.0,163.0
1.0,0.0,0.0,0.0,1.0,0.0,0.0,1.0,0.0,0.0,0.0,1.0,0.0,0.0,0.0,0.0,0.0,0.0,0.0,1.0,6.0,2.0,4.0,5.0,6.0,0.0,19.0,0.0,0.0,143.0
1.0,1.0,0.0,0.0,1.0,0.0,0.0,1.0,0.0,0.0,0.0,0.0,0.0,0.0,1.0,0.0,0.0,0.0,22.0,1.0,24.0,3.0,3.0,2.0,2.0,1.0,15.0,0.0,7.0,168.0
1.0,1.0,0.0,0.0,0.0,0.0,1.0,1.0,0.0,0.0,0.0,0.0,0.0,1.0,0.0,0.0,0.0,0.0,7.0,1.0,16.0,2.0,3.0,3.0,2.0,1.0,17.0,2.0,0.0,138.0
1.0,0.0,0.0,0.0,1.0,0.0,0.0,0.0,0.0,1.0,1.0,0.0,0.0,0.0,0.0,0.0,0.0,0.0,13.0,1.0,25.0,3.0,3.0,2.0,9.0,1.0,15.0,1.0,7.0,127.0
1.0,0.0,0.0,0.0,1.0,0.0,0.0,0.0,1.0,0.0,0.0,0.0,0.0,1.0,0.0,0.0,0.0,1.0,1.0,1.0,35.0,3.0,3.0,5.0,8.0,1.0,19.0,0.0,0.0,167.0
0.0,0.0,1.0,0.0,0.0,0.0,0.0,0.0,1.0,0.0,0.0,0.0,0.0,0.0,0.0,1.0,0.0,1.0,0.0,3.0,33.0,2.0,3.0,2.0,2.0,0.0,22.0,1.0,9.0,176.0
1.0,1.0,0.0,0.0,0.0,1.0,0.0,0.0,0.0,1.0,0.0,0.0,0.0,0.0,1.0,0.0,0.0,0.0,0.0,1.0,16.0,2.0,2.0,4.0,2.0,1.0,16.0,0.0,2.0,123.0
0.0,2.0,0.0,0.0,0.0,1.0,0.0,1.0,0.0,0.0,1.0,0.0,0.0,0.0,0.0,0.0,0.0,0.0,10.0,1.0,24.0,3.0,3.0,2.0,2.0,0.0,13.0,1.0,7.0,122.0
1.0,0.0,0.0,0.0,1.0,0.0,0.0,1.0,0.0,0.0,0.0,0.0,0.0,0.0,1.0,0.0,0.0,0.0,13.0,1.0,15.0,3.0,4.0,2.0,10.0,0.0,14.0,1.0,2.0,149.0
1.0,1.0,1.0,0.0,0.0,0.0,0.0,0.0,1.0,0.0,0.0,0.0,0.0,1.0,0.0,0.0,0.0,0.0,19.0,1.0,6.0,3.0,3.0,5.0,8.0,0.0,16.0,0.0,3.0,194.0
1.0,2.0,1.0,0.0,0.0,0.0,0.0,1.0,0.0,0.0,0.0,0.0,0.0,0.0,1.0,0.0,0.0,0.0,3.0,1.0,6.0,2.0,4.0,3.0,2.0,0.0,22.0,2.0,8.0,185.0
0.0,2.0,0.0,0.0,1.0,0.0,0.0,1.0,0.0,0.0,0.0,0.0,0.0,0.0,1.0,0.0,0.0,0.0,0.0,3.0,26.0,2.0,3.0,3.0,2.0,0.0,14.0,1.0,7.0,200.0
1.0,0.0,1.0,0.0,0.0,0.0,0.0,0.0,1.0,0.0,0.0,0.0,0.0,0.0,1.0,0.0,0.0,0.0,24.0,1.0,14.0,2.0,4.0,4.0,6.0,0.0,16.0,1.0,5.0,225.0
0.0,2.0,0.0,0.0,0.0,1.0,0.0,0.0,0.0,1.0,0.0,1.0,0.0,0.0,0.0,0.0,0.0,1.0,0.0,1.0,16.0,2.0,3.0,5.0,6.0,1.0,11.0,1.0,4.0,127.0
0.0,2.0,0.0,0.0,1.0,0.0,0.0,1.0,0.0,0.0,0.0,0.0,0.0,0.0,0.0,1.0,0.0,1.0,0.0,3.0,32.0,2.0,4.0,5.0,6.0,0.0,15.0,0.0,1.0,167.0
1.0,2.0,0.0,0.0,0.0,1.0,0.0,0.0,0.0,1.0,0.0,0.0,1.0,0.0,0.0,0.0,0.0,1.0,10.0,1.0,6.0,2.0,3.0,3.0,1.0,0.0,14.0,0.0,5.0,121.0
0.0,0.0,0.0,0.0,1.0,0.0,0.0,0.0,1.0,0.0,0.0,0.0,0.0,0.0,0.0,1.0,0.0,0.0,27.0,3.0,9.0,2.0,3.0,5.0,3.0,0.0,14.0,1.0,5.0,159.0
1.0,2.0,0.0,0.0,1.0,0.0,0.0,0.0,1.0,0.0,0.0,0.0,0.0,0.0,1.0,0.0,0.0,0.0,9.0,1.0,11.0,3.0,3.0,4.0,9.0,0.0,16.0,0.0,7.0,159.0
0.0,0.0,0.0,0.0,0.0,1.0,0.0,0.0,0.0,1.0,1.0,0.0,0.0,0.0,0.0,0.0,0.0,0.0,6.0,1.0,16.0,2.0,4.0,4.0,7.0,0.0,21.0,0.0,1.0,126.0
1.0,1.0,1.0,0.0,0.0,0.0,0.0,1.0,0.0,0.0,0.0,0.0,0.0,0.0,0.0,0.0,1.0,0.0,10.0,1.0,17.0,2.0,3.0,2.0,2.0,1.0,14.0,0.0,5.0,222.0
1.0,1.0,1.0,0.0,0.0,0.0,0.0,0.0,1.0,0.0,0.0,0.0,0.0,0.0,1.0,0.0,0.0,0.0,11.0,3.0,9.0,3.0,3.0,3.0,1.0,0.0,12.0,1.0,13.0,206.0
1.0,0.0,0.0,0.0,1.0,0.0,0.0,1.0,0.0,0.0,0.0,0.0,0.0,1.0,0.0,0.0,0.0,0.0,4.0,1.0,6.0,2.0,5.0,3.0,1.0,0.0,12.0,1.0,4.0,143.0
1.0,0.0,0.0,0.0,0.0,1.0,0.0,0.0,0.0,1.0,0.0,0.0,0.0,0.0,1.0,0.0,0.0,0.0,10.0,1.0,9.0,3.0,4.0,2.0,4.0,0.0,17.0,0.0,0.0,122.0
0.0,2.0,1.0,0.0,0.0,0.0,0.0,1.0,0.0,0.0,0.0,0.0,0.0,0.0,0.0,1.0,0.0,0.0,8.0,3.0,6.0,3.0,3.0,3.0,2.0,0.0,14.0,1.0,8.0,188.0
1.0,2.0,0.0,0.0,0.0,1.0,0.0,0.0,0.0,1.0,1.0,0.0,0.0,0.0,0.0,0.0,0.0,1.0,0.0,1.0,16.0,2.0,4.0,2.0,2.0,1.0,13.0,0.0,1.0,124.0
0.0,2.0,0.0,0.0,0.0,1.0,0.0,0.0,0.0,1.0,0.0,0.0,0.0,0.0,1.0,0.0,0.0,0.0,25.0,1.0,8.0,2.0,4.0,2.0,8.0,0.0,15.0,0.0,2.0,132.0
1.0,0.0,0.0,0.0,0.0,1.0,0.0,0.0,0.0,1.0,1.0,0.0,0.0,0.0,0.0,0.0,0.0,0.0,10.0,2.0,12.0,2.0,3.0,3.0,9.0,0.0,17.0,2.0,2.0,123.0
1.0,0.0,0.0,0.0,0.0,1.0,0.0,0.0,0.0,1.0,1.0,0.0,0.0,0.0,0.0,0.0,0.0,1.0,0.0,1.0,16.0,2.0,3.0,2.0,6.0,1.0,13.0,0.0,4.0,124.0
0.0,0.0,0.0,0.0,0.0,1.0,0.0,0.0,0.0,1.0,0.0,0.0,0.0,0.0,1.0,0.0,0.0,1.0,0.0,1.0,8.0,3.0,3.0,5.0,8.0,0.0,20.0,1.0,7.0,127.0
0.0,0.0,0.0,0.0,0.0,0.0,1.0,0.0,0.0,1.0,0.0,0.0,0.0,0.0,1.0,0.0,0.0,0.0,5.0,3.0,10.0,2.0,3.0,4.0,3.0,0.0,11.0,1.0,2.0,139.0
1.0,2.0,0.0,0.0,0.0,0.0,1.0,0.0,0.0,1.0,0.0,0.0,0.0,0.0,1.0,0.0,0.0,1.0,0.0,1.0,6.0,3.0,4.0,3.0,1.0,1.0,14.0,1.0,2.0,137.0
0.0,1.0,0.0,0.0,0.0,1.0,0.0,0.0,0.0,1.0,1.0,0.0,0.0,0.0,0.0,0.0,0.0,0.0,10.0,1.0,6.0,3.0,3.0,3.0,8.0,0.0,14.0,0.0,2.0,122.0
1.0,0.0,0.0,0.0,1.0,0.0,0.0,1.0,0.0,0.0,0.0,0.0,0.0,0.0,0.0,1.0,0.0,0.0,5.0,3.0,32.0,3.0,3.0,2.0,1.0,0.0,18.0,1.0,2.0,145.0
1.0,1.0,0.0,0.0,1.0,0.0,0.0,0.0,0.0,1.0,0.0,0.0,0.0,0.0,1.0,0.0,0.0,0.0,14.0,1.0,25.0,3.0,3.0,5.0,3.0,0.0,16.0,1.0,0.0,131.0
1.0,1.0,0.0,0.0,1.0,0.0,0.0,0.0,0.0,1.0,0.0,1.0,0.0,0.0,0.0,0.0,0.0,0.0,13.0,1.0,30.0,3.0,3.0,2.0,2.0,0.0,17.0,2.0,7.0,133.0
0.0,0.0,0.0,0.0,0.0,1.0,0.0,0.0,0.0,1.0,0.0,0.0,0.0,0.0,1.0,0.0,0.0,0.0,6.0,1.0,11.0,3.0,4.0,2.0,2.0,0.0,13.0,0.0,2.0,129.0
1.0,0.0,0.0,0.0,1.0,0.0,0.0,0.0,1.0,0.0,0.0,0.0,0.0,0.0,1.0,0.0,0.0,0.0,7.0,1.0,8.0,2.0,4.0,5.0,7.0,0.0,13.0,0.0,9.0,160.0
0.0,0.0,0.0,0.0,0.0,0.0,1.0,0.0,0.0,1.0,0.0,0.0,0.0,1.0,0.0,0.0,0.0,0.0,10.0,1.0,6.0,2.0,4.0,5.0,3.0,0.0,14.0,1.0,2.0,139.0
1.0,0.0,0.0,0.0,1.0,0.0,0.0,1.0,0.0,0.0,0.0,0.0,0.0,0.0,1.0,0.0,0.0,0.0,18.0,1.0,13.0,3.0,2.0,3.0,5.0,0.0,17.0,0.0,2.0,164.0
1.0,1.0,1.0,0.0,0.0,0.0,0.0,1.0,0.0,0.0,0.0,0.0,0.0,1.0,0.0,0.0,0.0,1.0,0.0,1.0,16.0,3.0,3.0,3.0,7.0,0.0,11.0,1.0,0.0,200.0
1.0,2.0,0.0,0.0,0.0,1.0,0.0,0.0,0.0,1.0,0.0,0.0,0.0,0.0,1.0,0.0,0.0,0.0,2.0,1.0,16.0,2.0,3.0,2.0,2.0,0.0,19.0,0.0,5.0,123.0
0.0,2.0,0.0,0.0,1.0,0.0,0.0,0.0,1.0,0.0,0.0,0.0,0.0,0.0,1.0,0.0,0.0,0.0,15.0,1.0,23.0,2.0,2.0,5.0,4.0,1.0,13.0,0.0,2.0,165.0
1.0,1.0,0.0,0.0,1.0,0.0,0.0,0.0,1.0,0.0,0.0,0.0,0.0,0.0,0.0,1.0,0.0,0.0,2.0,3.0,26.0,2.0,3.0,2.0,3.0,0.0,14.0,1.0,2.0,169.0
0.0,0.0,0.0,0.0,1.0,0.0,0.0,0.0,0.0,1.0,0.0,0.0,0.0,0.0,1.0,0.0,0.0,0.0,0.0,1.0,6.0,3.0,3.0,3.0,1.0,0.0,12.0,1.0,2.0,149.0
1.0,0.0,0.0,0.0,0.0,1.0,0.0,0.0,0.0,1.0,0.0,0.0,0.0,0.0,1.0,0.0,0.0,0.0,24.0,1.0,6.0,3.0,3.0,2.0,2.0,0.0,11.0,1.0,0.0,127.0
1.0,2.0,0.0,0.0,0.0,1.0,0.0,1.0,0.0,0.0,1.0,0.0,0.0,0.0,0.0,0.0,0.0,1.0,0.0,1.0,35.0,3.0,4.0,4.0,1.0,0.0,11.0,1.0,4.0,135.0
1.0,0.0,0.0,0.0,0.0,1.0,0.0,1.0,0.0,0.0,0.0,0.0,0.0,0.0,1.0,0.0,0.0,0.0,5.0,1.0,13.0,3.0,2.0,4.0,2.0,0.0,20.0,0.0,3.0,128.0
1.0,2.0,0.0,0.0,1.0,0.0,0.0,0.0,0.0,1.0,0.0,0.0,1.0,0.0,0.0,0.0,0.0,0.0,10.0,1.0,8.0,2.0,4.0,5.0,5.0,0.0,13.0,0.0,4.0,122.0
1.0,2.0,0.0,0.0,0.0,1.0,0.0,0.0,0.0,1.0,0.0,0.0,0.0,0.0,1.0,0.0,0.0,1.0,0.0,1.0,8.0,3.0,3.0,3.0,3.0,0.0,11.0,1.0,0.0,135.0
1.0,0.0,0.0,0.0,1.0,0.0,0.0,0.0,1.0,0.0,0.0,0.0,0.0,1.0,0.0,0.0,0.0,0.0,2.0,3.0,8.0,3.0,4.0,4.0,3.0,0.0,19.0,0.0,0.0,166.0
1.0,0.0,0.0,0.0,1.0,0.0,0.0,0.0,1.0,0.0,0.0,0.0,0.0,1.0,0.0,0.0,0.0,0.0,4.0,1.0,29.0,3.0,4.0,2.0,1.0,0.0,21.0,1.0,8.0,156.0
1.0,1.0,0.0,0.0,1.0,0.0,0.0,1.0,0.0,0.0,0.0,0.0,0.0,0.0,1.0,0.0,0.0,0.0,0.0,1.0,11.0,2.0,2.0,5.0,2.0,0.0,12.0,1.0,5.0,140.0
1.0,0.0,0.0,0.0,0.0,1.0,0.0,0.0,0.0,1.0,1.0,0.0,0.0,0.0,0.0,0.0,0.0,0.0,10.0,1.0,15.0,3.0,3.0,2.0,2.0,0.0,23.0,1.0,4.0,121.0
1.0,0.0,0.0,0.0,1.0,0.0,0.0,0.0,1.0,0.0,0.0,0.0,0.0,1.0,0.0,0.0,0.0,0.0,10.0,3.0,12.0,3.0,3.0,2.0,5.0,0.0,14.0,0.0,1.0,165.0
1.0,2.0,0.0,0.0,0.0,1.0,0.0,0.0,0.0,1.0,1.0,0.0,0.0,0.0,0.0,0.0,0.0,0.0,0.0,1.0,9.0,3.0,4.0,3.0,2.0,0.0,17.0,1.0,0.0,132.0
0.0,1.0,0.0,0.0,1.0,0.0,0.0,0.0,1.0,0.0,0.0,0.0,0.0,1.0,0.0,0.0,0.0,0.0,11.0,3.0,13.0,2.0,2.0,5.0,2.0,1.0,24.0,0.0,7.0,156.0
0.0,1.0,0.0,0.0,1.0,0.0,0.0,1.0,0.0,0.0,0.0,0.0,0.0,0.0,1.0,0.0,0.0,0.0,0.0,1.0,6.0,2.0,3.0,4.0,2.0,0.0,20.0,0.0,4.0,164.0
1.0,2.0,0.0,0.0,1.0,0.0,0.0,1.0,0.0,0.0,0.0,0.0,0.0,0.0,1.0,0.0,0.0,0.0,2.0,3.0,8.0,2.0,3.0,2.0,2.0,0.0,18.0,0.0,9.0,146.0
1.0,0.0,0.0,0.0,1.0,0.0,0.0,0.0,1.0,0.0,0.0,1.0,0.0,0.0,0.0,0.0,0.0,0.0,28.0,1.0,26.0,2.0,3.0,2.0,4.0,1.0,19.0,1.0,8.0,154.0
1.0,0.0,0.0,0.0,1.0,0.0,0.0,1.0,0.0,0.0,0.0,0.0,0.0,1.0,0.0,0.0,0.0,0.0,0.0,1.0,17.0,2.0,3.0,5.0,2.0,1.0,13.0,2.0,3.0,147.0
0.0,2.0,0.0,0.0,0.0,1.0,0.0,0.0,0.0,1.0,0.0,0.0,0.0,0.0,1.0,0.0,0.0,0.0,10.0,1.0,6.0,2.0,3.0,2.0,2.0,0.0,12.0,1.0,7.0,121.0
1.0,1.0,0.0,0.0,0.0,1.0,0.0,1.0,0.0,0.0,0.0,0.0,0.0,0.0,1.0,0.0,0.0,1.0,7.0,1.0,30.0,3.0,3.0,3.0,4.0,1.0,22.0,0.0,0.0,132.0
1.0,1.0,0.0,0.0,1.0,0.0,0.0,0.0,1.0,0.0,0.0,0.0,0.0,0.0,1.0,0.0,0.0,0.0,11.0,1.0,29.0,2.0,3.0,2.0,10.0,0.0,14.0,0.0,2.0,157.0
1.0,1.0,0.0,0.0,0.0,1.0,0.0,0.0,0.0,1.0,1.0,0.0,0.0,0.0,0.0,0.0,0.0,1.0,0.0,1.0,16.0,2.0,3.0,4.0,3.0,1.0,13.0,1.0,2.0,124.0
0.0,2.0,0.0,0.0,0.0,1.0,0.0,0.0,0.0,1.0,0.0,0.0,0.0,0.0,1.0,0.0,0.0,0.0,1.0,1.0,14.0,3.0,3.0,2.0,2.0,0.0,21.0,0.0,2.0,133.0
0.0,1.0,0.0,0.0,0.0,1.0,0.0,1.0,0.0,0.0,0.0,0.0,0.0,0.0,0.0,1.0,0.0,0.0,4.0,3.0,11.0,3.0,3.0,4.0,2.0,0.0,11.0,0.0,2.0,128.0
1.0,0.0,0.0,0.0,0.0,1.0,0.0,1.0,0.0,0.0,1.0,0.0,0.0,0.0,0.0,0.0,0.0,0.0,10.0,1.0,16.0,2.0,3.0,2.0,2.0,1.0,12.0,0.0,2.0,123.0
1.0,2.0,0.0,0.0,0.0,0.0,1.0,0.0,1.0,0.0,0.0,0.0,0.0,0.0,1.0,0.0,0.0,1.0,10.0,1.0,9.0,2.0,3.0,3.0,2.0,0.0,13.0,0.0,0.0,114.0
1.0,0.0,1.0,0.0,0.0,0.0,0.0,0.0,1.0,0.0,0.0,0.0,0.0,0.0,0.0,1.0,0.0,0.0,8.0,3.0,22.0,3.0,3.0,4.0,1.0,0.0,15.0,3.0,9.0,180.0
1.0,0.0,0.0,0.0,0.0,0.0,1.0,1.0,0.0,0.0,0.0,0.0,0.0,0.0,1.0,0.0,0.0,0.0,9.0,1.0,24.0,2.0,2.0,2.0,5.0,0.0,18.0,0.0,0.0,137.0
1.0,1.0,0.0,0.0,1.0,0.0,0.0,0.0,1.0,0.0,0.0,0.0,0.0,1.0,0.0,0.0,0.0,0.0,24.0,1.0,8.0,2.0,5.0,4.0,6.0,0.0,18.0,0.0,2.0,155.0
0.0,2.0,0.0,0.0,0.0,0.0,1.0,0.0,1.0,0.0,0.0,0.0,0.0,1.0,0.0,0.0,0.0,0.0,0.0,3.0,16.0,3.0,4.0,3.0,2.0,0.0,12.0,1.0,0.0,112.0
1.0,2.0,0.0,0.0,1.0,0.0,0.0,0.0,1.0,0.0,0.0,0.0,0.0,1.0,0.0,0.0,0.0,0.0,1.0,1.0,22.0,3.0,2.0,5.0,1.0,0.0,19.0,0.0,7.0,157.0
1.0,0.0,0.0,0.0,1.0,0.0,0.0,0.0,1.0,0.0,0.0,1.0,0.0,0.0,0.0,0.0,0.0,0.0,4.0,3.0,13.0,3.0,2.0,2.0,5.0,0.0,11.0,3.0,7.0,169.0
1.0,1.0,1.0,0.0,0.0,0.0,0.0,0.0,1.0,0.0,0.0,0.0,0.0,1.0,0.0,0.0,0.0,0.0,12.0,1.0,6.0,2.0,2.0,2.0,1.0,0.0,17.0,3.0,7.0,196.0
0.0,0.0,0.0,0.0,1.0,0.0,0.0,1.0,0.0,0.0,0.0,0.0,0.0,0.0,1.0,0.0,0.0,0.0,9.0,1.0,30.0,2.0,3.0,4.0,8.0,0.0,15.0,0.0,8.0,157.0
1.0,0.0,0.0,0.0,1.0,0.0,0.0,0.0,1.0,0.0,0.0,0.0,0.0,0.0,1.0,0.0,0.0,0.0,5.0,3.0,13.0,3.0,4.0,3.0,2.0,0.0,14.0,1.0,8.0,155.0
0.0,0.0,1.0,0.0,0.0,0.0,0.0,0.0,1.0,0.0,0.0,0.0,0.0,0.0,1.0,0.0,0.0,0.0,11.0,1.0,31.0,2.0,4.0,4.0,4.0,0.0,17.0,1.0,5.0,221.0
1.0,1.0,0.0,0.0,1.0,0.0,0.0,1.0,0.0,0.0,0.0,0.0,0.0,0.0,1.0,0.0,0.0,0.0,30.0,1.0,6.0,2.0,5.0,3.0,3.0,1.0,13.0,1.0,2.0,157.0
1.0,0.0,0.0,0.0,0.0,0.0,1.0,0.0,0.0,1.0,0.0,1.0,0.0,0.0,0.0,0.0,0.0,0.0,4.0,1.0,11.0,2.0,3.0,2.0,1.0,1.0,12.0,0.0,3.0,148.0
1.0,0.0,0.0,0.0,1.0,0.0,0.0,0.0,1.0,0.0,0.0,0.0,0.0,0.0,0.0,0.0,1.0,0.0,4.0,2.0,8.0,3.0,4.0,5.0,4.0,0.0,12.0,0.0,0.0,164.0
1.0,1.0,0.0,0.0,0.0,1.0,0.0,0.0,0.0,1.0,0.0,0.0,0.0,0.0,1.0,0.0,0.0,0.0,4.0,1.0,8.0,3.0,3.0,2.0,1.0,1.0,18.0,1.0,2.0,127.0
0.0,0.0,1.0,0.0,0.0,0.0,0.0,1.0,0.0,0.0,0.0,0.0,0.0,0.0,1.0,0.0,0.0,0.0,6.0,1.0,11.0,3.0,3.0,4.0,7.0,0.0,11.0,2.0,5.0,219.0
0.0,2.0,0.0,0.0,0.0,1.0,0.0,1.0,0.0,0.0,0.0,0.0,0.0,0.0,1.0,0.0,0.0,0.0,16.0,1.0,16.0,2.0,3.0,2.0,1.0,0.0,19.0,0.0,7.0,125.0
0.0,2.0,0.0,0.0,0.0,1.0,0.0,0.0,0.0,1.0,0.0,0.0,0.0,0.0,1.0,0.0,0.0,0.0,0.0,1.0,16.0,2.0,3.0,4.0,2.0,1.0,12.0,0.0,2.0,125.0
1.0,2.0,0.0,0.0,1.0,0.0,0.0,0.0,0.0,1.0,0.0,0.0,0.0,0.0,1.0,0.0,0.0,0.0,0.0,3.0,8.0,3.0,3.0,3.0,2.0,1.0,11.0,1.0,4.0,145.0
1.0,1.0,0.0,0.0,1.0,0.0,0.0,0.0,1.0,0.0,0.0,0.0,0.0,0.0,0.0,1.0,0.0,0.0,4.0,3.0,13.0,3.0,3.0,2.0,5.0,0.0,12.0,0.0,7.0,175.0
0.0,2.0,0.0,0.0,1.0,0.0,0.0,0.0,1.0,0.0,0.0,0.0,0.0,1.0,0.0,0.0,0.0,0.0,5.0,1.0,8.0,3.0,2.0,2.0,8.0,0.0,16.0,1.0,7.0,151.0
1.0,0.0,0.0,0.0,0.0,1.0,0.0,0.0,0.0,1.0,1.0,0.0,0.0,0.0,0.0,0.0,0.0,1.0,0.0,1.0,8.0,2.0,5.0,2.0,6.0,1.0,13.0,2.0,2.0,135.0
0.0,0.0,0.0,0.0,1.0,0.0,0.0,0.0,1.0,0.0,0.0,0.0,0.0,1.0,0.0,0.0,0.0,0.0,3.0,1.0,34.0,3.0,3.0,2.0,2.0,0.0,13.0,0.0,9.0,158.0
0.0,0.0,1.0,0.0,0.0,0.0,0.0,1.0,0.0,0.0,0.0,0.0,0.0,0.0,1.0,0.0,0.0,0.0,4.0,1.0,13.0,2.0,4.0,3.0,2.0,0.0,24.0,3.0,9.0,189.0
0.0,0.0,0.0,0.0,1.0,0.0,0.0,0.0,1.0,0.0,0.0,0.0,0.0,1.0,0.0,0.0,0.0,1.0,2.0,3.0,9.0,2.0,3.0,3.0,5.0,1.0,18.0,1.0,0.0,152.0
1.0,2.0,0.0,0.0,1.0,0.0,0.0,1.0,0.0,0.0,0.0,0.0,0.0,0.0,0.0,1.0,0.0,0.0,6.0,3.0,16.0,2.0,4.0,2.0,4.0,0.0,14.0,1.0,1.0,147.0
0.0,1.0,0.0,0.0,1.0,0.0,0.0,1.0,0.0,0.0,0.0,0.0,0.0,0.0,1.0,0.0,0.0,0.0,16.0,1.0,16.0,2.0,4.0,3.0,2.0,0.0,11.0,0.0,0.0,153.0
1.0,0.0,0.0,0.0,1.0,0.0,0.0,1.0,0.0,0.0,0.0,0.0,0.0,0.0,0.0,1.0,0.0,0.0,0.0,3.0,6.0,3.0,3.0,4.0,1.0,1.0,13.0,0.0,4.0,163.0
0.0,2.0,0.0,0.0,1.0,0.0,0.0,1.0,0.0,0.0,0.0,0.0,0.0,0.0,1.0,0.0,0.0,0.0,27.0,1.0,26.0,2.0,3.0,3.0,4.0,0.0,12.0,1.0,3.0,149.0
0.0,0.0,1.0,0.0,0.0,0.0,0.0,0.0,1.0,0.0,0.0,0.0,0.0,0.0,1.0,0.0,0.0,0.0,16.0,1.0,13.0,2.0,3.0,5.0,9.0,0.0,16.0,1.0,0.0,200.0
1.0,0.0,0.0,0.0,1.0,0.0,0.0,0.0,1.0,0.0,0.0,0.0,0.0,1.0,0.0,0.0,0.0,0.0,13.0,3.0,6.0,2.0,5.0,2.0,3.0,1.0,22.0,1.0,2.0,175.0
1.0,0.0,0.0,0.0,0.0,1.0,0.0,0.0,0.0,1.0,0.0,0.0,0.0,0.0,0.0,0.0,1.0,1.0,10.0,1.0,14.0,3.0,5.0,5.0,2.0,1.0,11.0,1.0,7.0,121.0
1.0,2.0,0.0,0.0,0.0,0.0,1.0,0.0,0.0,1.0,0.0,0.0,0.0,0.0,0.0,0.0,1.0,0.0,2.0,1.0,15.0,1.0,4.0,2.0,1.0,0.0,17.0,2.0,2.0,140.0
0.0,1.0,0.0,0.0,1.0,0.0,0.0,0.0,1.0,0.0,0.0,0.0,0.0,0.0,0.0,1.0,0.0,0.0,3.0,3.0,11.0,1.0,4.0,3.0,2.0,0.0,13.0,0.0,2.0,161.0
0.0,0.0,0.0,0.0,1.0,0.0,0.0,0.0,1.0,0.0,0.0,0.0,0.0,0.0,0.0,1.0,0.0,0.0,0.0,3.0,14.0,2.0,3.0,4.0,2.0,0.0,18.0,0.0,7.0,162.0
1.0,1.0,0.0,0.0,1.0,0.0,0.0,0.0,1.0,0.0,0.0,0.0,0.0,1.0,0.0,0.0,0.0,0.0,10.0,1.0,11.0,3.0,3.0,2.0,8.0,0.0,16.0,0.0,4.0,163.0
1.0,1.0,1.0,0.0,0.0,0.0,0.0,0.0,1.0,0.0,0.0,0.0,0.0,0.0,1.0,0.0,0.0,0.0,11.0,1.0,21.0,3.0,4.0,2.0,1.0,1.0,14.0,1.0,5.0,215.0
0.0,2.0,1.0,0.0,0.0,0.0,0.0,0.0,1.0,0.0,0.0,0.0,0.0,1.0,0.0,0.0,0.0,0.0,4.0,1.0,13.0,2.0,3.0,2.0,2.0,1.0,14.0,2.0,10.0,171.0
0.0,1.0,0.0,0.0,1.0,0.0,0.0,0.0,1.0,0.0,0.0,0.0,0.0,0.0,0.0,1.0,0.0,0.0,2.0,3.0,16.0,2.0,4.0,4.0,2.0,1.0,14.0,0.0,7.0,183.0
1.0,2.0,1.0,0.0,0.0,0.0,0.0,0.0,1.0,0.0,0.0,1.0,0.0,0.0,0.0,0.0,0.0,0.0,8.0,1.0,11.0,3.0,3.0,4.0,1.0,0.0,13.0,0.0,13.0,181.0
1.0,1.0,0.0,0.0,0.0,1.0,0.0,0.0,0.0,1.0,0.0,0.0,0.0,0.0,1.0,0.0,0.0,0.0,0.0,1.0,32.0,3.0,3.0,2.0,2.0,0.0,12.0,1.0,2.0,129.0
1.0,2.0,0.0,0.0,1.0,0.0,0.0,0.0,1.0,0.0,0.0,0.0,0.0,1.0,0.0,0.0,0.0,0.0,14.0,1.0,12.0,3.0,4.0,4.0,7.0,1.0,15.0,1.0,2.0,160.0
1.0,2.0,0.0,0.0,1.0,0.0,0.0,1.0,0.0,0.0,1.0,0.0,0.0,0.0,0.0,0.0,0.0,0.0,20.0,3.0,10.0,3.0,3.0,3.0,4.0,0.0,19.0,0.0,0.0,130.0
1.0,0.0,0.0,0.0,1.0,0.0,0.0,1.0,0.0,0.0,0.0,0.0,0.0,0.0,1.0,0.0,0.0,0.0,2.0,3.0,8.0,3.0,3.0,3.0,2.0,0.0,14.0,1.0,2.0,146.0
1.0,1.0,0.0,0.0,0.0,1.0,0.0,0.0,0.0,1.0,0.0,1.0,0.0,0.0,0.0,0.0,0.0,0.0,15.0,2.0,8.0,3.0,3.0,3.0,1.0,1.0,11.0,1.0,0.0,127.0
0.0,0.0,0.0,0.0,0.0,1.0,0.0,0.0,0.0,1.0,1.0,0.0,0.0,0.0,0.0,0.0,0.0,0.0,5.0,1.0,16.0,3.0,3.0,4.0,2.0,0.0,13.0,0.0,7.0,124.0
0.0,0.0,1.0,0.0,0.0,0.0,0.0,0.0,1.0,0.0,0.0,0.0,0.0,1.0,0.0,0.0,0.0,0.0,21.0,3.0,35.0,3.0,3.0,3.0,4.0,0.0,21.0,0.0,5.0,225.0
1.0,1.0,0.0,0.0,1.0,0.0,0.0,0.0,1.0,0.0,0.0,0.0,0.0,1.0,0.0,0.0,0.0,0.0,10.0,1.0,12.0,2.0,2.0,5.0,5.0,1.0,13.0,2.0,7.0,160.0
0.0,0.0,0.0,0.0,1.0,0.0,0.0,1.0,0.0,0.0,0.0,1.0,0.0,0.0,0.0,0.0,0.0,0.0,3.0,3.0,31.0,2.0,3.0,3.0,8.0,1.0,12.0,1.0,2.0,147.0
1.0,0.0,0.0,0.0,1.0,0.0,0.0,0.0,1.0,0.0,0.0,0.0,0.0,0.0,1.0,0.0,0.0,0.0,0.0,3.0,6.0,2.0,3.0,3.0,2.0,0.0,17.0,2.0,7.0,153.0
1.0,2.0,0.0,0.0,1.0,0.0,0.0,0.0,1.0,0.0,0.0,0.0,0.0,0.0,0.0,0.0,1.0,0.0,15.0,1.0,8.0,3.0,4.0,2.0,4.0,0.0,23.0,0.0,0.0,168.0
0.0,2.0,0.0,0.0,0.0,1.0,0.0,1.0,0.0,0.0,0.0,0.0,1.0,0.0,0.0,0.0,0.0,1.0,10.0,3.0,6.0,2.0,4.0,4.0,2.0,1.0,11.0,1.0,2.0,122.0
0.0,2.0,0.0,0.0,1.0,0.0,0.0,1.0,0.0,0.0,0.0,0.0,0.0,1.0,0.0,0.0,0.0,0.0,9.0,3.0,6.0,2.0,3.0,2.0,5.0,0.0,15.0,1.0,0.0,167.0
1.0,0.0,1.0,0.0,0.0,0.0,0.0,1.0,0.0,0.0,0.0,0.0,0.0,1.0,0.0,0.0,0.0,0.0,9.0,3.0,9.0,2.0,4.0,2.0,5.0,0.0,11.0,0.0,12.0,197.0
1.0,0.0,0.0,0.0,1.0,0.0,0.0,0.0,1.0,0.0,0.0,0.0,0.0,1.0,0.0,0.0,0.0,0.0,30.0,1.0,6.0,2.0,3.0,3.0,3.0,0.0,11.0,1.0,2.0,168.0
0.0,0.0,0.0,0.0,0.0,1.0,0.0,0.0,0.0,1.0,0.0,0.0,0.0,0.0,1.0,0.0,0.0,0.0,10.0,1.0,16.0,2.0,2.0,3.0,4.0,1.0,13.0,0.0,7.0,122.0
1.0,2.0,0.0,0.0,0.0,1.0,0.0,1.0,0.0,0.0,1.0,0.0,0.0,0.0,0.0,0.0,0.0,0.0,0.0,3.0,16.0,2.0,3.0,2.0,2.0,0.0,24.0,0.0,2.0,126.0
0.0,2.0,0.0,0.0,0.0,1.0,0.0,0.0,0.0,1.0,0.0,0.0,0.0,0.0,0.0,1.0,0.0,1.0,0.0,3.0,11.0,3.0,3.0,3.0,2.0,1.0,13.0,1.0,0.0,129.0
0.0,0.0,0.0,0.0,0.0,1.0,0.0,0.0,0.0,1.0,1.0,0.0,0.0,0.0,0.0,0.0,0.0,0.0,10.0,1.0,16.0,3.0,3.0,5.0,7.0,0.0,20.0,1.0,3.0,135.0
0.0,0.0,0.0,0.0,1.0,0.0,0.0,1.0,0.0,0.0,0.0,0.0,0.0,1.0,0.0,0.0,0.0,0.0,19.0,1.0,13.0,1.0,3.0,3.0,3.0,0.0,14.0,0.0,0.0,153.0
1.0,2.0,1.0,0.0,0.0,0.0,0.0,0.0,1.0,0.0,0.0,0.0,1.0,0.0,0.0,0.0,0.0,0.0,23.0,1.0,16.0,3.0,4.0,2.0,7.0,0.0,15.0,0.0,3.0,205.0
1.0,0.0,0.0,0.0,1.0,0.0,0.0,0.0,1.0,0.0,0.0,0.0,0.0,0.0,0.0,1.0,0.0,1.0,3.0,3.0,28.0,3.0,4.0,3.0,3.0,1.0,12.0,1.0,0.0,164.0
1.0,2.0,0.0,0.0,0.0,1.0,0.0,0.0,0.0,1.0,0.0,0.0,0.0,0.0,1.0,0.0,0.0,0.0,4.0,1.0,16.0,2.0,4.0,4.0,1.0,1.0,16.0,1.0,2.0,127.0
0.0,2.0,0.0,0.0,0.0,1.0,0.0,0.0,0.0,1.0,0.0,0.0,0.0,0.0,1.0,0.0,0.0,1.0,0.0,3.0,18.0,3.0,2.0,4.0,2.0,0.0,15.0,0.0,0.0,127.0
1.0,2.0,0.0,0.0,0.0,1.0,0.0,0.0,0.0,1.0,0.0,0.0,0.0,0.0,1.0,0.0,0.0,0.0,10.0,1.0,29.0,2.0,3.0,2.0,10.0,0.0,16.0,1.0,2.0,122.0
1.0,2.0,0.0,0.0,1.0,0.0,0.0,0.0,1.0,0.0,0.0,0.0,0.0,0.0,1.0,0.0,0.0,0.0,8.0,1.0,15.0,3.0,4.0,4.0,10.0,0.0,19.0,1.0,0.0,165.0
1.0,1.0,0.0,0.0,0.0,0.0,1.0,0.0,0.0,1.0,0.0,0.0,0.0,1.0,0.0,0.0,0.0,0.0,0.0,1.0,6.0,2.0,3.0,4.0,2.0,0.0,11.0,0.0,4.0,138.0
1.0,2.0,0.0,0.0,1.0,0.0,0.0,0.0,1.0,0.0,0.0,0.0,0.0,0.0,1.0,0.0,0.0,0.0,1.0,3.0,15.0,3.0,3.0,2.0,2.0,0.0,16.0,1.0,7.0,153.0
1.0,2.0,1.0,0.0,0.0,0.0,0.0,0.0,0.0,1.0,0.0,0.0,0.0,0.0,0.0,0.0,1.0,0.0,22.0,1.0,13.0,2.0,4.0,3.0,9.0,0.0,24.0,1.0,0.0,145.0
0.0,0.0,0.0,0.0,1.0,0.0,0.0,0.0,0.0,1.0,0.0,0.0,0.0,0.0,1.0,0.0,0.0,0.0,24.0,3.0,20.0,2.0,3.0,2.0,5.0,0.0,11.0,0.0,7.0,149.0
0.0,0.0,0.0,0.0,0.0,1.0,0.0,0.0,0.0,1.0,0.0,0.0,0.0,0.0,1.0,0.0,0.0,0.0,9.0,1.0,16.0,3.0,3.0,3.0,5.0,0.0,13.0,1.0,2.0,125.0
1.0,2.0,0.0,0.0,1.0,0.0,0.0,1.0,0.0,0.0,0.0,0.0,0.0,0.0,0.0,1.0,0.0,1.0,0.0,3.0,25.0,3.0,2.0,2.0,9.0,1.0,13.0,1.0,4.0,153.0
0.0,1.0,0.0,0.0,1.0,0.0,0.0,0.0,0.0,1.0,0.0,0.0,0.0,0.0,0.0,1.0,0.0,0.0,0.0,3.0,16.0,3.0,3.0,3.0,2.0,1.0,12.0,0.0,3.0,143.0
1.0,0.0,0.0,0.0,0.0,1.0,0.0,0.0,0.0,1.0,0.0,1.0,0.0,0.0,0.0,0.0,0.0,0.0,3.0,3.0,16.0,3.0,3.0,4.0,2.0,0.0,18.0,1.0,0.0,125.0
1.0,2.0,0.0,0.0,0.0,1.0,0.0,1.0,0.0,0.0,0.0,1.0,0.0,0.0,0.0,0.0,0.0,1.0,0.0,1.0,9.0,3.0,3.0,5.0,1.0,0.0,22.0,0.0,4.0,131.0
0.0,0.0,0.0,0.0,0.0,1.0,0.0,0.0,0.0,1.0,1.0,0.0,0.0,0.0,0.0,0.0,0.0,0.0,10.0,1.0,17.0,2.0,3.0,4.0,2.0,0.0,13.0,1.0,2.0,122.0
0.0,1.0,0.0,0.0,1.0,0.0,0.0,0.0,1.0,0.0,0.0,0.0,0.0,0.0,0.0,1.0,0.0,0.0,13.0,3.0,8.0,2.0,3.0,4.0,8.0,0.0,12.0,0.0,3.0,157.0
0.0,1.0,0.0,0.0,0.0,1.0,0.0,0.0,0.0,1.0,0.0,0.0,0.0,0.0,1.0,0.0,0.0,0.0,15.0,1.0,16.0,3.0,3.0,5.0,4.0,0.0,16.0,1.0,2.0,126.0
1.0,2.0,0.0,0.0,1.0,0.0,0.0,0.0,0.0,1.0,0.0,0.0,0.0,0.0,1.0,0.0,0.0,0.0,10.0,1.0,16.0,2.0,3.0,4.0,3.0,1.0,12.0,0.0,1.0,142.0
0.0,0.0,0.0,0.0,1.0,0.0,0.0,0.0,0.0,1.0,1.0,0.0,0.0,0.0,0.0,0.0,0.0,0.0,13.0,1.0,8.0,3.0,4.0,3.0,7.0,0.0,22.0,1.0,0.0,134.0
0.0,0.0,0.0,0.0,1.0,0.0,0.0,1.0,0.0,0.0,0.0,0.0,0.0,0.0,0.0,1.0,0.0,0.0,7.0,3.0,10.0,3.0,3.0,3.0,10.0,0.0,15.0,1.0,2.0,165.0
0.0,0.0,0.0,0.0,1.0,0.0,0.0,0.0,0.0,1.0,0.0,0.0,0.0,1.0,0.0,0.0,0.0,0.0,4.0,1.0,13.0,2.0,3.0,5.0,2.0,0.0,12.0,3.0,12.0,143.0
1.0,0.0,0.0,0.0,0.0,1.0,0.0,1.0,0.0,0.0,1.0,0.0,0.0,0.0,0.0,0.0,0.0,0.0,10.0,1.0,27.0,3.0,3.0,2.0,8.0,0.0,20.0,0.0,2.0,123.0
0.0,1.0,0.0,0.0,1.0,0.0,0.0,0.0,0.0,1.0,0.0,0.0,0.0,0.0,0.0,0.0,1.0,0.0,16.0,1.0,14.0,3.0,3.0,3.0,5.0,1.0,14.0,0.0,2.0,145.0
0.0,2.0,0.0,0.0,1.0,0.0,0.0,0.0,0.0,1.0,0.0,0.0,0.0,0.0,1.0,0.0,0.0,0.0,0.0,3.0,10.0,2.0,4.0,2.0,2.0,1.0,11.0,0.0,3.0,145.0
0.0,0.0,0.0,0.0,1.0,0.0,0.0,1.0,0.0,0.0,0.0,0.0,0.0,1.0,0.0,0.0,0.0,0.0,10.0,1.0,31.0,3.0,3.0,3.0,4.0,1.0,15.0,3.0,7.0,144.0
1.0,0.0,0.0,0.0,0.0,1.0,0.0,0.0,0.0,1.0,0.0,0.0,0.0,0.0,1.0,0.0,0.0,0.0,10.0,1.0,6.0,3.0,4.0,5.0,2.0,0.0,12.0,0.0,2.0,122.0
0.0,2.0,0.0,0.0,1.0,0.0,0.0,0.0,1.0,0.0,0.0,1.0,0.0,0.0,0.0,0.0,0.0,0.0,3.0,3.0,18.0,2.0,3.0,3.0,1.0,0.0,11.0,3.0,4.0,166.0
1.0,0.0,1.0,0.0,0.0,0.0,0.0,0.0,1.0,0.0,0.0,0.0,0.0,0.0,0.0,1.0,0.0,0.0,14.0,3.0,6.0,2.0,2.0,5.0,2.0,0.0,16.0,1.0,7.0,184.0
1.0,1.0,0.0,0.0,1.0,0.0,0.0,0.0,0.0,1.0,0.0,0.0,0.0,1.0,0.0,0.0,0.0,0.0,1.0,1.0,23.0,3.0,3.0,5.0,2.0,0.0,12.0,0.0,8.0,146.0
1.0,0.0,0.0,0.0,0.0,0.0,1.0,0.0,0.0,1.0,0.0,0.0,0.0,1.0,0.0,0.0,0.0,1.0,0.0,1.0,9.0,3.0,3.0,5.0,6.0,0.0,13.0,1.0,2.0,140.0
1.0,0.0,1.0,0.0,0.0,0.0,0.0,0.0,1.0,0.0,0.0,0.0,0.0,1.0,0.0,0.0,0.0,0.0,25.0,1.0,9.0,2.0,4.0,3.0,3.0,1.0,14.0,0.0,4.0,180.0
1.0,0.0,0.0,0.0,0.0,1.0,0.0,0.0,0.0,1.0,0.0,0.0,0.0,0.0,1.0,0.0,0.0,0.0,18.0,1.0,16.0,3.0,3.0,2.0,4.0,0.0,21.0,1.0,2.0,127.0
0.0,1.0,0.0,0.0,1.0,0.0,0.0,1.0,0.0,0.0,0.0,0.0,0.0,0.0,1.0,0.0,0.0,0.0,15.0,1.0,35.0,3.0,3.0,3.0,3.0,0.0,11.0,1.0,2.0,146.0
0.0,2.0,0.0,0.0,1.0,0.0,0.0,0.0,1.0,0.0,0.0,0.0,0.0,0.0,1.0,0.0,0.0,0.0,3.0,1.0,8.0,2.0,5.0,2.0,3.0,0.0,20.0,0.0,2.0,161.0
0.0,1.0,0.0,0.0,1.0,0.0,0.0,0.0,0.0,1.0,0.0,0.0,0.0,1.0,0.0,0.0,0.0,0.0,19.0,1.0,24.0,2.0,3.0,3.0,3.0,0.0,14.0,0.0,8.0,148.0
0.0,0.0,0.0,0.0,1.0,0.0,0.0,1.0,0.0,0.0,0.0,1.0,0.0,0.0,0.0,0.0,0.0,0.0,15.0,1.0,34.0,2.0,4.0,2.0,1.0,0.0,11.0,0.0,4.0,145.0
0.0,2.0,0.0,0.0,0.0,1.0,0.0,0.0,0.0,1.0,0.0,1.0,0.0,0.0,0.0,0.0,0.0,1.0,0.0,3.0,6.0,3.0,3.0,4.0,2.0,1.0,16.0,1.0,4.0,132.0
0.0,1.0,0.0,0.0,0.0,1.0,0.0,1.0,0.0,0.0,0.0,0.0,0.0,0.0,0.0,1.0,0.0,1.0,0.0,3.0,16.0,2.0,5.0,3.0,1.0,0.0,16.0,1.0,0.0,124.0
1.0,0.0,0.0,0.0,0.0,0.0,1.0,1.0,0.0,0.0,0.0,0.0,0.0,0.0,1.0,0.0,0.0,0.0,10.0,1.0,8.0,2.0,3.0,2.0,2.0,1.0,23.0,1.0,0.0,117.0
0.0,1.0,0.0,0.0,0.0,1.0,0.0,0.0,0.0,1.0,0.0,0.0,0.0,0.0,1.0,0.0,0.0,0.0,0.0,1.0,29.0,3.0,3.0,2.0,2.0,0.0,22.0,1.0,2.0,129.0
1.0,0.0,0.0,0.0,0.0,1.0,0.0,1.0,0.0,0.0,0.0,0.0,0.0,0.0,1.0,0.0,0.0,0.0,10.0,1.0,9.0,2.0,3.0,2.0,5.0,0.0,15.0,0.0,4.0,121.0
1.0,0.0,1.0,0.0,0.0,0.0,0.0,0.0,1.0,0.0,0.0,0.0,0.0,1.0,0.0,0.0,0.0,0.0,2.0,1.0,9.0,3.0,4.0,3.0,2.0,0.0,18.0,1.0,5.0,219.0
0.0,0.0,0.0,0.0,0.0,1.0,0.0,0.0,0.0,1.0,0.0,1.0,0.0,0.0,0.0,0.0,0.0,1.0,0.0,1.0,16.0,3.0,4.0,4.0,6.0,0.0,16.0,0.0,1.0,125.0
1.0,2.0,0.0,0.0,0.0,1.0,0.0,0.0,0.0,1.0,0.0,1.0,0.0,0.0,0.0,0.0,0.0,1.0,0.0,2.0,16.0,2.0,4.0,2.0,2.0,0.0,12.0,1.0,0.0,126.0
0.0,0.0,1.0,0.0,0.0,0.0,0.0,1.0,0.0,0.0,0.0,0.0,0.0,0.0,0.0,0.0,1.0,0.0,3.0,3.0,28.0,3.0,3.0,5.0,1.0,0.0,11.0,2.0,8.0,184.0
0.0,1.0,0.0,0.0,1.0,0.0,0.0,0.0,1.0,0.0,0.0,0.0,0.0,1.0,0.0,0.0,0.0,0.0,20.0,1.0,8.0,3.0,3.0,2.0,6.0,0.0,13.0,0.0,4.0,151.0
1.0,2.0,0.0,0.0,0.0,0.0,1.0,0.0,0.0,1.0,0.0,0.0,0.0,0.0,1.0,0.0,0.0,0.0,8.0,1.0,28.0,2.0,5.0,3.0,1.0,0.0,15.0,2.0,3.0,142.0
0.0,2.0,0.0,0.0,1.0,0.0,0.0,0.0,0.0,1.0,0.0,0.0,0.0,0.0,1.0,0.0,0.0,0.0,27.0,1.0,14.0,2.0,3.0,3.0,8.0,0.0,11.0,1.0,0.0,138.0
0.0,0.0,1.0,0.0,0.0,0.0,0.0,0.0,1.0,0.0,0.0,0.0,0.0,0.0,0.0,1.0,0.0,0.0,19.0,3.0,16.0,3.0,4.0,2.0,3.0,1.0,19.0,1.0,2.0,191.0
1.0,1.0,1.0,0.0,0.0,0.0,0.0,0.0,1.0,0.0,0.0,0.0,0.0,0.0,1.0,0.0,0.0,0.0,4.0,1.0,15.0,2.0,3.0,4.0,2.0,0.0,25.0,1.0,8.0,206.0
1.0,1.0,0.0,0.0,0.0,1.0,0.0,0.0,0.0,1.0,1.0,0.0,0.0,0.0,0.0,0.0,0.0,1.0,0.0,1.0,16.0,2.0,5.0,2.0,8.0,0.0,13.0,0.0,3.0,134.0
1.0,2.0,0.0,0.0,0.0,1.0,0.0,0.0,0.0,1.0,0.0,0.0,0.0,0.0,0.0,1.0,0.0,0.0,3.0,3.0,13.0,3.0,3.0,4.0,1.0,0.0,14.0,1.0,2.0,130.0
1.0,0.0,1.0,0.0,0.0,0.0,0.0,0.0,1.0,0.0,0.0,0.0,0.0,0.0,1.0,0.0,0.0,0.0,8.0,1.0,22.0,3.0,3.0,3.0,5.0,1.0,12.0,0.0,0.0,176.0
1.0,0.0,1.0,0.0,0.0,0.0,0.0,1.0,0.0,0.0,0.0,0.0,0.0,0.0,1.0,0.0,0.0,1.0,0.0,1.0,26.0,3.0,3.0,3.0,4.0,0.0,12.0,1.0,0.0,198.0
0.0,1.0,1.0,0.0,0.0,0.0,0.0,1.0,0.0,0.0,0.0,0.0,0.0,0.0,0.0,0.0,1.0,1.0,0.0,2.0,29.0,2.0,3.0,5.0,10.0,1.0,15.0,1.0,2.0,200.0
1.0,0.0,0.0,0.0,0.0,1.0,0.0,1.0,0.0,0.0,0.0,0.0,0.0,0.0,0.0,0.0,1.0,0.0,10.0,1.0,11.0,3.0,3.0,3.0,5.0,0.0,17.0,2.0,0.0,121.0
1.0,2.0,1.0,0.0,0.0,0.0,0.0,1.0,0.0,0.0,0.0,0.0,0.0,1.0,0.0,0.0,0.0,0.0,9.0,3.0,16.0,2.0,3.0,2.0,2.0,0.0,14.0,1.0,7.0,200.0
1.0,2.0,0.0,0.0,0.0,0.0,1.0,1.0,0.0,0.0,0.0,1.0,0.0,0.0,0.0,0.0,0.0,1.0,0.0,1.0,10.0,2.0,4.0,3.0,6.0,0.0,16.0,1.0,2.0,139.0
1.0,2.0,0.0,0.0,1.0,0.0,0.0,1.0,0.0,0.0,0.0,0.0,0.0,0.0,1.0,0.0,0.0,0.0,14.0,3.0,16.0,2.0,3.0,2.0,8.0,0.0,14.0,0.0,10.0,162.0
1.0,0.0,0.0,0.0,1.0,0.0,0.0,0.0,0.0,1.0,0.0,0.0,0.0,0.0,0.0,1.0,0.0,0.0,8.0,3.0,6.0,2.0,3.0,3.0,10.0,0.0,11.0,3.0,9.0,147.0
0.0,0.0,0.0,0.0,0.0,0.0,1.0,1.0,0.0,0.0,0.0,0.0,0.0,0.0,1.0,0.0,0.0,0.0,12.0,1.0,14.0,2.0,3.0,3.0,2.0,0.0,11.0,0.0,7.0,138.0
1.0,2.0,0.0,0.0,1.0,0.0,0.0,0.0,1.0,0.0,0.0,0.0,0.0,0.0,1.0,0.0,0.0,0.0,4.0,3.0,8.0,3.0,3.0,2.0,5.0,1.0,13.0,1.0,5.0,166.0
1.0,0.0,0.0,0.0,1.0,0.0,0.0,0.0,0.0,1.0,0.0,0.0,0.0,0.0,0.0,0.0,1.0,0.0,18.0,3.0,8.0,3.0,3.0,4.0,1.0,0.0,19.0,3.0,7.0,148.0
0.0,1.0,0.0,0.0,0.0,1.0,0.0,1.0,0.0,0.0,0.0,0.0,0.0,0.0,1.0,0.0,0.0,1.0,0.0,2.0,23.0,3.0,3.0,3.0,1.0,1.0,11.0,0.0,0.0,127.0
1.0,1.0,0.0,0.0,1.0,0.0,0.0,0.0,0.0,1.0,0.0,1.0,0.0,0.0,0.0,0.0,0.0,0.0,2.0,1.0,25.0,2.0,3.0,2.0,5.0,0.0,12.0,0.0,2.0,143.0
1.0,1.0,1.0,0.0,0.0,0.0,0.0,0.0,1.0,0.0,0.0,0.0,0.0,0.0,1.0,0.0,0.0,0.0,0.0,3.0,13.0,2.0,4.0,2.0,10.0,0.0,21.0,1.0,5.0,216.0
1.0,2.0,0.0,0.0,0.0,0.0,1.0,1.0,0.0,0.0,0.0,0.0,0.0,0.0,0.0,1.0,0.0,1.0,10.0,3.0,11.0,3.0,3.0,4.0,2.0,1.0,14.0,1.0,0.0,119.0
1.0,1.0,1.0,0.0,0.0,0.0,0.0,1.0,0.0,0.0,0.0,0.0,0.0,0.0,0.0,0.0,1.0,0.0,13.0,3.0,34.0,2.0,5.0,5.0,4.0,0.0,15.0,1.0,5.0,209.0
0.0,2.0,0.0,0.0,1.0,0.0,0.0,1.0,0.0,0.0,0.0,0.0,0.0,0.0,0.0,0.0,1.0,0.0,14.0,1.0,8.0,3.0,4.0,3.0,3.0,1.0,17.0,0.0,7.0,168.0
1.0,1.0,0.0,0.0,1.0,0.0,0.0,0.0,0.0,1.0,0.0,0.0,0.0,1.0,0.0,0.0,0.0,0.0,0.0,3.0,35.0,2.0,3.0,3.0,6.0,0.0,12.0,1.0,0.0,143.0
0.0,2.0,0.0,0.0,1.0,0.0,0.0,0.0,0.0,1.0,0.0,0.0,0.0,1.0,0.0,0.0,0.0,0.0,8.0,3.0,6.0,3.0,3.0,3.0,2.0,0.0,16.0,0.0,3.0,149.0
1.0,2.0,0.0,0.0,0.0,1.0,0.0,0.0,0.0,1.0,0.0,1.0,0.0,0.0,0.0,0.0,0.0,1.0,0.0,1.0,16.0,3.0,5.0,2.0,2.0,1.0,18.0,1.0,0.0,123.0
0.0,2.0,1.0,0.0,0.0,0.0,0.0,0.0,1.0,0.0,0.0,1.0,0.0,0.0,0.0,0.0,0.0,0.0,10.0,1.0,6.0,2.0,3.0,2.0,5.0,0.0,17.0,1.0,2.0,175.0
0.0,0.0,1.0,0.0,0.0,0.0,0.0,1.0,0.0,0.0,0.0,0.0,0.0,1.0,0.0,0.0,0.0,0.0,19.0,1.0,24.0,2.0,3.0,3.0,6.0,0.0,11.0,1.0,2.0,205.0
1.0,1.0,0.0,0.0,1.0,0.0,0.0,0.0,1.0,0.0,0.0,1.0,0.0,0.0,0.0,0.0,0.0,0.0,25.0,1.0,12.0,3.0,3.0,5.0,4.0,1.0,12.0,2.0,9.0,156.0
1.0,0.0,0.0,0.0,1.0,0.0,0.0,1.0,0.0,0.0,0.0,0.0,0.0,0.0,0.0,0.0,1.0,1.0,0.0,3.0,17.0,2.0,2.0,3.0,9.0,0.0,12.0,1.0,2.0,147.0
1.0,0.0,0.0,0.0,0.0,1.0,0.0,1.0,0.0,0.0,1.0,0.0,0.0,0.0,0.0,0.0,0.0,0.0,0.0,3.0,16.0,2.0,3.0,2.0,1.0,0.0,13.0,0.0,1.0,124.0
0.0,0.0,0.0,0.0,1.0,0.0,0.0,0.0,1.0,0.0,0.0,0.0,0.0,1.0,0.0,0.0,0.0,0.0,11.0,1.0,16.0,3.0,3.0,3.0,4.0,0.0,19.0,1.0,0.0,198.0
0.0,0.0,0.0,0.0,1.0,0.0,0.0,0.0,1.0,0.0,0.0,0.0,0.0,0.0,1.0,0.0,0.0,0.0,10.0,1.0,6.0,3.0,3.0,4.0,7.0,0.0,12.0,3.0,3.0,164.0
1.0,0.0,0.0,0.0,0.0,1.0,0.0,0.0,0.0,1.0,1.0,0.0,0.0,0.0,0.0,0.0,0.0,0.0,0.0,1.0,29.0,3.0,2.0,2.0,2.0,1.0,11.0,0.0,4.0,127.0
1.0,0.0,0.0,0.0,1.0,0.0,0.0,0.0,1.0,0.0,0.0,0.0,0.0,0.0,0.0,1.0,0.0,0.0,0.0,3.0,34.0,3.0,3.0,4.0,2.0,0.0,20.0,1.0,4.0,163.0
1.0,0.0,0.0,0.0,0.0,1.0,0.0,0.0,0.0,1.0,0.0,0.0,0.0,0.0,0.0,0.0,1.0,0.0,10.0,1.0,23.0,3.0,4.0,4.0,2.0,0.0,21.0,1.0,0.0,121.0
1.0,0.0,0.0,0.0,0.0,1.0,0.0,0.0,0.0,1.0,1.0,0.0,0.0,0.0,0.0,0.0,0.0,0.0,10.0,3.0,19.0,2.0,3.0,3.0,2.0,0.0,11.0,1.0,6.0,121.0
0.0,0.0,0.0,0.0,0.0,1.0,0.0,1.0,0.0,0.0,0.0,0.0,0.0,0.0,1.0,0.0,0.0,1.0,0.0,1.0,13.0,3.0,3.0,3.0,2.0,1.0,16.0,0.0,2.0,129.0
1.0,0.0,0.0,0.0,0.0,1.0,0.0,1.0,0.0,0.0,0.0,0.0,0.0,0.0,1.0,0.0,0.0,1.0,10.0,3.0,18.0,3.0,4.0,5.0,2.0,0.0,18.0,1.0,0.0,120.0
1.0,0.0,0.0,0.0,0.0,0.0,1.0,0.0,0.0,1.0,0.0,0.0,0.0,0.0,1.0,0.0,0.0,0.0,7.0,1.0,6.0,2.0,4.0,2.0,2.0,1.0,13.0,0.0,3.0,136.0
1.0,1.0,0.0,0.0,1.0,0.0,0.0,0.0,0.0,1.0,0.0,0.0,0.0,1.0,0.0,0.0,0.0,1.0,0.0,3.0,19.0,2.0,3.0,5.0,3.0,0.0,17.0,0.0,2.0,142.0
1.0,2.0,0.0,0.0,1.0,0.0,0.0,0.0,0.0,1.0,0.0,0.0,0.0,0.0,0.0,0.0,1.0,0.0,8.0,1.0,31.0,2.0,4.0,2.0,5.0,0.0,14.0,0.0,2.0,137.0
1.0,1.0,0.0,0.0,1.0,0.0,0.0,0.0,1.0,0.0,0.0,0.0,0.0,1.0,0.0,0.0,0.0,0.0,4.0,3.0,12.0,3.0,2.0,2.0,5.0,0.0,22.0,3.0,7.0,155.0
0.0,1.0,0.0,0.0,0.0,1.0,0.0,0.0,0.0,1.0,1.0,0.0,0.0,0.0,0.0,0.0,0.0,0.0,10.0,1.0,12.0,3.0,4.0,3.0,1.0,0.0,12.0,1.0,3.0,122.0
1.0,0.0,0.0,0.0,1.0,0.0,0.0,0.0,1.0,0.0,0.0,0.0,0.0,0.0,0.0,1.0,0.0,0.0,10.0,3.0,8.0,3.0,3.0,3.0,5.0,1.0,11.0,0.0,0.0,196.0
0.0,2.0,0.0,0.0,0.0,1.0,0.0,0.0,0.0,1.0,0.0,0.0,0.0,0.0,1.0,0.0,0.0,0.0,0.0,1.0,6.0,3.0,4.0,4.0,2.0,0.0,13.0,1.0,0.0,128.0
0.0,0.0,0.0,0.0,1.0,0.0,0.0,0.0,0.0,1.0,0.0,0.0,0.0,0.0,1.0,0.0,0.0,0.0,15.0,1.0,8.0,2.0,3.0,2.0,2.0,0.0,13.0,2.0,2.0,141.0
0.0,2.0,0.0,0.0,0.0,1.0,0.0,0.0,0.0,1.0,0.0,0.0,0.0,0.0,1.0,0.0,0.0,0.0,11.0,1.0,16.0,2.0,3.0,5.0,4.0,0.0,17.0,1.0,0.0,126.0
1.0,1.0,0.0,0.0,1.0,0.0,0.0,1.0,0.0,0.0,0.0,0.0,0.0,1.0,0.0,0.0,0.0,0.0,16.0,1.0,15.0,3.0,3.0,3.0,4.0,1.0,13.0,2.0,7.0,157.0
0.0,2.0,0.0,0.0,1.0,0.0,0.0,0.0,1.0,0.0,0.0,0.0,0.0,0.0,1.0,0.0,0.0,0.0,17.0,2.0,6.0,2.0,4.0,3.0,5.0,0.0,11.0,1.0,2.0,160.0
0.0,1.0,0.0,0.0,0.0,1.0,0.0,0.0,0.0,1.0,0.0,1.0,0.0,0.0,0.0,0.0,0.0,0.0,7.0,3.0,16.0,2.0,3.0,3.0,2.0,1.0,18.0,1.0,6.0,126.0
1.0,1.0,0.0,0.0,0.0,1.0,0.0,0.0,0.0,1.0,0.0,0.0,0.0,0.0,0.0,1.0,0.0,1.0,0.0,3.0,8.0,3.0,3.0,5.0,1.0,0.0,11.0,0.0,2.0,130.0
1.0,2.0,0.0,0.0,0.0,1.0,0.0,0.0,0.0,1.0,0.0,1.0,0.0,0.0,0.0,0.0,0.0,0.0,0.0,3.0,28.0,2.0,3.0,3.0,2.0,0.0,11.0,1.0,2.0,134.0
1.0,0.0,0.0,0.0,0.0,1.0,0.0,0.0,0.0,1.0,1.0,0.0,0.0,0.0,0.0,0.0,0.0,0.0,0.0,1.0,12.0,3.0,3.0,3.0,1.0,0.0,20.0,2.0,2.0,128.0
1.0,1.0,0.0,0.0,1.0,0.0,0.0,0.0,1.0,0.0,0.0,0.0,0.0,0.0,0.0,1.0,0.0,0.0,6.0,3.0,14.0,2.0,3.0,3.0,1.0,0.0,12.0,1.0,2.0,171.0
0.0,0.0,0.0,0.0,1.0,0.0,0.0,0.0,1.0,0.0,0.0,0.0,0.0,0.0,1.0,0.0,0.0,0.0,5.0,1.0,15.0,3.0,3.0,2.0,2.0,1.0,12.0,1.0,5.0,163.0
0.0,1.0,0.0,0.0,0.0,1.0,0.0,1.0,0.0,0.0,1.0,0.0,0.0,0.0,0.0,0.0,0.0,0.0,10.0,1.0,9.0,3.0,3.0,3.0,2.0,0.0,20.0,1.0,0.0,121.0
0.0,0.0,0.0,0.0,1.0,0.0,0.0,1.0,0.0,0.0,0.0,0.0,0.0,0.0,1.0,0.0,0.0,1.0,8.0,3.0,32.0,3.0,3.0,5.0,3.0,0.0,14.0,0.0,0.0,143.0
0.0,0.0,0.0,0.0,0.0,1.0,0.0,0.0,0.0,1.0,0.0,0.0,0.0,0.0,1.0,0.0,0.0,0.0,0.0,1.0,12.0,3.0,3.0,2.0,2.0,1.0,13.0,0.0,2.0,127.0
0.0,0.0,0.0,0.0,1.0,0.0,0.0,0.0,1.0,0.0,0.0,0.0,0.0,1.0,0.0,0.0,0.0,0.0,2.0,3.0,9.0,3.0,3.0,3.0,2.0,0.0,14.0,0.0,2.0,156.0
1.0,0.0,1.0,0.0,0.0,0.0,0.0,0.0,1.0,0.0,0.0,0.0,0.0,1.0,0.0,0.0,0.0,0.0,27.0,2.0,25.0,2.0,3.0,4.0,3.0,0.0,15.0,3.0,1.0,207.0
1.0,1.0,0.0,0.0,1.0,0.0,0.0,0.0,1.0,0.0,0.0,0.0,0.0,1.0,0.0,0.0,0.0,0.0,9.0,1.0,15.0,2.0,4.0,4.0,3.0,1.0,11.0,1.0,2.0,188.0
1.0,2.0,0.0,0.0,0.0,1.0,0.0,0.0,0.0,1.0,1.0,0.0,0.0,0.0,0.0,0.0,0.0,0.0,10.0,1.0,9.0,2.0,4.0,2.0,1.0,0.0,13.0,0.0,1.0,120.0
1.0,2.0,0.0,0.0,0.0,0.0,1.0,0.0,1.0,0.0,0.0,0.0,0.0,1.0,0.0,0.0,0.0,1.0,0.0,1.0,16.0,2.0,3.0,3.0,2.0,1.0,11.0,0.0,1.0,110.0
1.0,0.0,0.0,0.0,0.0,0.0,1.0,1.0,0.0,0.0,0.0,0.0,0.0,0.0,1.0,0.0,0.0,0.0,10.0,1.0,9.0,2.0,4.0,3.0,2.0,0.0,18.0,1.0,0.0,113.0
1.0,0.0,0.0,0.0,0.0,1.0,0.0,0.0,0.0,1.0,1.0,0.0,0.0,0.0,0.0,0.0,0.0,0.0,0.0,1.0,10.0,3.0,2.0,5.0,3.0,0.0,16.0,0.0,2.0,128.0
1.0,0.0,0.0,0.0,1.0,0.0,0.0,0.0,0.0,1.0,0.0,0.0,0.0,0.0,1.0,0.0,0.0,0.0,0.0,3.0,14.0,2.0,2.0,4.0,1.0,0.0,22.0,0.0,2.0,149.0
0.0,2.0,0.0,0.0,1.0,0.0,0.0,0.0,0.0,1.0,0.0,0.0,0.0,0.0,0.0,1.0,0.0,0.0,11.0,3.0,13.0,2.0,4.0,2.0,1.0,0.0,20.0,1.0,5.0,140.0
1.0,1.0,0.0,0.0,0.0,1.0,0.0,1.0,0.0,0.0,0.0,0.0,0.0,0.0,1.0,0.0,0.0,0.0,2.0,1.0,6.0,3.0,5.0,2.0,2.0,0.0,18.0,2.0,8.0,127.0
1.0,0.0,0.0,0.0,1.0,0.0,0.0,0.0,1.0,0.0,0.0,0.0,0.0,0.0,0.0,1.0,0.0,0.0,21.0,3.0,8.0,2.0,2.0,4.0,4.0,0.0,12.0,2.0,2.0,181.0
0.0,1.0,0.0,0.0,1.0,0.0,0.0,1.0,0.0,0.0,0.0,0.0,0.0,1.0,0.0,0.0,0.0,0.0,0.0,3.0,9.0,3.0,2.0,2.0,2.0,1.0,20.0,1.0,4.0,146.0
1.0,2.0,0.0,0.0,0.0,0.0,1.0,0.0,0.0,1.0,0.0,0.0,0.0,0.0,1.0,0.0,0.0,0.0,10.0,1.0,16.0,3.0,2.0,2.0,4.0,0.0,17.0,1.0,0.0,147.0
1.0,0.0,0.0,0.0,0.0,1.0,0.0,0.0,0.0,1.0,1.0,0.0,0.0,0.0,0.0,0.0,0.0,0.0,23.0,1.0,34.0,3.0,2.0,3.0,2.0,1.0,11.0,3.0,8.0,132.0
0.0,2.0,0.0,0.0,1.0,0.0,0.0,0.0,0.0,1.0,0.0,0.0,0.0,0.0,1.0,0.0,0.0,1.0,0.0,3.0,9.0,3.0,3.0,3.0,10.0,0.0,14.0,1.0,0.0,146.0
0.0,2.0,0.0,0.0,1.0,0.0,0.0,0.0,0.0,1.0,0.0,1.0,0.0,0.0,0.0,0.0,0.0,0.0,12.0,1.0,8.0,3.0,4.0,3.0,2.0,0.0,11.0,2.0,10.0,146.0
1.0,2.0,0.0,0.0,1.0,0.0,0.0,0.0,1.0,0.0,0.0,0.0,0.0,0.0,0.0,1.0,0.0,0.0,5.0,3.0,16.0,2.0,3.0,2.0,2.0,0.0,12.0,0.0,8.0,154.0
1.0,0.0,0.0,0.0,1.0,0.0,0.0,1.0,0.0,0.0,0.0,1.0,0.0,0.0,0.0,0.0,0.0,1.0,13.0,3.0,14.0,2.0,3.0,3.0,4.0,1.0,14.0,1.0,3.0,168.0
0.0,2.0,0.0,0.0,1.0,0.0,0.0,0.0,1.0,0.0,0.0,0.0,0.0,0.0,1.0,0.0,0.0,0.0,11.0,1.0,6.0,2.0,2.0,2.0,1.0,0.0,13.0,1.0,8.0,176.0
0.0,0.0,1.0,0.0,0.0,0.0,0.0,0.0,1.0,0.0,0.0,0.0,0.0,0.0,1.0,0.0,0.0,0.0,0.0,1.0,6.0,3.0,3.0,5.0,2.0,0.0,11.0,1.0,7.0,174.0
0.0,2.0,1.0,0.0,0.0,0.0,0.0,0.0,1.0,0.0,0.0,0.0,0.0,0.0,1.0,0.0,0.0,0.0,5.0,1.0,9.0,2.0,3.0,2.0,4.0,0.0,15.0,3.0,5.0,212.0
1.0,2.0,0.0,0.0,1.0,0.0,0.0,0.0,1.0,0.0,0.0,0.0,0.0,0.0,0.0,1.0,0.0,0.0,20.0,3.0,20.0,2.0,3.0,5.0,3.0,0.0,12.0,0.0,7.0,150.0
1.0,0.0,1.0,0.0,0.0,0.0,0.0,1.0,0.0,0.0,0.0,0.0,0.0,0.0,1.0,0.0,0.0,0.0,13.0,3.0,11.0,2.0,4.0,5.0,6.0,1.0,21.0,0.0,12.0,205.0
1.0,2.0,0.0,0.0,1.0,0.0,0.0,0.0,1.0,0.0,0.0,0.0,0.0,0.0,0.0,1.0,0.0,0.0,30.0,3.0,22.0,2.0,3.0,5.0,9.0,0.0,14.0,1.0,2.0,154.0
1.0,1.0,1.0,0.0,0.0,0.0,0.0,1.0,0.0,0.0,0.0,0.0,0.0,0.0,1.0,0.0,0.0,0.0,0.0,1.0,16.0,2.0,3.0,5.0,2.0,0.0,21.0,1.0,7.0,188.0
1.0,0.0,0.0,0.0,0.0,0.0,1.0,0.0,0.0,1.0,0.0,0.0,0.0,0.0,0.0,1.0,0.0,0.0,23.0,3.0,14.0,2.0,3.0,4.0,8.0,0.0,15.0,1.0,2.0,139.0
0.0,2.0,0.0,0.0,0.0,1.0,0.0,0.0,0.0,1.0,0.0,0.0,0.0,0.0,1.0,0.0,0.0,1.0,10.0,1.0,6.0,3.0,5.0,4.0,8.0,1.0,13.0,1.0,7.0,122.0
0.0,0.0,1.0,0.0,0.0,0.0,0.0,1.0,0.0,0.0,0.0,0.0,0.0,0.0,1.0,0.0,0.0,0.0,9.0,1.0,14.0,3.0,2.0,5.0,10.0,0.0,14.0,0.0,5.0,217.0
0.0,2.0,1.0,0.0,0.0,0.0,0.0,0.0,1.0,0.0,0.0,0.0,0.0,0.0,1.0,0.0,0.0,0.0,11.0,1.0,6.0,2.0,3.0,3.0,5.0,1.0,14.0,0.0,0.0,179.0
1.0,2.0,0.0,0.0,0.0,0.0,1.0,1.0,0.0,0.0,0.0,0.0,0.0,1.0,0.0,0.0,0.0,0.0,17.0,1.0,30.0,2.0,5.0,3.0,3.0,0.0,14.0,0.0,4.0,137.0
1.0,2.0,0.0,0.0,0.0,1.0,0.0,0.0,0.0,1.0,0.0,0.0,0.0,0.0,1.0,0.0,0.0,0.0,2.0,3.0,16.0,2.0,3.0,3.0,2.0,0.0,11.0,0.0,0.0,126.0
1.0,1.0,0.0,0.0,0.0,1.0,0.0,1.0,0.0,0.0,1.0,0.0,0.0,0.0,0.0,0.0,0.0,1.0,5.0,1.0,25.0,3.0,2.0,3.0,7.0,1.0,12.0,2.0,2.0,128.0
1.0,0.0,0.0,0.0,1.0,0.0,0.0,1.0,0.0,0.0,0.0,0.0,0.0,0.0,1.0,0.0,0.0,0.0,16.0,3.0,21.0,2.0,4.0,2.0,4.0,0.0,18.0,0.0,2.0,168.0
0.0,2.0,0.0,0.0,1.0,0.0,0.0,0.0,1.0,0.0,0.0,0.0,0.0,1.0,0.0,0.0,0.0,0.0,7.0,1.0,14.0,3.0,3.0,3.0,4.0,0.0,11.0,1.0,3.0,161.0
1.0,0.0,0.0,0.0,0.0,1.0,0.0,0.0,0.0,1.0,1.0,0.0,0.0,0.0,0.0,0.0,0.0,0.0,0.0,1.0,16.0,2.0,3.0,5.0,2.0,0.0,14.0,0.0,2.0,125.0
0.0,0.0,0.0,0.0,1.0,0.0,0.0,0.0,1.0,0.0,0.0,0.0,0.0,0.0,0.0,0.0,1.0,0.0,12.0,2.0,9.0,2.0,2.0,4.0,10.0,0.0,15.0,3.0,6.0,164.0
1.0,0.0,0.0,1.0,0.0,0.0,0.0,0.0,1.0,0.0,0.0,0.0,0.0,1.0,0.0,0.0,0.0,0.0,29.0,1.0,15.0,2.0,3.0,2.0,8.0,0.0,11.0,0.0,5.0,211.0
0.0,2.0,0.0,0.0,0.0,1.0,0.0,0.0,0.0,1.0,1.0,0.0,0.0,0.0,0.0,0.0,0.0,0.0,13.0,1.0,16.0,2.0,4.0,2.0,1.0,1.0,20.0,2.0,3.0,123.0
0.0,2.0,0.0,0.0,1.0,0.0,0.0,0.0,1.0,0.0,0.0,0.0,0.0,1.0,0.0,0.0,0.0,0.0,0.0,1.0,13.0,2.0,4.0,5.0,9.0,0.0,19.0,1.0,7.0,168.0
1.0,1.0,0.0,0.0,0.0,1.0,0.0,0.0,0.0,1.0,0.0,0.0,0.0,0.0,0.0,1.0,0.0,0.0,10.0,3.0,16.0,2.0,3.0,4.0,2.0,0.0,14.0,0.0,2.0,123.0
1.0,2.0,0.0,0.0,1.0,0.0,0.0,0.0,0.0,1.0,0.0,0.0,0.0,0.0,1.0,0.0,0.0,0.0,26.0,1.0,16.0,2.0,3.0,2.0,3.0,0.0,17.0,1.0,2.0,125.0
0.0,1.0,0.0,0.0,1.0,0.0,0.0,1.0,0.0,0.0,0.0,0.0,0.0,0.0,1.0,0.0,0.0,0.0,8.0,1.0,8.0,3.0,3.0,5.0,3.0,0.0,11.0,0.0,0.0,151.0
1.0,0.0,0.0,0.0,1.0,0.0,0.0,1.0,0.0,0.0,0.0,0.0,0.0,0.0,1.0,0.0,0.0,0.0,5.0,1.0,30.0,3.0,3.0,2.0,2.0,0.0,15.0,2.0,7.0,153.0
1.0,0.0,0.0,0.0,0.0,1.0,0.0,0.0,0.0,1.0,1.0,0.0,0.0,0.0,0.0,0.0,0.0,0.0,11.0,1.0,8.0,3.0,3.0,3.0,7.0,1.0,13.0,0.0,1.0,131.0
0.0,1.0,0.0,0.0,1.0,0.0,0.0,0.0,1.0,0.0,0.0,0.0,0.0,0.0,1.0,0.0,0.0,0.0,7.0,1.0,14.0,2.0,3.0,5.0,4.0,0.0,14.0,1.0,0.0,151.0
0.0,2.0,0.0,0.0,1.0,0.0,0.0,0.0,1.0,0.0,0.0,0.0,0.0,1.0,0.0,0.0,0.0,0.0,0.0,3.0,32.0,2.0,3.0,2.0,2.0,0.0,23.0,0.0,4.0,162.0
1.0,2.0,0.0,0.0,1.0,0.0,0.0,0.0,1.0,0.0,0.0,1.0,0.0,0.0,0.0,0.0,0.0,0.0,18.0,3.0,8.0,2.0,5.0,3.0,1.0,0.0,13.0,0.0,1.0,166.0
1.0,2.0,0.0,0.0,0.0,1.0,0.0,0.0,0.0,1.0,0.0,0.0,0.0,1.0,0.0,0.0,0.0,0.0,0.0,1.0,16.0,3.0,2.0,3.0,2.0,0.0,18.0,1.0,2.0,135.0
1.0,2.0,0.0,0.0,1.0,0.0,0.0,0.0,1.0,0.0,0.0,0.0,0.0,0.0,0.0,0.0,1.0,0.0,7.0,3.0,8.0,2.0,3.0,2.0,2.0,0.0,22.0,0.0,4.0,163.0
1.0,2.0,1.0,0.0,0.0,0.0,0.0,1.0,0.0,0.0,0.0,0.0,0.0,0.0,1.0,0.0,0.0,0.0,9.0,3.0,14.0,3.0,4.0,5.0,2.0,0.0,15.0,0.0,9.0,176.0
1.0,0.0,0.0,0.0,0.0,0.0,1.0,1.0,0.0,0.0,0.0,0.0,0.0,1.0,0.0,0.0,0.0,0.0,25.0,1.0,25.0,2.0,3.0,2.0,1.0,0.0,18.0,1.0,2.0,143.0
0.0,1.0,0.0,0.0,0.0,0.0,1.0,1.0,0.0,0.0,0.0,0.0,0.0,0.0,1.0,0.0,0.0,0.0,0.0,1.0,6.0,3.0,5.0,2.0,4.0,0.0,14.0,2.0,0.0,144.0
0.0,0.0,0.0,0.0,1.0,0.0,0.0,0.0,0.0,1.0,0.0,0.0,0.0,1.0,0.0,0.0,0.0,0.0,2.0,1.0,33.0,3.0,3.0,3.0,5.0,0.0,12.0,1.0,1.0,143.0
1.0,2.0,0.0,0.0,1.0,0.0,0.0,0.0,1.0,0.0,0.0,1.0,0.0,0.0,0.0,0.0,0.0,1.0,0.0,3.0,14.0,2.0,4.0,5.0,7.0,0.0,17.0,1.0,2.0,153.0
0.0,1.0,0.0,0.0,1.0,0.0,0.0,0.0,1.0,0.0,0.0,0.0,0.0,1.0,0.0,0.0,0.0,0.0,27.0,1.0,25.0,3.0,3.0,5.0,10.0,1.0,11.0,0.0,4.0,155.0
1.0,0.0,0.0,0.0,1.0,0.0,0.0,1.0,0.0,0.0,0.0,0.0,0.0,0.0,0.0,1.0,0.0,0.0,2.0,3.0,5.0,2.0,3.0,2.0,1.0,0.0,19.0,0.0,1.0,143.0
0.0,1.0,0.0,0.0,0.0,1.0,0.0,0.0,0.0,1.0,0.0,0.0,0.0,0.0,1.0,0.0,0.0,0.0,10.0,1.0,16.0,3.0,3.0,5.0,1.0,1.0,13.0,3.0,3.0,128.0
0.0,2.0,0.0,0.0,0.0,0.0,1.0,0.0,0.0,1.0,0.0,0.0,0.0,1.0,0.0,0.0,0.0,0.0,7.0,1.0,8.0,2.0,4.0,5.0,2.0,0.0,11.0,1.0,3.0,144.0
0.0,0.0,0.0,0.0,0.0,1.0,0.0,0.0,0.0,1.0,0.0,0.0,0.0,0.0,1.0,0.0,0.0,0.0,8.0,3.0,16.0,3.0,3.0,2.0,2.0,0.0,16.0,0.0,2.0,126.0
1.0,0.0,0.0,0.0,0.0,0.0,1.0,0.0,0.0,1.0,0.0,0.0,0.0,0.0,1.0,0.0,0.0,0.0,3.0,1.0,6.0,2.0,5.0,3.0,4.0,0.0,21.0,1.0,2.0,138.0
0.0,0.0,0.0,0.0,1.0,0.0,0.0,0.0,1.0,0.0,0.0,0.0,0.0,0.0,1.0,0.0,0.0,0.0,7.0,3.0,14.0,3.0,3.0,5.0,6.0,0.0,17.0,1.0,2.0,165.0
1.0,1.0,0.0,0.0,0.0,1.0,0.0,1.0,0.0,0.0,0.0,0.0,0.0,0.0,1.0,0.0,0.0,0.0,0.0,1.0,15.0,3.0,4.0,4.0,2.0,0.0,11.0,1.0,0.0,127.0
0.0,0.0,0.0,0.0,1.0,0.0,0.0,0.0,0.0,1.0,0.0,0.0,0.0,0.0,1.0,0.0,0.0,0.0,25.0,1.0,17.0,3.0,3.0,3.0,9.0,0.0,20.0,1.0,4.0,131.0
0.0,0.0,0.0,0.0,0.0,1.0,0.0,0.0,0.0,1.0,0.0,0.0,0.0,0.0,1.0,0.0,0.0,1.0,0.0,1.0,16.0,2.0,4.0,5.0,2.0,1.0,11.0,0.0,0.0,123.0
1.0,0.0,1.0,0.0,0.0,0.0,0.0,0.0,1.0,0.0,0.0,0.0,0.0,1.0,0.0,0.0,0.0,0.0,6.0,1.0,13.0,2.0,3.0,3.0,1.0,0.0,11.0,0.0,5.0,217.0
0.0,2.0,0.0,0.0,1.0,0.0,0.0,0.0,1.0,0.0,0.0,0.0,0.0,0.0,0.0,1.0,0.0,1.0,0.0,3.0,22.0,3.0,3.0,5.0,6.0,0.0,15.0,1.0,2.0,153.0
0.0,0.0,0.0,0.0,1.0,0.0,0.0,0.0,1.0,0.0,0.0,0.0,0.0,0.0,0.0,0.0,1.0,0.0,9.0,1.0,6.0,2.0,3.0,4.0,1.0,0.0,15.0,0.0,5.0,152.0
0.0,0.0,0.0,0.0,1.0,0.0,0.0,0.0,1.0,0.0,0.0,0.0,0.0,0.0,1.0,0.0,0.0,0.0,15.0,1.0,6.0,2.0,4.0,2.0,10.0,1.0,13.0,0.0,2.0,161.0
1.0,2.0,0.0,0.0,0.0,0.0,1.0,0.0,0.0,1.0,0.0,0.0,0.0,1.0,0.0,0.0,0.0,1.0,0.0,1.0,8.0,2.0,3.0,3.0,7.0,0.0,17.0,0.0,1.0,144.0
1.0,0.0,0.0,0.0,0.0,1.0,0.0,0.0,0.0,1.0,0.0,0.0,0.0,0.0,0.0,0.0,1.0,0.0,10.0,2.0,19.0,2.0,3.0,4.0,4.0,0.0,13.0,1.0,4.0,121.0
0.0,0.0,0.0,0.0,1.0,0.0,0.0,0.0,1.0,0.0,0.0,0.0,0.0,0.0,1.0,0.0,0.0,0.0,5.0,1.0,10.0,3.0,4.0,3.0,2.0,0.0,12.0,1.0,8.0,162.0
1.0,2.0,0.0,0.0,1.0,0.0,0.0,1.0,0.0,0.0,0.0,0.0,0.0,1.0,0.0,0.0,0.0,0.0,13.0,1.0,22.0,2.0,4.0,3.0,7.0,0.0,14.0,1.0,0.0,151.0
0.0,2.0,0.0,0.0,1.0,0.0,0.0,0.0,1.0,0.0,0.0,0.0,0.0,1.0,0.0,0.0,0.0,0.0,3.0,1.0,8.0,2.0,4.0,2.0,6.0,1.0,24.0,1.0,0.0,169.0
0.0,2.0,0.0,0.0,0.0,1.0,0.0,0.0,0.0,1.0,0.0,0.0,0.0,0.0,1.0,0.0,0.0,0.0,10.0,1.0,8.0,3.0,4.0,3.0,2.0,0.0,14.0,1.0,0.0,123.0
1.0,0.0,0.0,0.0,1.0,0.0,0.0,0.0,0.0,1.0,0.0,0.0,0.0,0.0,1.0,0.0,0.0,0.0,15.0,1.0,35.0,3.0,3.0,4.0,2.0,0.0,13.0,2.0,8.0,144.0
1.0,1.0,0.0,0.0,1.0,0.0,0.0,1.0,0.0,0.0,0.0,0.0,0.0,0.0,1.0,0.0,0.0,0.0,11.0,1.0,18.0,2.0,4.0,5.0,3.0,0.0,15.0,1.0,2.0,163.0
0.0,2.0,0.0,0.0,0.0,1.0,0.0,1.0,0.0,0.0,0.0,0.0,0.0,0.0,1.0,0.0,0.0,0.0,7.0,1.0,16.0,3.0,4.0,2.0,2.0,0.0,16.0,1.0,3.0,126.0
0.0,0.0,1.0,0.0,0.0,0.0,0.0,0.0,1.0,0.0,0.0,0.0,0.0,0.0,0.0,1.0,0.0,1.0,12.0,3.0,17.0,2.0,3.0,2.0,2.0,0.0,18.0,0.0,7.0,177.0
1.0,2.0,0.0,0.0,1.0,0.0,0.0,0.0,1.0,0.0,0.0,0.0,0.0,1.0,0.0,0.0,0.0,1.0,18.0,3.0,8.0,2.0,3.0,2.0,5.0,0.0,16.0,0.0,3.0,152.0
1.0,2.0,1.0,0.0,0.0,0.0,0.0,0.0,1.0,0.0,0.0,0.0,0.0,0.0,0.0,0.0,1.0,0.0,8.0,1.0,13.0,2.0,3.0,3.0,4.0,0.0,21.0,0.0,6.0,202.0
1.0,0.0,0.0,0.0,0.0,0.0,1.0,0.0,0.0,1.0,0.0,0.0,0.0,0.0,0.0,0.0,1.0,0.0,7.0,2.0,9.0,2.0,3.0,2.0,1.0,0.0,19.0,1.0,2.0,137.0
0.0,0.0,0.0,0.0,0.0,1.0,0.0,1.0,0.0,0.0,1.0,0.0,0.0,0.0,0.0,0.0,0.0,1.0,0.0,1.0,16.0,2.0,4.0,3.0,2.0,1.0,14.0,0.0,7.0,124.0
1.0,0.0,0.0,0.0,0.0,0.0,1.0,1.0,0.0,0.0,0.0,0.0,0.0,1.0,0.0,0.0,0.0,0.0,10.0,1.0,9.0,2.0,3.0,2.0,2.0,0.0,11.0,1.0,0.0,117.0
1.0,2.0,0.0,0.0,1.0,0.0,0.0,0.0,1.0,0.0,0.0,0.0,0.0,1.0,0.0,0.0,0.0,0.0,17.0,1.0,10.0,2.0,3.0,4.0,10.0,0.0,12.0,1.0,3.0,159.0
0.0,2.0,0.0,0.0,0.0,1.0,0.0,0.0,0.0,1.0,1.0,0.0,0.0,0.0,0.0,0.0,0.0,0.0,8.0,1.0,16.0,2.0,4.0,5.0,2.0,0.0,11.0,1.0,1.0,126.0
1.0,0.0,0.0,0.0,1.0,0.0,0.0,0.0,1.0,0.0,0.0,0.0,0.0,0.0,1.0,0.0,0.0,0.0,9.0,3.0,6.0,2.0,3.0,2.0,2.0,1.0,14.0,2.0,11.0,162.0
1.0,1.0,0.0,0.0,1.0,0.0,0.0,0.0,0.0,1.0,0.0,0.0,0.0,0.0,1.0,0.0,0.0,0.0,5.0,3.0,19.0,3.0,3.0,2.0,3.0,0.0,11.0,0.0,3.0,144.0
1.0,1.0,0.0,0.0,0.0,0.0,1.0,1.0,0.0,0.0,0.0,0.0,0.0,0.0,1.0,0.0,0.0,0.0,3.0,1.0,11.0,3.0,4.0,2.0,10.0,0.0,12.0,0.0,3.0,138.0
0.0,0.0,1.0,0.0,0.0,0.0,0.0,0.0,1.0,0.0,0.0,0.0,0.0,0.0,0.0,1.0,0.0,0.0,26.0,3.0,13.0,3.0,4.0,2.0,8.0,1.0,18.0,0.0,5.0,209.0
1.0,1.0,1.0,0.0,0.0,0.0,0.0,0.0,1.0,0.0,0.0,0.0,0.0,0.0,0.0,1.0,0.0,0.0,18.0,3.0,15.0,3.0,3.0,5.0,5.0,1.0,12.0,1.0,2.0,208.0
1.0,1.0,0.0,0.0,1.0,0.0,0.0,0.0,1.0,0.0,0.0,0.0,0.0,0.0,0.0,1.0,0.0,0.0,10.0,3.0,22.0,3.0,4.0,3.0,5.0,0.0,19.0,1.0,0.0,163.0
1.0,1.0,0.0,0.0,0.0,0.0,1.0,0.0,0.0,1.0,0.0,0.0,0.0,1.0,0.0,0.0,0.0,0.0,1.0,2.0,14.0,3.0,4.0,2.0,2.0,0.0,13.0,0.0,4.0,149.0
1.0,0.0,0.0,0.0,1.0,0.0,0.0,0.0,0.0,1.0,0.0,0.0,0.0,0.0,1.0,0.0,0.0,0.0,0.0,1.0,6.0,2.0,4.0,2.0,7.0,0.0,22.0,2.0,2.0,148.0
1.0,2.0,0.0,0.0,0.0,1.0,0.0,1.0,0.0,0.0,1.0,0.0,0.0,0.0,0.0,0.0,0.0,0.0,15.0,1.0,16.0,2.0,3.0,2.0,6.0,1.0,14.0,0.0,2.0,125.0
1.0,0.0,0.0,0.0,0.0,1.0,0.0,0.0,0.0,1.0,0.0,0.0,0.0,0.0,1.0,0.0,0.0,0.0,9.0,2.0,16.0,3.0,4.0,5.0,1.0,0.0,21.0,1.0,3.0,123.0
1.0,0.0,0.0,0.0,1.0,0.0,0.0,0.0,0.0,1.0,0.0,0.0,0.0,0.0,0.0,0.0,1.0,0.0,0.0,3.0,9.0,3.0,3.0,5.0,2.0,1.0,18.0,1.0,3.0,142.0
0.0,1.0,0.0,0.0,0.0,1.0,0.0,1.0,0.0,0.0,0.0,0.0,0.0,0.0,1.0,0.0,0.0,1.0,10.0,1.0,31.0,3.0,3.0,4.0,2.0,1.0,19.0,0.0,8.0,120.0
1.0,1.0,0.0,0.0,0.0,1.0,0.0,1.0,0.0,0.0,0.0,0.0,0.0,0.0,1.0,0.0,0.0,0.0,5.0,1.0,6.0,3.0,3.0,2.0,1.0,0.0,12.0,0.0,2.0,123.0
1.0,0.0,0.0,0.0,1.0,0.0,0.0,0.0,0.0,1.0,0.0,0.0,0.0,0.0,0.0,1.0,0.0,0.0,0.0,3.0,10.0,2.0,4.0,5.0,2.0,0.0,12.0,1.0,3.0,143.0
0.0,0.0,0.0,0.0,0.0,0.0,1.0,0.0,0.0,1.0,0.0,1.0,0.0,0.0,0.0,0.0,0.0,0.0,22.0,1.0,6.0,2.0,3.0,5.0,3.0,0.0,16.0,1.0,2.0,136.0
1.0,0.0,0.0,0.0,0.0,1.0,0.0,1.0,0.0,0.0,0.0,0.0,0.0,0.0,1.0,0.0,0.0,0.0,0.0,1.0,10.0,3.0,4.0,2.0,1.0,0.0,17.0,0.0,4.0,132.0
1.0,0.0,0.0,0.0,1.0,0.0,0.0,1.0,0.0,0.0,0.0,0.0,0.0,0.0,1.0,0.0,0.0,0.0,5.0,3.0,11.0,2.0,3.0,4.0,2.0,0.0,14.0,2.0,3.0,165.0
1.0,0.0,0.0,0.0,0.0,1.0,0.0,0.0,0.0,1.0,0.0,0.0,0.0,0.0,0.0,1.0,0.0,0.0,11.0,3.0,15.0,3.0,4.0,4.0,1.0,0.0,19.0,0.0,2.0,129.0
1.0,0.0,0.0,0.0,0.0,1.0,0.0,0.0,0.0,1.0,0.0,0.0,0.0,0.0,1.0,0.0,0.0,0.0,4.0,1.0,16.0,2.0,3.0,2.0,4.0,1.0,19.0,1.0,2.0,124.0
0.0,1.0,0.0,0.0,0.0,1.0,0.0,0.0,0.0,1.0,1.0,0.0,0.0,0.0,0.0,0.0,0.0,1.0,0.0,3.0,6.0,3.0,4.0,3.0,7.0,1.0,19.0,0.0,2.0,128.0
1.0,0.0,0.0,1.0,0.0,0.0,0.0,0.0,1.0,0.0,0.0,0.0,0.0,0.0,0.0,1.0,0.0,0.0,26.0,3.0,14.0,3.0,3.0,2.0,6.0,0.0,14.0,0.0,5.0,218.0
1.0,0.0,1.0,0.0,0.0,0.0,0.0,0.0,1.0,0.0,0.0,0.0,1.0,0.0,0.0,0.0,0.0,0.0,8.0,1.0,31.0,3.0,4.0,4.0,4.0,0.0,16.0,3.0,8.0,209.0
0.0,0.0,0.0,0.0,0.0,1.0,0.0,1.0,0.0,0.0,1.0,0.0,0.0,0.0,0.0,0.0,0.0,0.0,10.0,3.0,27.0,3.0,3.0,2.0,6.0,0.0,15.0,1.0,0.0,130.0
0.0,0.0,0.0,0.0,1.0,0.0,0.0,1.0,0.0,0.0,0.0,0.0,0.0,0.0,1.0,0.0,0.0,0.0,16.0,1.0,6.0,2.0,3.0,2.0,5.0,0.0,13.0,1.0,2.0,156.0
1.0,2.0,1.0,0.0,0.0,0.0,0.0,1.0,0.0,0.0,0.0,0.0,0.0,1.0,0.0,0.0,0.0,0.0,10.0,3.0,25.0,2.0,3.0,4.0,2.0,1.0,13.0,0.0,9.0,176.0
0.0,0.0,0.0,0.0,1.0,0.0,0.0,0.0,1.0,0.0,0.0,0.0,0.0,0.0,1.0,0.0,0.0,0.0,12.0,2.0,8.0,2.0,4.0,2.0,9.0,0.0,11.0,0.0,4.0,152.0
1.0,1.0,0.0,0.0,0.0,1.0,0.0,0.0,0.0,1.0,0.0,0.0,0.0,0.0,0.0,0.0,1.0,0.0,10.0,2.0,9.0,2.0,3.0,4.0,4.0,1.0,11.0,0.0,3.0,123.0
1.0,2.0,0.0,0.0,0.0,1.0,0.0,0.0,0.0,1.0,0.0,0.0,0.0,0.0,1.0,0.0,0.0,1.0,0.0,1.0,31.0,3.0,3.0,2.0,2.0,1.0,24.0,1.0,1.0,128.0
0.0,1.0,0.0,0.0,0.0,1.0,0.0,0.0,0.0,1.0,1.0,0.0,0.0,0.0,0.0,0.0,0.0,0.0,2.0,1.0,16.0,3.0,4.0,2.0,7.0,0.0,14.0,1.0,3.0,125.0
1.0,0.0,0.0,0.0,0.0,1.0,0.0,0.0,0.0,1.0,0.0,0.0,0.0,0.0,1.0,0.0,0.0,0.0,17.0,1.0,16.0,3.0,3.0,5.0,2.0,1.0,13.0,2.0,1.0,126.0
1.0,2.0,0.0,0.0,1.0,0.0,0.0,0.0,0.0,1.0,0.0,0.0,0.0,1.0,0.0,0.0,0.0,0.0,1.0,3.0,11.0,3.0,3.0,2.0,2.0,0.0,14.0,1.0,2.0,149.0
1.0,1.0,0.0,0.0,0.0,1.0,0.0,1.0,0.0,0.0,0.0,0.0,0.0,0.0,1.0,0.0,0.0,1.0,20.0,1.0,16.0,2.0,4.0,2.0,10.0,1.0,14.0,0.0,0.0,124.0
0.0,1.0,0.0,0.0,1.0,0.0,0.0,0.0,0.0,1.0,0.0,0.0,0.0,0.0,1.0,0.0,0.0,0.0,16.0,1.0,14.0,2.0,3.0,4.0,5.0,0.0,21.0,1.0,0.0,148.0
0.0,2.0,0.0,0.0,0.0,1.0,0.0,0.0,0.0,1.0,1.0,0.0,0.0,0.0,0.0,0.0,0.0,1.0,10.0,3.0,8.0,2.0,4.0,3.0,2.0,0.0,13.0,0.0,2.0,120.0
0.0,2.0,0.0,0.0,0.0,1.0,0.0,0.0,0.0,1.0,0.0,0.0,0.0,0.0,0.0,0.0,1.0,1.0,0.0,1.0,24.0,3.0,3.0,2.0,2.0,0.0,19.0,1.0,0.0,127.0
0.0,2.0,0.0,0.0,0.0,1.0,0.0,0.0,0.0,1.0,0.0,0.0,0.0,0.0,1.0,0.0,0.0,0.0,20.0,3.0,8.0,3.0,4.0,2.0,2.0,1.0,18.0,1.0,2.0,133.0
0.0,0.0,0.0,0.0,1.0,0.0,0.0,0.0,0.0,1.0,0.0,0.0,0.0,0.0,1.0,0.0,0.0,1.0,0.0,1.0,9.0,2.0,3.0,3.0,1.0,1.0,19.0,1.0,2.0,142.0
0.0,1.0,0.0,0.0,0.0,1.0,0.0,0.0,0.0,1.0,0.0,0.0,0.0,0.0,1.0,0.0,0.0,1.0,4.0,1.0,8.0,3.0,5.0,2.0,5.0,1.0,13.0,0.0,0.0,128.0
0.0,1.0,0.0,0.0,0.0,1.0,0.0,0.0,0.0,1.0,1.0,0.0,0.0,0.0,0.0,0.0,0.0,0.0,1.0,1.0,16.0,3.0,3.0,3.0,6.0,0.0,18.0,2.0,2.0,124.0
1.0,0.0,0.0,0.0,0.0,1.0,0.0,0.0,0.0,1.0,1.0,0.0,0.0,0.0,0.0,0.0,0.0,1.0,2.0,1.0,16.0,3.0,3.0,5.0,8.0,1.0,21.0,1.0,2.0,124.0
0.0,2.0,0.0,0.0,0.0,1.0,0.0,0.0,0.0,1.0,0.0,0.0,0.0,0.0,1.0,0.0,0.0,0.0,0.0,1.0,16.0,3.0,3.0,3.0,2.0,0.0,19.0,1.0,0.0,123.0
1.0,1.0,0.0,0.0,0.0,1.0,0.0,0.0,1.0,0.0,0.0,0.0,0.0,0.0,1.0,0.0,0.0,0.0,10.0,1.0,16.0,2.0,3.0,4.0,2.0,0.0,14.0,1.0,0.0,120.0
0.0,2.0,0.0,0.0,1.0,0.0,0.0,0.0,1.0,0.0,0.0,0.0,0.0,1.0,0.0,0.0,0.0,0.0,15.0,3.0,20.0,3.0,4.0,3.0,8.0,0.0,17.0,0.0,3.0,162.0
1.0,2.0,0.0,0.0,0.0,1.0,0.0,0.0,0.0,1.0,0.0,0.0,0.0,0.0,0.0,0.0,1.0,0.0,6.0,1.0,6.0,3.0,4.0,5.0,4.0,1.0,11.0,0.0,2.0,128.0
0.0,1.0,1.0,0.0,0.0,0.0,0.0,0.0,1.0,0.0,0.0,0.0,1.0,0.0,0.0,0.0,0.0,0.0,30.0,1.0,11.0,2.0,4.0,4.0,3.0,1.0,13.0,1.0,4.0,206.0
1.0,0.0,0.0,0.0,0.0,1.0,0.0,0.0,0.0,1.0,0.0,0.0,0.0,0.0,1.0,0.0,0.0,0.0,4.0,3.0,16.0,2.0,4.0,3.0,4.0,0.0,15.0,3.0,2.0,123.0
0.0,0.0,0.0,0.0,1.0,0.0,0.0,0.0,0.0,1.0,0.0,0.0,0.0,0.0,1.0,0.0,0.0,0.0,8.0,1.0,27.0,2.0,3.0,2.0,2.0,1.0,25.0,0.0,7.0,140.0
0.0,0.0,1.0,0.0,0.0,0.0,0.0,0.0,1.0,0.0,0.0,0.0,0.0,0.0,0.0,0.0,1.0,0.0,22.0,1.0,14.0,2.0,3.0,4.0,5.0,0.0,11.0,0.0,7.0,174.0
1.0,0.0,0.0,0.0,0.0,1.0,0.0,0.0,0.0,1.0,1.0,0.0,0.0,0.0,0.0,0.0,0.0,0.0,10.0,1.0,26.0,2.0,3.0,3.0,5.0,0.0,17.0,0.0,0.0,123.0
0.0,0.0,0.0,0.0,1.0,0.0,0.0,1.0,0.0,0.0,0.0,0.0,0.0,0.0,0.0,1.0,0.0,0.0,4.0,3.0,26.0,2.0,3.0,3.0,2.0,0.0,13.0,1.0,0.0,169.0
1.0,2.0,0.0,0.0,0.0,0.0,1.0,0.0,0.0,1.0,0.0,0.0,0.0,0.0,0.0,0.0,1.0,0.0,9.0,1.0,13.0,3.0,3.0,2.0,3.0,0.0,18.0,0.0,1.0,147.0
0.0,0.0,0.0,0.0,0.0,1.0,0.0,1.0,0.0,0.0,0.0,0.0,0.0,0.0,1.0,0.0,0.0,0.0,5.0,1.0,16.0,3.0,4.0,4.0,7.0,0.0,20.0,1.0,2.0,123.0
1.0,0.0,0.0,0.0,0.0,1.0,0.0,0.0,0.0,1.0,0.0,0.0,0.0,0.0,0.0,1.0,0.0,1.0,0.0,3.0,16.0,2.0,4.0,4.0,2.0,1.0,18.0,0.0,0.0,124.0
1.0,1.0,1.0,0.0,0.0,0.0,0.0,0.0,1.0,0.0,0.0,0.0,0.0,0.0,0.0,1.0,0.0,0.0,13.0,3.0,16.0,3.0,4.0,4.0,3.0,0.0,12.0,1.0,0.0,197.0
1.0,2.0,0.0,0.0,1.0,0.0,0.0,1.0,0.0,0.0,0.0,0.0,0.0,1.0,0.0,0.0,0.0,0.0,0.0,3.0,6.0,2.0,4.0,5.0,2.0,0.0,12.0,1.0,7.0,143.0
1.0,2.0,0.0,0.0,0.0,1.0,0.0,0.0,0.0,1.0,1.0,0.0,0.0,0.0,0.0,0.0,0.0,0.0,9.0,1.0,16.0,3.0,3.0,3.0,5.0,0.0,21.0,2.0,9.0,125.0
1.0,2.0,0.0,0.0,0.0,1.0,0.0,0.0,0.0,1.0,0.0,0.0,0.0,0.0,0.0,0.0,1.0,1.0,10.0,3.0,27.0,2.0,4.0,4.0,2.0,1.0,13.0,0.0,0.0,121.0
1.0,2.0,0.0,0.0,0.0,1.0,0.0,0.0,0.0,1.0,0.0,1.0,0.0,0.0,0.0,0.0,0.0,1.0,0.0,1.0,10.0,3.0,3.0,5.0,2.0,0.0,19.0,1.0,0.0,130.0
0.0,0.0,0.0,0.0,1.0,0.0,0.0,0.0,1.0,0.0,0.0,0.0,0.0,1.0,0.0,0.0,0.0,0.0,4.0,1.0,18.0,2.0,3.0,2.0,1.0,1.0,11.0,0.0,5.0,159.0
1.0,1.0,0.0,0.0,0.0,0.0,1.0,1.0,0.0,0.0,0.0,0.0,0.0,1.0,0.0,0.0,0.0,0.0,13.0,1.0,15.0,2.0,3.0,4.0,9.0,1.0,14.0,0.0,0.0,136.0
1.0,0.0,1.0,0.0,0.0,0.0,0.0,0.0,1.0,0.0,0.0,0.0,0.0,0.0,1.0,0.0,0.0,1.0,0.0,3.0,9.0,2.0,4.0,2.0,2.0,1.0,11.0,3.0,7.0,203.0
0.0,2.0,0.0,0.0,1.0,0.0,0.0,0.0,1.0,0.0,0.0,0.0,0.0,0.0,1.0,0.0,0.0,0.0,6.0,1.0,6.0,2.0,4.0,2.0,1.0,0.0,14.0,0.0,4.0,169.0
1.0,0.0,1.0,0.0,0.0,0.0,0.0,0.0,1.0,0.0,0.0,0.0,0.0,0.0,1.0,0.0,0.0,1.0,0.0,3.0,6.0,2.0,4.0,3.0,6.0,0.0,11.0,1.0,7.0,206.0
1.0,0.0,0.0,0.0,1.0,0.0,0.0,1.0,0.0,0.0,0.0,0.0,0.0,0.0,1.0,0.0,0.0,0.0,18.0,1.0,10.0,2.0,3.0,4.0,2.0,0.0,12.0,1.0,8.0,144.0
0.0,0.0,0.0,0.0,0.0,1.0,0.0,1.0,0.0,0.0,0.0,0.0,1.0,0.0,0.0,0.0,0.0,0.0,10.0,3.0,26.0,2.0,3.0,2.0,2.0,0.0,15.0,0.0,2.0,122.0
0.0,0.0,0.0,0.0,1.0,0.0,0.0,0.0,0.0,1.0,0.0,0.0,0.0,1.0,0.0,0.0,0.0,0.0,8.0,3.0,24.0,2.0,3.0,3.0,2.0,0.0,16.0,1.0,0.0,146.0
1.0,2.0,0.0,0.0,0.0,1.0,0.0,0.0,0.0,1.0,0.0,1.0,0.0,0.0,0.0,0.0,0.0,1.0,20.0,1.0,16.0,2.0,3.0,3.0,5.0,0.0,24.0,1.0,0.0,125.0
0.0,2.0,0.0,0.0,1.0,0.0,0.0,1.0,0.0,0.0,0.0,1.0,0.0,0.0,0.0,0.0,0.0,0.0,11.0,3.0,16.0,2.0,3.0,2.0,2.0,1.0,13.0,0.0,3.0,157.0
1.0,1.0,1.0,0.0,0.0,0.0,0.0,0.0,1.0,0.0,0.0,0.0,0.0,0.0,1.0,0.0,0.0,0.0,8.0,3.0,9.0,3.0,3.0,2.0,7.0,0.0,13.0,0.0,8.0,178.0
1.0,1.0,0.0,0.0,1.0,0.0,0.0,1.0,0.0,0.0,0.0,1.0,0.0,0.0,0.0,0.0,0.0,0.0,9.0,3.0,14.0,2.0,3.0,2.0,5.0,0.0,13.0,1.0,7.0,151.0
1.0,2.0,0.0,0.0,0.0,1.0,0.0,1.0,0.0,0.0,1.0,0.0,0.0,0.0,0.0,0.0,0.0,1.0,0.0,1.0,16.0,2.0,4.0,5.0,1.0,1.0,22.0,1.0,2.0,123.0
0.0,2.0,0.0,0.0,0.0,1.0,0.0,0.0,0.0,1.0,0.0,0.0,0.0,0.0,1.0,0.0,0.0,1.0,0.0,1.0,16.0,3.0,4.0,5.0,7.0,1.0,20.0,1.0,0.0,124.0
0.0,2.0,0.0,0.0,0.0,1.0,0.0,0.0,0.0,1.0,0.0,0.0,0.0,0.0,1.0,0.0,0.0,0.0,6.0,1.0,19.0,2.0,3.0,2.0,4.0,0.0,18.0,1.0,2.0,135.0
0.0,1.0,0.0,0.0,0.0,1.0,0.0,0.0,0.0,1.0,1.0,0.0,0.0,0.0,0.0,0.0,0.0,0.0,10.0,1.0,6.0,3.0,3.0,2.0,4.0,0.0,14.0,0.0,2.0,123.0
0.0,0.0,0.0,0.0,0.0,1.0,0.0,0.0,0.0,1.0,0.0,1.0,0.0,0.0,0.0,0.0,0.0,0.0,0.0,1.0,22.0,3.0,3.0,4.0,10.0,0.0,14.0,2.0,2.0,128.0
1.0,0.0,0.0,0.0,1.0,0.0,0.0,1.0,0.0,0.0,0.0,0.0,0.0,0.0,1.0,0.0,0.0,0.0,18.0,1.0,29.0,2.0,3.0,5.0,2.0,1.0,15.0,1.0,8.0,136.0
0.0,2.0,0.0,0.0,1.0,0.0,0.0,0.0,0.0,1.0,0.0,0.0,0.0,0.0,1.0,0.0,0.0,0.0,20.0,3.0,10.0,2.0,3.0,2.0,2.0,1.0,17.0,1.0,7.0,142.0
0.0,0.0,0.0,0.0,0.0,1.0,0.0,0.0,0.0,1.0,0.0,0.0,0.0,0.0,1.0,0.0,0.0,1.0,10.0,1.0,28.0,2.0,3.0,3.0,5.0,1.0,11.0,0.0,1.0,121.0
1.0,0.0,0.0,0.0,0.0,1.0,0.0,1.0,0.0,0.0,1.0,0.0,0.0,0.0,0.0,0.0,0.0,0.0,11.0,1.0,16.0,3.0,3.0,3.0,1.0,0.0,17.0,0.0,2.0,127.0
1.0,1.0,1.0,0.0,0.0,0.0,0.0,0.0,1.0,0.0,0.0,0.0,0.0,1.0,0.0,0.0,0.0,0.0,19.0,1.0,13.0,3.0,3.0,3.0,7.0,0.0,13.0,0.0,7.0,208.0
0.0,1.0,0.0,0.0,1.0,0.0,0.0,0.0,0.0,1.0,0.0,0.0,0.0,1.0,0.0,0.0,0.0,0.0,0.0,1.0,23.0,2.0,4.0,3.0,2.0,0.0,15.0,2.0,2.0,144.0
1.0,1.0,0.0,0.0,0.0,0.0,1.0,0.0,0.0,1.0,0.0,0.0,0.0,0.0,0.0,0.0,1.0,1.0,0.0,1.0,20.0,2.0,4.0,4.0,2.0,1.0,24.0,1.0,2.0,137.0
0.0,0.0,0.0,0.0,1.0,0.0,0.0,1.0,0.0,0.0,0.0,0.0,0.0,0.0,1.0,0.0,0.0,0.0,4.0,1.0,6.0,3.0,3.0,5.0,2.0,0.0,12.0,1.0,3.0,141.0
1.0,2.0,0.0,0.0,0.0,0.0,1.0,1.0,0.0,0.0,0.0,0.0,0.0,0.0,1.0,0.0,0.0,0.0,0.0,1.0,11.0,3.0,3.0,2.0,2.0,0.0,15.0,1.0,0.0,111.0
0.0,0.0,1.0,0.0,0.0,0.0,0.0,0.0,1.0,0.0,0.0,0.0,1.0,0.0,0.0,0.0,0.0,0.0,27.0,1.0,23.0,2.0,3.0,3.0,9.0,0.0,11.0,1.0,8.0,207.0
0.0,1.0,1.0,0.0,0.0,0.0,0.0,0.0,1.0,0.0,0.0,0.0,0.0,1.0,0.0,0.0,0.0,0.0,8.0,1.0,31.0,2.0,3.0,3.0,2.0,1.0,11.0,2.0,1.0,204.0
0.0,2.0,0.0,0.0,0.0,1.0,0.0,0.0,0.0,1.0,1.0,0.0,0.0,0.0,0.0,0.0,0.0,1.0,0.0,1.0,16.0,3.0,4.0,5.0,2.0,1.0,15.0,0.0,0.0,126.0
0.0,2.0,0.0,0.0,0.0,1.0,0.0,1.0,0.0,0.0,1.0,0.0,0.0,0.0,0.0,0.0,0.0,1.0,0.0,1.0,16.0,2.0,3.0,4.0,1.0,0.0,17.0,0.0,2.0,124.0
1.0,0.0,0.0,0.0,0.0,1.0,0.0,0.0,0.0,1.0,0.0,0.0,0.0,0.0,1.0,0.0,0.0,0.0,0.0,1.0,16.0,3.0,5.0,5.0,2.0,0.0,15.0,1.0,1.0,125.0
1.0,2.0,0.0,0.0,1.0,0.0,0.0,0.0,0.0,1.0,0.0,0.0,0.0,0.0,1.0,0.0,0.0,0.0,21.0,1.0,12.0,3.0,4.0,3.0,3.0,0.0,13.0,0.0,2.0,142.0
1.0,2.0,1.0,0.0,0.0,0.0,0.0,0.0,1.0,0.0,0.0,0.0,0.0,0.0,1.0,0.0,0.0,0.0,21.0,1.0,10.0,3.0,4.0,3.0,8.0,0.0,14.0,1.0,5.0,210.0
0.0,2.0,0.0,0.0,1.0,0.0,0.0,0.0,1.0,0.0,0.0,0.0,0.0,1.0,0.0,0.0,0.0,0.0,14.0,1.0,13.0,2.0,3.0,3.0,7.0,0.0,14.0,1.0,1.0,150.0
0.0,0.0,0.0,1.0,0.0,0.0,0.0,0.0,1.0,0.0,0.0,0.0,0.0,0.0,1.0,0.0,0.0,0.0,12.0,1.0,6.0,3.0,4.0,2.0,2.0,0.0,16.0,0.0,5.0,227.0
0.0,0.0,0.0,0.0,1.0,0.0,0.0,0.0,0.0,1.0,0.0,0.0,0.0,0.0,1.0,0.0,0.0,0.0,0.0,1.0,8.0,2.0,3.0,2.0,1.0,0.0,18.0,0.0,2.0,142.0
1.0,1.0,0.0,0.0,0.0,0.0,1.0,0.0,0.0,1.0,0.0,0.0,0.0,0.0,0.0,0.0,1.0,0.0,8.0,1.0,16.0,2.0,3.0,2.0,2.0,0.0,20.0,1.0,2.0,139.0
1.0,0.0,0.0,0.0,0.0,1.0,0.0,0.0,0.0,1.0,0.0,0.0,0.0,0.0,1.0,0.0,0.0,0.0,23.0,1.0,16.0,3.0,3.0,2.0,5.0,0.0,18.0,1.0,0.0,124.0
0.0,0.0,0.0,0.0,1.0,0.0,0.0,0.0,0.0,1.0,0.0,0.0,0.0,1.0,0.0,0.0,0.0,1.0,0.0,1.0,17.0,3.0,5.0,4.0,6.0,0.0,15.0,1.0,0.0,148.0
1.0,2.0,0.0,0.0,1.0,0.0,0.0,0.0,1.0,0.0,0.0,0.0,0.0,0.0,1.0,0.0,0.0,0.0,11.0,3.0,9.0,2.0,3.0,2.0,9.0,1.0,12.0,1.0,0.0,169.0
1.0,2.0,0.0,0.0,1.0,0.0,0.0,1.0,0.0,0.0,0.0,0.0,0.0,1.0,0.0,0.0,0.0,1.0,0.0,3.0,35.0,3.0,5.0,5.0,9.0,0.0,18.0,0.0,2.0,150.0
0.0,0.0,0.0,0.0,1.0,0.0,0.0,1.0,0.0,0.0,0.0,0.0,0.0,0.0,1.0,0.0,0.0,0.0,23.0,3.0,6.0,3.0,3.0,3.0,1.0,0.0,12.0,1.0,13.0,163.0
0.0,2.0,1.0,0.0,0.0,0.0,0.0,1.0,0.0,0.0,0.0,0.0,0.0,1.0,0.0,0.0,0.0,0.0,12.0,1.0,28.0,2.0,3.0,5.0,2.0,1.0,13.0,1.0,8.0,209.0
0.0,2.0,0.0,0.0,0.0,1.0,0.0,1.0,0.0,0.0,0.0,0.0,0.0,0.0,1.0,0.0,0.0,0.0,6.0,3.0,16.0,2.0,4.0,2.0,1.0,0.0,19.0,2.0,2.0,123.0
1.0,0.0,1.0,0.0,0.0,0.0,0.0,0.0,1.0,0.0,0.0,0.0,1.0,0.0,0.0,0.0,0.0,0.0,30.0,3.0,6.0,3.0,3.0,2.0,4.0,1.0,14.0,0.0,5.0,219.0
1.0,2.0,0.0,0.0,0.0,1.0,0.0,0.0,0.0,1.0,1.0,0.0,0.0,0.0,0.0,0.0,0.0,0.0,10.0,2.0,30.0,2.0,3.0,4.0,2.0,0.0,16.0,0.0,4.0,122.0
0.0,0.0,1.0,0.0,0.0,0.0,0.0,1.0,0.0,0.0,0.0,0.0,0.0,0.0,0.0,1.0,0.0,0.0,26.0,3.0,8.0,2.0,4.0,4.0,3.0,0.0,12.0,0.0,12.0,175.0
1.0,1.0,0.0,0.0,1.0,0.0,0.0,0.0,0.0,1.0,0.0,0.0,0.0,0.0,0.0,0.0,1.0,1.0,0.0,1.0,21.0,2.0,3.0,3.0,8.0,0.0,14.0,0.0,0.0,148.0
1.0,0.0,0.0,0.0,0.0,1.0,0.0,1.0,0.0,0.0,0.0,0.0,0.0,0.0,1.0,0.0,0.0,1.0,10.0,1.0,8.0,2.0,3.0,5.0,7.0,1.0,14.0,1.0,2.0,120.0
0.0,0.0,0.0,0.0,0.0,1.0,0.0,0.0,0.0,1.0,0.0,0.0,0.0,0.0,1.0,0.0,0.0,0.0,10.0,3.0,16.0,2.0,3.0,3.0,2.0,1.0,19.0,0.0,0.0,122.0
1.0,0.0,0.0,0.0,0.0,0.0,1.0,0.0,1.0,0.0,0.0,0.0,0.0,1.0,0.0,0.0,0.0,0.0,1.0,3.0,16.0,3.0,3.0,4.0,2.0,0.0,22.0,1.0,0.0,111.0
1.0,0.0,0.0,0.0,0.0,1.0,0.0,1.0,0.0,0.0,0.0,0.0,0.0,0.0,0.0,0.0,1.0,0.0,11.0,1.0,9.0,3.0,3.0,3.0,4.0,0.0,16.0,2.0,2.0,128.0
0.0,2.0,0.0,0.0,1.0,0.0,0.0,0.0,0.0,1.0,0.0,0.0,0.0,0.0,0.0,0.0,1.0,0.0,10.0,1.0,9.0,2.0,3.0,4.0,4.0,0.0,15.0,1.0,1.0,141.0
0.0,1.0,0.0,0.0,0.0,1.0,0.0,1.0,0.0,0.0,1.0,0.0,0.0,0.0,0.0,0.0,0.0,0.0,10.0,1.0,6.0,3.0,4.0,3.0,2.0,0.0,13.0,1.0,3.0,120.0
0.0,0.0,0.0,0.0,0.0,1.0,0.0,1.0,0.0,0.0,1.0,0.0,0.0,0.0,0.0,0.0,0.0,0.0,29.0,1.0,15.0,3.0,3.0,3.0,3.0,0.0,19.0,0.0,3.0,129.0
0.0,2.0,0.0,0.0,0.0,1.0,0.0,1.0,0.0,0.0,0.0,0.0,0.0,0.0,0.0,1.0,0.0,1.0,0.0,3.0,16.0,2.0,3.0,2.0,2.0,1.0,14.0,0.0,2.0,123.0
0.0,2.0,0.0,0.0,0.0,0.0,1.0,0.0,1.0,0.0,0.0,0.0,0.0,0.0,1.0,0.0,0.0,1.0,10.0,1.0,16.0,2.0,4.0,5.0,2.0,0.0,13.0,1.0,0.0,114.0
0.0,1.0,0.0,0.0,1.0,0.0,0.0,0.0,0.0,1.0,0.0,0.0,0.0,0.0,1.0,0.0,0.0,0.0,19.0,1.0,14.0,3.0,4.0,5.0,9.0,1.0,23.0,1.0,7.0,146.0
1.0,0.0,0.0,0.0,0.0,1.0,0.0,0.0,0.0,1.0,0.0,0.0,0.0,0.0,1.0,0.0,0.0,1.0,14.0,1.0,16.0,2.0,3.0,3.0,10.0,1.0,12.0,1.0,7.0,125.0
1.0,2.0,1.0,0.0,0.0,0.0,0.0,1.0,0.0,0.0,0.0,1.0,0.0,0.0,0.0,0.0,0.0,1.0,0.0,1.0,30.0,3.0,4.0,5.0,2.0,0.0,12.0,0.0,9.0,187.0
1.0,0.0,0.0,0.0,0.0,0.0,1.0,0.0,0.0,1.0,0.0,0.0,0.0,1.0,0.0,0.0,0.0,0.0,0.0,1.0,6.0,2.0,4.0,5.0,2.0,0.0,16.0,0.0,3.0,140.0
1.0,0.0,0.0,0.0,1.0,0.0,0.0,0.0,1.0,0.0,0.0,0.0,0.0,0.0,0.0,0.0,1.0,0.0,3.0,1.0,26.0,2.0,3.0,5.0,1.0,0.0,15.0,1.0,2.0,200.0
0.0,0.0,1.0,0.0,0.0,0.0,0.0,0.0,1.0,0.0,0.0,0.0,0.0,0.0,1.0,0.0,0.0,0.0,11.0,1.0,23.0,3.0,4.0,3.0,1.0,0.0,18.0,0.0,9.0,188.0
1.0,0.0,0.0,0.0,0.0,0.0,1.0,1.0,0.0,0.0,0.0,0.0,0.0,0.0,1.0,0.0,0.0,0.0,0.0,1.0,14.0,2.0,5.0,3.0,2.0,0.0,19.0,1.0,2.0,146.0
1.0,0.0,1.0,0.0,0.0,0.0,0.0,1.0,0.0,0.0,0.0,0.0,0.0,0.0,1.0,0.0,0.0,0.0,28.0,1.0,8.0,3.0,3.0,4.0,4.0,0.0,18.0,1.0,5.0,210.0
0.0,2.0,0.0,0.0,1.0,0.0,0.0,0.0,0.0,1.0,0.0,0.0,0.0,0.0,0.0,0.0,1.0,0.0,1.0,1.0,16.0,2.0,3.0,3.0,4.0,0.0,13.0,1.0,7.0,137.0
1.0,0.0,1.0,0.0,0.0,0.0,0.0,0.0,1.0,0.0,0.0,0.0,0.0,1.0,0.0,0.0,0.0,1.0,7.0,2.0,6.0,3.0,4.0,5.0,10.0,0.0,14.0,2.0,6.0,205.0
1.0,1.0,1.0,0.0,0.0,0.0,0.0,0.0,1.0,0.0,0.0,0.0,0.0,0.0,1.0,0.0,0.0,0.0,6.0,1.0,11.0,2.0,4.0,2.0,5.0,0.0,15.0,0.0,2.0,171.0
1.0,2.0,1.0,0.0,0.0,0.0,0.0,0.0,1.0,0.0,0.0,0.0,1.0,0.0,0.0,0.0,0.0,1.0,0.0,3.0,10.0,2.0,3.0,5.0,1.0,1.0,22.0,3.0,7.0,196.0
0.0,2.0,0.0,0.0,1.0,0.0,0.0,1.0,0.0,0.0,0.0,0.0,0.0,1.0,0.0,0.0,0.0,1.0,0.0,1.0,35.0,2.0,4.0,3.0,2.0,0.0,22.0,3.0,8.0,145.0
1.0,1.0,0.0,0.0,0.0,1.0,0.0,0.0,0.0,1.0,0.0,0.0,0.0,0.0,1.0,0.0,0.0,0.0,10.0,1.0,21.0,2.0,3.0,3.0,2.0,0.0,16.0,2.0,2.0,122.0
1.0,2.0,0.0,0.0,1.0,0.0,0.0,1.0,0.0,0.0,0.0,0.0,0.0,0.0,1.0,0.0,0.0,0.0,7.0,1.0,9.0,2.0,3.0,2.0,1.0,0.0,17.0,1.0,4.0,178.0
0.0,1.0,0.0,0.0,1.0,0.0,0.0,0.0,1.0,0.0,0.0,0.0,0.0,0.0,1.0,0.0,0.0,0.0,10.0,3.0,16.0,2.0,4.0,2.0,3.0,1.0,14.0,0.0,0.0,167.0
1.0,1.0,0.0,0.0,0.0,1.0,0.0,0.0,0.0,1.0,1.0,0.0,0.0,0.0,0.0,0.0,0.0,1.0,0.0,1.0,16.0,2.0,3.0,3.0,2.0,0.0,20.0,1.0,0.0,124.0
1.0,2.0,0.0,0.0,0.0,1.0,0.0,0.0,0.0,1.0,1.0,0.0,0.0,0.0,0.0,0.0,0.0,1.0,10.0,1.0,31.0,2.0,4.0,4.0,5.0,1.0,20.0,0.0,2.0,123.0
1.0,1.0,0.0,0.0,0.0,1.0,0.0,1.0,0.0,0.0,1.0,0.0,0.0,0.0,0.0,0.0,0.0,1.0,0.0,1.0,16.0,2.0,4.0,4.0,2.0,0.0,15.0,0.0,0.0,126.0
1.0,2.0,0.0,0.0,1.0,0.0,0.0,1.0,0.0,0.0,0.0,0.0,0.0,0.0,0.0,0.0,1.0,1.0,13.0,3.0,6.0,2.0,3.0,3.0,4.0,1.0,14.0,0.0,0.0,147.0
0.0,0.0,0.0,0.0,1.0,0.0,0.0,1.0,0.0,0.0,0.0,0.0,0.0,0.0,1.0,0.0,0.0,0.0,6.0,3.0,13.0,1.0,3.0,4.0,1.0,0.0,17.0,1.0,2.0,143.0
1.0,0.0,0.0,0.0,0.0,1.0,0.0,1.0,0.0,0.0,0.0,0.0,0.0,0.0,1.0,0.0,0.0,0.0,7.0,1.0,9.0,3.0,4.0,2.0,4.0,0.0,17.0,1.0,0.0,130.0
0.0,0.0,0.0,0.0,1.0,0.0,0.0,1.0,0.0,0.0,0.0,0.0,0.0,0.0,1.0,0.0,0.0,0.0,18.0,3.0,15.0,3.0,4.0,3.0,2.0,0.0,13.0,0.0,12.0,156.0
1.0,2.0,1.0,0.0,0.0,0.0,0.0,0.0,1.0,0.0,0.0,0.0,0.0,0.0,1.0,0.0,0.0,0.0,25.0,1.0,13.0,2.0,3.0,4.0,8.0,0.0,19.0,3.0,0.0,204.0
1.0,1.0,1.0,0.0,0.0,0.0,0.0,0.0,1.0,0.0,0.0,0.0,0.0,0.0,0.0,1.0,0.0,0.0,11.0,3.0,16.0,3.0,4.0,3.0,1.0,1.0,14.0,2.0,7.0,187.0
0.0,1.0,0.0,0.0,0.0,1.0,0.0,0.0,0.0,1.0,0.0,0.0,0.0,0.0,1.0,0.0,0.0,0.0,2.0,1.0,16.0,3.0,3.0,2.0,5.0,0.0,22.0,0.0,7.0,125.0
0.0,1.0,1.0,0.0,0.0,0.0,0.0,0.0,1.0,0.0,0.0,0.0,0.0,1.0,0.0,0.0,0.0,0.0,1.0,1.0,9.0,3.0,3.0,4.0,1.0,0.0,17.0,0.0,7.0,177.0
1.0,2.0,1.0,0.0,0.0,0.0,0.0,0.0,1.0,0.0,0.0,0.0,0.0,0.0,0.0,1.0,0.0,0.0,11.0,3.0,8.0,2.0,3.0,4.0,8.0,0.0,16.0,1.0,0.0,174.0
0.0,0.0,1.0,0.0,0.0,0.0,0.0,1.0,0.0,0.0,0.0,0.0,0.0,0.0,1.0,0.0,0.0,0.0,16.0,1.0,33.0,2.0,3.0,5.0,9.0,0.0,11.0,0.0,1.0,208.0
0.0,2.0,0.0,0.0,0.0,1.0,0.0,0.0,0.0,1.0,0.0,0.0,1.0,0.0,0.0,0.0,0.0,0.0,10.0,1.0,6.0,3.0,4.0,4.0,2.0,1.0,11.0,0.0,2.0,121.0
1.0,2.0,0.0,0.0,1.0,0.0,0.0,1.0,0.0,0.0,0.0,0.0,0.0,0.0,1.0,0.0,0.0,0.0,9.0,1.0,24.0,3.0,3.0,2.0,3.0,0.0,20.0,1.0,9.0,178.0
1.0,0.0,0.0,0.0,0.0,1.0,0.0,0.0,0.0,1.0,0.0,0.0,0.0,0.0,1.0,0.0,0.0,0.0,1.0,1.0,8.0,3.0,4.0,4.0,1.0,0.0,17.0,0.0,4.0,132.0
1.0,1.0,0.0,0.0,1.0,0.0,0.0,1.0,0.0,0.0,0.0,0.0,0.0,0.0,0.0,1.0,0.0,0.0,8.0,3.0,17.0,2.0,3.0,2.0,2.0,0.0,11.0,0.0,2.0,150.0
1.0,2.0,0.0,0.0,1.0,0.0,0.0,1.0,0.0,0.0,0.0,0.0,0.0,0.0,1.0,0.0,0.0,0.0,7.0,1.0,8.0,3.0,3.0,3.0,3.0,0.0,11.0,1.0,2.0,140.0
0.0,1.0,0.0,0.0,0.0,1.0,0.0,1.0,0.0,0.0,0.0,0.0,0.0,0.0,1.0,0.0,0.0,0.0,2.0,1.0,16.0,3.0,3.0,4.0,1.0,0.0,14.0,1.0,1.0,133.0
1.0,2.0,0.0,0.0,1.0,0.0,0.0,0.0,0.0,1.0,0.0,0.0,0.0,1.0,0.0,0.0,0.0,0.0,15.0,1.0,35.0,2.0,5.0,2.0,5.0,0.0,19.0,1.0,0.0,143.0
1.0,0.0,0.0,0.0,1.0,0.0,0.0,0.0,1.0,0.0,0.0,0.0,0.0,1.0,0.0,0.0,0.0,0.0,2.0,1.0,14.0,3.0,4.0,2.0,2.0,1.0,13.0,0.0,2.0,151.0
1.0,1.0,0.0,0.0,0.0,1.0,0.0,1.0,0.0,0.0,0.0,0.0,0.0,0.0,1.0,0.0,0.0,0.0,4.0,1.0,12.0,3.0,4.0,3.0,2.0,1.0,14.0,1.0,2.0,127.0
1.0,2.0,0.0,0.0,0.0,0.0,1.0,1.0,0.0,0.0,1.0,0.0,0.0,0.0,0.0,0.0,0.0,1.0,10.0,1.0,14.0,3.0,3.0,3.0,2.0,0.0,12.0,0.0,0.0,119.0
0.0,2.0,0.0,0.0,1.0,0.0,0.0,0.0,1.0,0.0,0.0,0.0,0.0,0.0,0.0,1.0,0.0,1.0,0.0,3.0,15.0,3.0,3.0,5.0,1.0,1.0,17.0,0.0,3.0,182.0
1.0,0.0,0.0,0.0,0.0,0.0,1.0,0.0,0.0,1.0,0.0,0.0,0.0,0.0,1.0,0.0,0.0,0.0,14.0,1.0,18.0,2.0,3.0,2.0,4.0,1.0,11.0,1.0,0.0,148.0
1.0,0.0,0.0,0.0,0.0,1.0,0.0,1.0,0.0,0.0,1.0,0.0,0.0,0.0,0.0,0.0,0.0,1.0,0.0,1.0,16.0,3.0,3.0,3.0,2.0,0.0,12.0,2.0,2.0,126.0
0.0,1.0,0.0,0.0,1.0,0.0,0.0,0.0,1.0,0.0,0.0,0.0,0.0,1.0,0.0,0.0,0.0,0.0,10.0,1.0,31.0,2.0,4.0,2.0,8.0,0.0,13.0,0.0,3.0,157.0
1.0,0.0,0.0,0.0,0.0,1.0,0.0,0.0,0.0,1.0,0.0,0.0,0.0,0.0,1.0,0.0,0.0,0.0,0.0,1.0,16.0,2.0,4.0,3.0,2.0,0.0,13.0,2.0,2.0,125.0
0.0,0.0,0.0,0.0,1.0,0.0,0.0,0.0,1.0,0.0,0.0,0.0,0.0,0.0,1.0,0.0,0.0,0.0,7.0,3.0,15.0,3.0,3.0,3.0,2.0,0.0,20.0,1.0,3.0,157.0
1.0,2.0,0.0,0.0,0.0,0.0,1.0,0.0,0.0,1.0,0.0,1.0,0.0,0.0,0.0,0.0,0.0,0.0,8.0,2.0,14.0,3.0,3.0,3.0,2.0,0.0,17.0,0.0,4.0,143.0
0.0,0.0,1.0,0.0,0.0,0.0,0.0,0.0,1.0,0.0,0.0,0.0,0.0,0.0,1.0,0.0,0.0,1.0,0.0,3.0,29.0,2.0,4.0,5.0,2.0,0.0,13.0,0.0,10.0,173.0
1.0,2.0,0.0,0.0,1.0,0.0,0.0,0.0,1.0,0.0,0.0,0.0,0.0,0.0,0.0,1.0,0.0,0.0,15.0,3.0,10.0,2.0,3.0,5.0,8.0,0.0,13.0,1.0,5.0,152.0
1.0,0.0,0.0,0.0,0.0,1.0,0.0,0.0,0.0,1.0,1.0,0.0,0.0,0.0,0.0,0.0,0.0,0.0,10.0,1.0,6.0,2.0,4.0,3.0,7.0,0.0,12.0,1.0,7.0,123.0
1.0,2.0,0.0,0.0,0.0,0.0,1.0,0.0,0.0,1.0,0.0,0.0,0.0,1.0,0.0,0.0,0.0,0.0,0.0,1.0,30.0,2.0,3.0,4.0,9.0,0.0,22.0,1.0,2.0,136.0
0.0,0.0,0.0,0.0,0.0,1.0,0.0,0.0,0.0,1.0,0.0,0.0,0.0,0.0,1.0,0.0,0.0,1.0,0.0,1.0,16.0,3.0,3.0,2.0,2.0,1.0,11.0,1.0,0.0,125.0
1.0,0.0,0.0,0.0,1.0,0.0,0.0,0.0,1.0,0.0,0.0,0.0,0.0,0.0,0.0,1.0,0.0,0.0,3.0,3.0,16.0,3.0,4.0,3.0,2.0,0.0,18.0,1.0,4.0,166.0
0.0,0.0,0.0,0.0,1.0,0.0,0.0,1.0,0.0,0.0,0.0,0.0,0.0,1.0,0.0,0.0,0.0,0.0,13.0,1.0,32.0,3.0,4.0,2.0,4.0,1.0,13.0,1.0,0.0,144.0
1.0,2.0,0.0,0.0,1.0,0.0,0.0,1.0,0.0,0.0,0.0,0.0,0.0,1.0,0.0,0.0,0.0,0.0,7.0,1.0,6.0,3.0,4.0,5.0,1.0,0.0,20.0,1.0,9.0,153.0
1.0,0.0,0.0,0.0,0.0,1.0,0.0,1.0,0.0,0.0,0.0,0.0,0.0,0.0,0.0,0.0,1.0,0.0,8.0,1.0,16.0,2.0,4.0,2.0,2.0,0.0,13.0,2.0,2.0,124.0
0.0,2.0,0.0,0.0,1.0,0.0,0.0,0.0,1.0,0.0,0.0,0.0,0.0,0.0,0.0,1.0,0.0,1.0,6.0,3.0,15.0,2.0,5.0,3.0,9.0,0.0,13.0,1.0,3.0,153.0
0.0,1.0,0.0,0.0,0.0,1.0,0.0,1.0,0.0,0.0,0.0,0.0,0.0,0.0,1.0,0.0,0.0,0.0,5.0,3.0,8.0,3.0,3.0,5.0,2.0,0.0,12.0,0.0,0.0,128.0
0.0,0.0,0.0,0.0,0.0,1.0,0.0,0.0,0.0,1.0,1.0,0.0,0.0,0.0,0.0,0.0,0.0,0.0,2.0,1.0,12.0,3.0,3.0,2.0,2.0,0.0,13.0,0.0,8.0,131.0
1.0,2.0,0.0,0.0,0.0,1.0,0.0,0.0,0.0,1.0,0.0,0.0,0.0,0.0,1.0,0.0,0.0,0.0,0.0,1.0,16.0,2.0,3.0,5.0,2.0,0.0,25.0,0.0,0.0,126.0
0.0,0.0,0.0,0.0,0.0,0.0,1.0,0.0,0.0,1.0,0.0,0.0,0.0,1.0,0.0,0.0,0.0,0.0,18.0,1.0,13.0,2.0,3.0,3.0,5.0,1.0,19.0,1.0,2.0,145.0
0.0,0.0,0.0,0.0,1.0,0.0,0.0,0.0,1.0,0.0,0.0,0.0,0.0,0.0,1.0,0.0,0.0,0.0,10.0,1.0,6.0,2.0,4.0,2.0,2.0,0.0,13.0,3.0,11.0,165.0
1.0,2.0,0.0,0.0,0.0,1.0,0.0,0.0,0.0,1.0,0.0,0.0,0.0,0.0,1.0,0.0,0.0,0.0,0.0,1.0,9.0,3.0,4.0,3.0,2.0,0.0,12.0,0.0,2.0,130.0
1.0,2.0,0.0,0.0,0.0,1.0,0.0,0.0,0.0,1.0,0.0,0.0,0.0,0.0,1.0,0.0,0.0,1.0,7.0,1.0,16.0,3.0,3.0,3.0,2.0,1.0,11.0,1.0,2.0,129.0
0.0,0.0,0.0,0.0,0.0,1.0,0.0,0.0,0.0,1.0,0.0,0.0,0.0,0.0,1.0,0.0,0.0,0.0,10.0,1.0,21.0,3.0,5.0,2.0,1.0,1.0,18.0,1.0,3.0,122.0
1.0,0.0,0.0,0.0,0.0,1.0,0.0,1.0,0.0,0.0,0.0,0.0,0.0,0.0,1.0,0.0,0.0,1.0,0.0,1.0,9.0,3.0,4.0,2.0,1.0,1.0,11.0,0.0,0.0,129.0
1.0,2.0,0.0,0.0,0.0,1.0,0.0,1.0,0.0,0.0,0.0,0.0,0.0,0.0,1.0,0.0,0.0,0.0,10.0,1.0,23.0,3.0,5.0,3.0,3.0,0.0,13.0,1.0,0.0,123.0
1.0,0.0,0.0,0.0,0.0,0.0,1.0,0.0,0.0,1.0,0.0,0.0,0.0,0.0,0.0,0.0,1.0,0.0,6.0,2.0,8.0,2.0,3.0,3.0,2.0,0.0,13.0,0.0,4.0,136.0
1.0,1.0,0.0,0.0,0.0,1.0,0.0,1.0,0.0,0.0,0.0,0.0,0.0,0.0,1.0,0.0,0.0,1.0,10.0,1.0,11.0,3.0,4.0,5.0,7.0,0.0,17.0,1.0,0.0,121.0
1.0,1.0,0.0,0.0,1.0,0.0,0.0,0.0,0.0,1.0,0.0,0.0,0.0,0.0,1.0,0.0,0.0,0.0,3.0,3.0,35.0,3.0,3.0,5.0,9.0,0.0,19.0,1.0,3.0,141.0
1.0,0.0,0.0,0.0,1.0,0.0,0.0,1.0,0.0,0.0,0.0,0.0,0.0,1.0,0.0,0.0,0.0,0.0,13.0,3.0,8.0,3.0,3.0,4.0,6.0,0.0,12.0,1.0,0.0,143.0
1.0,0.0,0.0,0.0,0.0,1.0,0.0,0.0,0.0,1.0,1.0,0.0,0.0,0.0,0.0,0.0,0.0,0.0,1.0,1.0,25.0,3.0,4.0,5.0,2.0,0.0,12.0,1.0,3.0,132.0
1.0,0.0,0.0,0.0,1.0,0.0,0.0,0.0,1.0,0.0,0.0,0.0,0.0,0.0,1.0,0.0,0.0,0.0,8.0,3.0,23.0,3.0,3.0,5.0,4.0,1.0,15.0,1.0,7.0,190.0
0.0,0.0,0.0,0.0,0.0,1.0,0.0,0.0,0.0,1.0,0.0,0.0,0.0,0.0,1.0,0.0,0.0,1.0,10.0,1.0,23.0,3.0,3.0,4.0,2.0,0.0,13.0,0.0,0.0,122.0
0.0,0.0,0.0,0.0,1.0,0.0,0.0,1.0,0.0,0.0,0.0,0.0,0.0,1.0,0.0,0.0,0.0,0.0,6.0,3.0,31.0,2.0,3.0,3.0,2.0,0.0,12.0,0.0,1.0,145.0
1.0,1.0,0.0,0.0,0.0,1.0,0.0,0.0,0.0,1.0,0.0,0.0,0.0,0.0,1.0,0.0,0.0,0.0,9.0,1.0,12.0,3.0,5.0,3.0,2.0,0.0,14.0,0.0,7.0,127.0
1.0,1.0,0.0,0.0,1.0,0.0,0.0,0.0,1.0,0.0,0.0,1.0,0.0,0.0,0.0,0.0,0.0,0.0,19.0,1.0,8.0,2.0,3.0,2.0,3.0,0.0,11.0,1.0,4.0,174.0
0.0,0.0,0.0,0.0,0.0,1.0,0.0,1.0,0.0,0.0,0.0,0.0,0.0,0.0,0.0,0.0,1.0,0.0,5.0,1.0,19.0,3.0,4.0,4.0,2.0,0.0,20.0,0.0,2.0,127.0
0.0,2.0,0.0,0.0,1.0,0.0,0.0,1.0,0.0,0.0,0.0,0.0,0.0,0.0,1.0,0.0,0.0,0.0,5.0,1.0,8.0,2.0,3.0,3.0,5.0,1.0,14.0,1.0,7.0,150.0
1.0,0.0,0.0,0.0,0.0,1.0,0.0,0.0,0.0,1.0,1.0,0.0,0.0,0.0,0.0,0.0,0.0,0.0,6.0,1.0,15.0,3.0,3.0,2.0,1.0,0.0,13.0,1.0,10.0,128.0
0.0,1.0,0.0,0.0,1.0,0.0,0.0,0.0,1.0,0.0,0.0,1.0,0.0,0.0,0.0,0.0,0.0,0.0,13.0,3.0,16.0,2.0,4.0,4.0,8.0,0.0,12.0,1.0,3.0,169.0
1.0,2.0,0.0,0.0,1.0,0.0,0.0,0.0,0.0,1.0,0.0,0.0,0.0,0.0,1.0,0.0,0.0,0.0,0.0,3.0,16.0,2.0,3.0,2.0,1.0,0.0,14.0,0.0,1.0,150.0
1.0,0.0,0.0,0.0,0.0,0.0,1.0,0.0,0.0,1.0,0.0,0.0,0.0,1.0,0.0,0.0,0.0,0.0,3.0,1.0,6.0,3.0,3.0,4.0,1.0,1.0,21.0,1.0,7.0,136.0
0.0,0.0,1.0,0.0,0.0,0.0,0.0,1.0,0.0,0.0,0.0,0.0,0.0,0.0,0.0,1.0,0.0,0.0,8.0,3.0,14.0,3.0,4.0,2.0,5.0,1.0,11.0,2.0,12.0,204.0
1.0,0.0,0.0,0.0,0.0,1.0,0.0,0.0,0.0,1.0,0.0,0.0,0.0,0.0,1.0,0.0,0.0,0.0,10.0,1.0,20.0,2.0,3.0,5.0,2.0,1.0,14.0,2.0,8.0,122.0
0.0,1.0,1.0,0.0,0.0,0.0,0.0,1.0,0.0,0.0,0.0,0.0,0.0,0.0,1.0,0.0,0.0,0.0,27.0,1.0,6.0,2.0,3.0,3.0,8.0,0.0,17.0,1.0,4.0,205.0
0.0,2.0,0.0,0.0,0.0,0.0,1.0,1.0,0.0,0.0,1.0,0.0,0.0,0.0,0.0,0.0,0.0,1.0,10.0,1.0,16.0,3.0,4.0,4.0,2.0,1.0,25.0,1.0,0.0,119.0
0.0,1.0,0.0,0.0,0.0,0.0,1.0,0.0,0.0,1.0,0.0,0.0,0.0,0.0,1.0,0.0,0.0,0.0,2.0,1.0,6.0,3.0,3.0,2.0,2.0,0.0,15.0,0.0,2.0,138.0
1.0,0.0,0.0,0.0,1.0,0.0,0.0,0.0,1.0,0.0,0.0,0.0,0.0,1.0,0.0,0.0,0.0,0.0,4.0,1.0,17.0,3.0,3.0,5.0,2.0,1.0,12.0,0.0,1.0,168.0
0.0,2.0,0.0,0.0,1.0,0.0,0.0,0.0,1.0,0.0,0.0,0.0,0.0,1.0,0.0,0.0,0.0,0.0,4.0,1.0,30.0,3.0,4.0,5.0,2.0,0.0,19.0,0.0,8.0,168.0
0.0,2.0,0.0,0.0,1.0,0.0,0.0,0.0,1.0,0.0,0.0,0.0,0.0,0.0,1.0,0.0,0.0,0.0,30.0,3.0,9.0,2.0,4.0,2.0,6.0,0.0,17.0,0.0,5.0,152.0
1.0,0.0,0.0,0.0,0.0,0.0,1.0,1.0,0.0,0.0,0.0,1.0,0.0,0.0,0.0,0.0,0.0,0.0,9.0,1.0,9.0,2.0,3.0,4.0,2.0,0.0,12.0,1.0,7.0,137.0
1.0,1.0,0.0,0.0,0.0,1.0,0.0,0.0,0.0,1.0,0.0,0.0,0.0,0.0,1.0,0.0,0.0,0.0,0.0,1.0,16.0,3.0,3.0,3.0,2.0,0.0,11.0,1.0,3.0,125.0
1.0,1.0,0.0,0.0,1.0,0.0,0.0,0.0,1.0,0.0,0.0,0.0,0.0,0.0,1.0,0.0,0.0,0.0,2.0,1.0,13.0,2.0,3.0,2.0,2.0,1.0,11.0,0.0,0.0,166.0
1.0,0.0,0.0,0.0,0.0,0.0,1.0,0.0,1.0,0.0,0.0,0.0,0.0,0.0,1.0,0.0,0.0,0.0,10.0,1.0,6.0,2.0,3.0,3.0,2.0,0.0,22.0,0.0,1.0,112.0
1.0,2.0,0.0,0.0,0.0,0.0,1.0,1.0,0.0,0.0,0.0,0.0,0.0,0.0,1.0,0.0,0.0,1.0,0.0,3.0,30.0,3.0,5.0,2.0,2.0,1.0,14.0,1.0,0.0,111.0
1.0,2.0,0.0,0.0,0.0,1.0,0.0,0.0,0.0,1.0,0.0,0.0,0.0,0.0,1.0,0.0,0.0,0.0,0.0,1.0,10.0,3.0,3.0,2.0,2.0,1.0,20.0,0.0,2.0,129.0
0.0,2.0,0.0,0.0,0.0,1.0,0.0,1.0,0.0,0.0,0.0,0.0,0.0,0.0,1.0,0.0,0.0,1.0,0.0,1.0,16.0,2.0,4.0,3.0,2.0,0.0,20.0,2.0,2.0,126.0
0.0,2.0,0.0,0.0,1.0,0.0,0.0,0.0,0.0,1.0,0.0,0.0,0.0,0.0,0.0,1.0,0.0,0.0,7.0,3.0,8.0,2.0,3.0,5.0,1.0,1.0,12.0,1.0,2.0,145.0
1.0,2.0,1.0,0.0,0.0,0.0,0.0,0.0,1.0,0.0,0.0,0.0,0.0,1.0,0.0,0.0,0.0,0.0,30.0,1.0,24.0,3.0,3.0,2.0,7.0,0.0,12.0,1.0,4.0,205.0
0.0,1.0,0.0,0.0,1.0,0.0,0.0,1.0,0.0,0.0,0.0,0.0,0.0,1.0,0.0,0.0,0.0,0.0,7.0,1.0,25.0,2.0,3.0,4.0,5.0,0.0,13.0,3.0,10.0,144.0
1.0,2.0,0.0,0.0,0.0,1.0,0.0,1.0,0.0,0.0,1.0,0.0,0.0,0.0,0.0,0.0,0.0,0.0,10.0,1.0,6.0,2.0,3.0,3.0,1.0,1.0,11.0,0.0,2.0,122.0
1.0,0.0,0.0,0.0,1.0,0.0,0.0,1.0,0.0,0.0,0.0,0.0,0.0,0.0,1.0,0.0,0.0,0.0,7.0,2.0,17.0,2.0,4.0,4.0,5.0,0.0,11.0,0.0,8.0,145.0
1.0,0.0,0.0,0.0,0.0,1.0,0.0,0.0,0.0,1.0,0.0,0.0,0.0,0.0,1.0,0.0,0.0,0.0,8.0,1.0,12.0,3.0,3.0,3.0,1.0,1.0,14.0,1.0,2.0,135.0
0.0,0.0,1.0,0.0,0.0,0.0,0.0,0.0,1.0,0.0,0.0,0.0,0.0,1.0,0.0,0.0,0.0,1.0,7.0,1.0,21.0,3.0,3.0,2.0,2.0,0.0,11.0,0.0,5.0,180.0
1.0,0.0,0.0,0.0,0.0,0.0,1.0,1.0,0.0,0.0,0.0,0.0,0.0,0.0,1.0,0.0,0.0,0.0,1.0,1.0,8.0,2.0,4.0,2.0,2.0,1.0,12.0,2.0,2.0,139.0
0.0,2.0,0.0,0.0,1.0,0.0,0.0,1.0,0.0,0.0,0.0,0.0,0.0,1.0,0.0,0.0,0.0,0.0,3.0,1.0,15.0,3.0,3.0,3.0,8.0,1.0,18.0,1.0,7.0,147.0
0.0,1.0,0.0,0.0,0.0,1.0,0.0,0.0,0.0,1.0,0.0,1.0,0.0,0.0,0.0,0.0,0.0,1.0,0.0,1.0,13.0,2.0,3.0,3.0,4.0,1.0,13.0,1.0,7.0,133.0
1.0,2.0,0.0,0.0,0.0,1.0,0.0,0.0,0.0,1.0,0.0,0.0,1.0,0.0,0.0,0.0,0.0,0.0,10.0,1.0,6.0,2.0,3.0,5.0,3.0,0.0,11.0,0.0,2.0,121.0
0.0,2.0,0.0,0.0,0.0,1.0,0.0,0.0,0.0,1.0,1.0,0.0,0.0,0.0,0.0,0.0,0.0,0.0,10.0,1.0,6.0,2.0,3.0,4.0,2.0,0.0,18.0,1.0,1.0,121.0
1.0,1.0,0.0,0.0,0.0,1.0,0.0,0.0,0.0,1.0,0.0,0.0,0.0,0.0,1.0,0.0,0.0,0.0,30.0,1.0,16.0,2.0,3.0,3.0,2.0,0.0,12.0,2.0,2.0,124.0
1.0,0.0,0.0,0.0,1.0,0.0,0.0,0.0,0.0,1.0,0.0,0.0,0.0,0.0,1.0,0.0,0.0,1.0,0.0,1.0,13.0,3.0,3.0,3.0,2.0,0.0,18.0,1.0,1.0,149.0
1.0,2.0,0.0,0.0,0.0,0.0,1.0,0.0,0.0,1.0,0.0,0.0,0.0,1.0,0.0,0.0,0.0,1.0,2.0,1.0,29.0,3.0,3.0,5.0,1.0,0.0,13.0,0.0,3.0,139.0
0.0,0.0,1.0,0.0,0.0,0.0,0.0,0.0,1.0,0.0,0.0,1.0,0.0,0.0,0.0,0.0,0.0,0.0,9.0,1.0,16.0,3.0,3.0,3.0,4.0,0.0,12.0,0.0,7.0,171.0
0.0,2.0,0.0,0.0,0.0,1.0,0.0,0.0,0.0,1.0,0.0,0.0,0.0,0.0,1.0,0.0,0.0,0.0,19.0,2.0,6.0,2.0,3.0,5.0,7.0,0.0,12.0,3.0,7.0,134.0
1.0,2.0,1.0,0.0,0.0,0.0,0.0,0.0,1.0,0.0,0.0,0.0,0.0,0.0,0.0,1.0,0.0,1.0,3.0,3.0,31.0,2.0,4.0,4.0,3.0,1.0,12.0,0.0,0.0,191.0
0.0,0.0,1.0,0.0,0.0,0.0,0.0,0.0,1.0,0.0,0.0,0.0,0.0,1.0,0.0,0.0,0.0,0.0,3.0,1.0,23.0,3.0,3.0,5.0,2.0,1.0,23.0,0.0,5.0,219.0
1.0,2.0,0.0,0.0,1.0,0.0,0.0,0.0,0.0,1.0,0.0,0.0,0.0,0.0,1.0,0.0,0.0,0.0,12.0,1.0,24.0,2.0,3.0,3.0,1.0,0.0,11.0,0.0,7.0,145.0
0.0,1.0,1.0,0.0,0.0,0.0,0.0,1.0,0.0,0.0,0.0,0.0,0.0,0.0,1.0,0.0,0.0,0.0,4.0,3.0,8.0,2.0,3.0,3.0,2.0,1.0,19.0,3.0,6.0,199.0
1.0,2.0,0.0,0.0,1.0,0.0,0.0,1.0,0.0,0.0,0.0,0.0,0.0,1.0,0.0,0.0,0.0,0.0,14.0,3.0,16.0,2.0,5.0,4.0,2.0,0.0,13.0,3.0,9.0,162.0
0.0,2.0,0.0,0.0,0.0,1.0,0.0,1.0,0.0,0.0,0.0,0.0,0.0,0.0,1.0,0.0,0.0,1.0,10.0,3.0,6.0,2.0,3.0,4.0,2.0,1.0,11.0,1.0,2.0,123.0
1.0,0.0,0.0,0.0,0.0,1.0,0.0,0.0,0.0,1.0,0.0,0.0,0.0,0.0,1.0,0.0,0.0,1.0,7.0,1.0,16.0,2.0,3.0,5.0,5.0,0.0,12.0,1.0,2.0,124.0
1.0,1.0,0.0,0.0,0.0,1.0,0.0,1.0,0.0,0.0,0.0,0.0,0.0,0.0,1.0,0.0,0.0,0.0,13.0,1.0,22.0,3.0,3.0,3.0,10.0,0.0,16.0,1.0,0.0,135.0
1.0,1.0,1.0,0.0,0.0,0.0,0.0,0.0,1.0,0.0,0.0,0.0,0.0,0.0,1.0,0.0,0.0,0.0,7.0,1.0,15.0,2.0,3.0,2.0,1.0,0.0,11.0,1.0,6.0,185.0
1.0,2.0,0.0,0.0,1.0,0.0,0.0,0.0,0.0,1.0,0.0,0.0,0.0,0.0,1.0,0.0,0.0,0.0,13.0,1.0,8.0,3.0,3.0,2.0,2.0,0.0,13.0,3.0,8.0,147.0
0.0,1.0,0.0,0.0,1.0,0.0,0.0,1.0,0.0,0.0,0.0,0.0,0.0,0.0,0.0,1.0,0.0,0.0,14.0,3.0,6.0,3.0,3.0,5.0,1.0,0.0,17.0,0.0,7.0,141.0
1.0,2.0,0.0,0.0,1.0,0.0,0.0,1.0,0.0,0.0,0.0,0.0,0.0,0.0,1.0,0.0,0.0,0.0,8.0,1.0,10.0,2.0,3.0,3.0,2.0,1.0,11.0,1.0,1.0,142.0
0.0,1.0,0.0,0.0,1.0,0.0,0.0,0.0,1.0,0.0,0.0,0.0,0.0,0.0,1.0,0.0,0.0,0.0,11.0,3.0,8.0,2.0,3.0,5.0,4.0,0.0,15.0,0.0,7.0,169.0
0.0,2.0,0.0,0.0,1.0,0.0,0.0,0.0,1.0,0.0,0.0,0.0,0.0,1.0,0.0,0.0,0.0,0.0,7.0,3.0,21.0,3.0,3.0,5.0,2.0,0.0,12.0,1.0,6.0,161.0
1.0,0.0,0.0,0.0,0.0,0.0,1.0,0.0,0.0,1.0,0.0,0.0,0.0,1.0,0.0,0.0,0.0,0.0,0.0,1.0,25.0,3.0,3.0,2.0,4.0,0.0,11.0,1.0,2.0,137.0
1.0,0.0,0.0,0.0,0.0,1.0,0.0,0.0,0.0,1.0,0.0,0.0,0.0,0.0,1.0,0.0,0.0,0.0,13.0,1.0,16.0,2.0,3.0,4.0,4.0,0.0,22.0,1.0,3.0,124.0
1.0,2.0,1.0,0.0,0.0,0.0,0.0,0.0,1.0,0.0,0.0,0.0,0.0,0.0,1.0,0.0,0.0,0.0,21.0,1.0,10.0,2.0,3.0,2.0,2.0,0.0,11.0,1.0,8.0,179.0
0.0,2.0,0.0,0.0,0.0,0.0,1.0,1.0,0.0,0.0,0.0,0.0,0.0,0.0,1.0,0.0,0.0,0.0,10.0,1.0,6.0,3.0,3.0,2.0,2.0,0.0,15.0,1.0,0.0,116.0
0.0,0.0,0.0,0.0,1.0,0.0,0.0,0.0,1.0,0.0,0.0,0.0,0.0,1.0,0.0,0.0,0.0,0.0,8.0,1.0,6.0,2.0,4.0,2.0,1.0,0.0,12.0,1.0,0.0,154.0
1.0,2.0,0.0,0.0,1.0,0.0,0.0,1.0,0.0,0.0,0.0,0.0,0.0,0.0,1.0,0.0,0.0,0.0,0.0,3.0,8.0,2.0,5.0,2.0,4.0,0.0,20.0,1.0,0.0,151.0
0.0,1.0,0.0,0.0,0.0,1.0,0.0,1.0,0.0,0.0,0.0,0.0,1.0,0.0,0.0,0.0,0.0,0.0,10.0,1.0,32.0,3.0,4.0,3.0,2.0,0.0,20.0,1.0,0.0,120.0
1.0,0.0,0.0,0.0,1.0,0.0,0.0,0.0,1.0,0.0,0.0,0.0,0.0,1.0,0.0,0.0,0.0,0.0,7.0,1.0,35.0,2.0,3.0,3.0,5.0,0.0,13.0,0.0,7.0,154.0
0.0,2.0,0.0,0.0,0.0,1.0,0.0,1.0,0.0,0.0,0.0,0.0,0.0,0.0,1.0,0.0,0.0,1.0,0.0,3.0,8.0,3.0,4.0,2.0,8.0,0.0,14.0,0.0,0.0,128.0
0.0,0.0,0.0,0.0,1.0,0.0,0.0,1.0,0.0,0.0,0.0,0.0,0.0,0.0,0.0,1.0,0.0,1.0,0.0,3.0,24.0,3.0,3.0,3.0,1.0,1.0,18.0,3.0,2.0,146.0
0.0,2.0,0.0,0.0,1.0,0.0,0.0,0.0,1.0,0.0,0.0,1.0,0.0,0.0,0.0,0.0,0.0,0.0,7.0,1.0,8.0,3.0,3.0,2.0,2.0,0.0,11.0,1.0,11.0,167.0
1.0,0.0,0.0,0.0,1.0,0.0,0.0,0.0,0.0,1.0,0.0,0.0,0.0,0.0,1.0,0.0,0.0,0.0,1.0,3.0,32.0,2.0,4.0,5.0,2.0,0.0,11.0,1.0,4.0,147.0
1.0,0.0,0.0,0.0,1.0,0.0,0.0,0.0,1.0,0.0,0.0,0.0,0.0,1.0,0.0,0.0,0.0,1.0,0.0,1.0,28.0,3.0,3.0,3.0,2.0,1.0,15.0,3.0,7.0,162.0
1.0,0.0,0.0,0.0,1.0,0.0,0.0,0.0,1.0,0.0,0.0,0.0,0.0,0.0,1.0,0.0,0.0,0.0,12.0,3.0,27.0,2.0,4.0,2.0,4.0,1.0,12.0,0.0,4.0,161.0
1.0,0.0,1.0,0.0,0.0,0.0,0.0,1.0,0.0,0.0,0.0,0.0,0.0,0.0,0.0,1.0,0.0,0.0,24.0,3.0,8.0,2.0,3.0,4.0,3.0,0.0,11.0,0.0,2.0,206.0
0.0,1.0,0.0,0.0,1.0,0.0,0.0,1.0,0.0,0.0,0.0,0.0,0.0,0.0,1.0,0.0,0.0,0.0,14.0,1.0,28.0,3.0,3.0,2.0,4.0,1.0,14.0,0.0,3.0,155.0
1.0,0.0,0.0,0.0,0.0,1.0,0.0,0.0,0.0,1.0,0.0,0.0,0.0,0.0,1.0,0.0,0.0,0.0,10.0,1.0,10.0,3.0,3.0,3.0,8.0,1.0,15.0,1.0,3.0,130.0
1.0,0.0,0.0,0.0,1.0,0.0,0.0,1.0,0.0,0.0,0.0,0.0,0.0,0.0,1.0,0.0,0.0,0.0,6.0,3.0,11.0,3.0,3.0,2.0,7.0,0.0,13.0,1.0,2.0,200.0
1.0,0.0,0.0,0.0,1.0,0.0,0.0,0.0,0.0,1.0,0.0,0.0,0.0,0.0,0.0,1.0,0.0,0.0,5.0,3.0,8.0,2.0,3.0,4.0,1.0,1.0,13.0,0.0,2.0,141.0
1.0,0.0,1.0,0.0,0.0,0.0,0.0,1.0,0.0,0.0,0.0,0.0,0.0,0.0,1.0,0.0,0.0,0.0,12.0,1.0,31.0,3.0,3.0,3.0,4.0,0.0,21.0,0.0,5.0,209.0
0.0,2.0,0.0,0.0,1.0,0.0,0.0,0.0,0.0,1.0,0.0,0.0,0.0,1.0,0.0,0.0,0.0,0.0,16.0,1.0,12.0,3.0,4.0,3.0,2.0,1.0,14.0,1.0,8.0,141.0
0.0,0.0,0.0,0.0,1.0,0.0,0.0,0.0,1.0,0.0,0.0,0.0,0.0,0.0,0.0,1.0,0.0,0.0,0.0,3.0,16.0,3.0,4.0,2.0,2.0,1.0,11.0,2.0,4.0,158.0
0.0,2.0,0.0,0.0,0.0,1.0,0.0,0.0,0.0,1.0,0.0,0.0,0.0,0.0,1.0,0.0,0.0,1.0,0.0,1.0,16.0,2.0,3.0,3.0,2.0,1.0,13.0,3.0,7.0,124.0
1.0,2.0,0.0,0.0,0.0,0.0,1.0,0.0,0.0,1.0,0.0,0.0,0.0,1.0,0.0,0.0,0.0,0.0,0.0,1.0,8.0,2.0,4.0,2.0,1.0,0.0,12.0,0.0,1.0,139.0
0.0,0.0,0.0,0.0,0.0,1.0,0.0,0.0,0.0,1.0,0.0,0.0,0.0,0.0,0.0,0.0,1.0,0.0,25.0,1.0,14.0,3.0,3.0,5.0,10.0,0.0,13.0,1.0,4.0,130.0
0.0,2.0,0.0,0.0,0.0,0.0,1.0,0.0,0.0,1.0,0.0,0.0,0.0,1.0,0.0,0.0,0.0,0.0,10.0,1.0,17.0,3.0,3.0,3.0,5.0,0.0,18.0,0.0,2.0,136.0
1.0,2.0,1.0,0.0,0.0,0.0,0.0,1.0,0.0,0.0,0.0,0.0,0.0,0.0,1.0,0.0,0.0,0.0,8.0,1.0,24.0,2.0,3.0,2.0,3.0,0.0,11.0,0.0,2.0,194.0
1.0,0.0,0.0,0.0,0.0,1.0,0.0,0.0,0.0,1.0,0.0,1.0,0.0,0.0,0.0,0.0,0.0,0.0,0.0,1.0,6.0,2.0,3.0,2.0,5.0,0.0,11.0,1.0,2.0,132.0
1.0,2.0,1.0,0.0,0.0,0.0,0.0,0.0,1.0,0.0,0.0,0.0,0.0,0.0,0.0,0.0,1.0,0.0,2.0,2.0,23.0,2.0,4.0,5.0,2.0,0.0,13.0,0.0,9.0,180.0
1.0,2.0,0.0,0.0,1.0,0.0,0.0,1.0,0.0,0.0,0.0,0.0,0.0,0.0,1.0,0.0,0.0,1.0,0.0,1.0,34.0,3.0,4.0,5.0,4.0,0.0,20.0,0.0,3.0,143.0
0.0,2.0,1.0,0.0,0.0,0.0,0.0,1.0,0.0,0.0,0.0,0.0,0.0,0.0,0.0,0.0,1.0,1.0,0.0,1.0,20.0,2.0,3.0,2.0,1.0,1.0,12.0,2.0,7.0,176.0
0.0,2.0,0.0,0.0,1.0,0.0,0.0,0.0,1.0,0.0,0.0,0.0,0.0,0.0,0.0,1.0,0.0,0.0,9.0,3.0,9.0,2.0,3.0,4.0,4.0,1.0,16.0,0.0,1.0,193.0
0.0,2.0,0.0,0.0,0.0,0.0,1.0,1.0,0.0,0.0,0.0,0.0,0.0,0.0,1.0,0.0,0.0,1.0,10.0,3.0,6.0,2.0,5.0,3.0,2.0,0.0,12.0,1.0,0.0,114.0
0.0,1.0,0.0,0.0,1.0,0.0,0.0,0.0,0.0,1.0,0.0,0.0,0.0,0.0,0.0,1.0,0.0,0.0,3.0,3.0,13.0,3.0,3.0,5.0,8.0,0.0,14.0,1.0,2.0,148.0
1.0,1.0,0.0,0.0,0.0,1.0,0.0,1.0,0.0,0.0,0.0,0.0,0.0,0.0,0.0,0.0,1.0,0.0,7.0,1.0,6.0,3.0,3.0,5.0,6.0,0.0,14.0,1.0,3.0,130.0
0.0,2.0,0.0,0.0,0.0,0.0,1.0,0.0,1.0,0.0,0.0,0.0,0.0,0.0,1.0,0.0,0.0,1.0,10.0,1.0,14.0,2.0,4.0,4.0,2.0,0.0,12.0,0.0,0.0,113.0
1.0,0.0,0.0,0.0,0.0,1.0,0.0,0.0,0.0,1.0,0.0,0.0,0.0,0.0,1.0,0.0,0.0,0.0,10.0,1.0,17.0,3.0,3.0,5.0,1.0,0.0,14.0,1.0,4.0,121.0
1.0,2.0,0.0,0.0,1.0,0.0,0.0,0.0,1.0,0.0,0.0,0.0,0.0,0.0,1.0,0.0,0.0,0.0,9.0,1.0,10.0,2.0,4.0,2.0,2.0,0.0,16.0,1.0,8.0,158.0
0.0,0.0,0.0,0.0,1.0,0.0,0.0,0.0,1.0,0.0,0.0,0.0,0.0,0.0,0.0,1.0,0.0,0.0,9.0,3.0,22.0,3.0,4.0,5.0,5.0,0.0,13.0,1.0,2.0,156.0
1.0,0.0,0.0,0.0,0.0,1.0,0.0,0.0,0.0,1.0,0.0,1.0,0.0,0.0,0.0,0.0,0.0,0.0,20.0,1.0,6.0,3.0,3.0,2.0,8.0,0.0,12.0,1.0,2.0,134.0
1.0,0.0,0.0,0.0,0.0,0.0,1.0,0.0,0.0,1.0,0.0,0.0,0.0,0.0,1.0,0.0,0.0,1.0,0.0,3.0,15.0,3.0,4.0,5.0,4.0,0.0,12.0,1.0,2.0,144.0
0.0,0.0,0.0,0.0,0.0,1.0,0.0,0.0,0.0,1.0,0.0,0.0,0.0,0.0,1.0,0.0,0.0,0.0,10.0,1.0,6.0,2.0,3.0,5.0,3.0,0.0,22.0,1.0,0.0,121.0
0.0,0.0,0.0,0.0,1.0,0.0,0.0,0.0,0.0,1.0,0.0,0.0,0.0,1.0,0.0,0.0,0.0,0.0,0.0,3.0,10.0,2.0,3.0,3.0,2.0,1.0,12.0,1.0,3.0,142.0
1.0,0.0,0.0,0.0,1.0,0.0,0.0,0.0,1.0,0.0,0.0,0.0,0.0,0.0,0.0,1.0,0.0,0.0,5.0,3.0,13.0,3.0,3.0,2.0,5.0,0.0,12.0,1.0,3.0,192.0
0.0,0.0,0.0,0.0,0.0,1.0,0.0,0.0,0.0,1.0,0.0,0.0,0.0,0.0,1.0,0.0,0.0,0.0,7.0,1.0,6.0,2.0,4.0,4.0,6.0,0.0,17.0,1.0,2.0,133.0
1.0,1.0,0.0,0.0,1.0,0.0,0.0,1.0,0.0,0.0,0.0,0.0,0.0,0.0,0.0,0.0,1.0,0.0,13.0,1.0,15.0,2.0,3.0,3.0,4.0,0.0,11.0,1.0,7.0,140.0
1.0,1.0,1.0,0.0,0.0,0.0,0.0,0.0,1.0,0.0,0.0,0.0,0.0,0.0,1.0,0.0,0.0,0.0,4.0,3.0,14.0,2.0,3.0,2.0,2.0,0.0,18.0,2.0,9.0,208.0
1.0,1.0,1.0,0.0,0.0,0.0,0.0,0.0,1.0,0.0,0.0,0.0,0.0,0.0,0.0,1.0,0.0,1.0,9.0,3.0,15.0,2.0,3.0,1.0,5.0,0.0,11.0,0.0,3.0,201.0
0.0,2.0,0.0,0.0,0.0,0.0,1.0,1.0,0.0,0.0,0.0,0.0,0.0,0.0,1.0,0.0,0.0,1.0,2.0,1.0,8.0,2.0,4.0,5.0,3.0,1.0,23.0,0.0,0.0,136.0
1.0,1.0,1.0,0.0,0.0,0.0,0.0,0.0,1.0,0.0,0.0,0.0,0.0,1.0,0.0,0.0,0.0,0.0,18.0,1.0,26.0,3.0,5.0,5.0,3.0,1.0,18.0,0.0,7.0,209.0
1.0,0.0,0.0,0.0,0.0,0.0,1.0,1.0,0.0,0.0,0.0,0.0,0.0,0.0,1.0,0.0,0.0,1.0,0.0,1.0,8.0,3.0,3.0,1.0,7.0,1.0,13.0,2.0,2.0,137.0
1.0,0.0,1.0,0.0,0.0,0.0,0.0,0.0,1.0,0.0,0.0,0.0,1.0,0.0,0.0,0.0,0.0,0.0,18.0,1.0,35.0,2.0,3.0,1.0,5.0,1.0,18.0,1.0,2.0,194.0
1.0,1.0,0.0,0.0,1.0,0.0,0.0,0.0,1.0,0.0,0.0,0.0,0.0,0.0,0.0,1.0,0.0,0.0,21.0,3.0,13.0,3.0,3.0,5.0,5.0,0.0,11.0,1.0,2.0,155.0
0.0,0.0,0.0,0.0,0.0,1.0,0.0,0.0,0.0,1.0,0.0,1.0,0.0,0.0,0.0,0.0,0.0,1.0,0.0,2.0,15.0,3.0,3.0,3.0,2.0,0.0,15.0,1.0,2.0,127.0
1.0,2.0,0.0,0.0,1.0,0.0,0.0,0.0,1.0,0.0,0.0,0.0,0.0,1.0,0.0,0.0,0.0,0.0,1.0,3.0,11.0,2.0,3.0,5.0,1.0,0.0,18.0,1.0,3.0,185.0
1.0,2.0,0.0,0.0,0.0,1.0,0.0,1.0,0.0,0.0,0.0,0.0,0.0,0.0,1.0,0.0,0.0,0.0,17.0,1.0,11.0,3.0,4.0,3.0,4.0,0.0,14.0,0.0,3.0,132.0
1.0,0.0,0.0,0.0,1.0,0.0,0.0,0.0,1.0,0.0,0.0,1.0,0.0,0.0,0.0,0.0,0.0,0.0,22.0,1.0,11.0,3.0,3.0,3.0,3.0,0.0,14.0,0.0,2.0,167.0
1.0,1.0,0.0,0.0,0.0,1.0,0.0,0.0,0.0,1.0,1.0,0.0,0.0,0.0,0.0,0.0,0.0,0.0,13.0,1.0,16.0,3.0,3.0,3.0,3.0,0.0,14.0,0.0,2.0,123.0
1.0,2.0,0.0,0.0,0.0,1.0,0.0,0.0,0.0,1.0,0.0,0.0,0.0,0.0,1.0,0.0,0.0,0.0,17.0,1.0,26.0,2.0,3.0,4.0,2.0,0.0,13.0,1.0,3.0,134.0
1.0,0.0,0.0,0.0,1.0,0.0,0.0,1.0,0.0,0.0,0.0,0.0,0.0,1.0,0.0,0.0,0.0,0.0,6.0,3.0,13.0,2.0,3.0,5.0,1.0,0.0,14.0,0.0,3.0,144.0
1.0,2.0,0.0,0.0,1.0,0.0,0.0,0.0,0.0,1.0,0.0,0.0,0.0,0.0,0.0,0.0,1.0,0.0,7.0,3.0,9.0,2.0,5.0,5.0,4.0,0.0,18.0,2.0,12.0,148.0
1.0,0.0,0.0,0.0,1.0,0.0,0.0,0.0,1.0,0.0,0.0,0.0,0.0,0.0,1.0,0.0,0.0,0.0,3.0,3.0,22.0,3.0,3.0,3.0,9.0,0.0,15.0,0.0,2.0,153.0
0.0,0.0,0.0,0.0,1.0,0.0,0.0,1.0,0.0,0.0,0.0,0.0,0.0,0.0,0.0,1.0,0.0,0.0,17.0,3.0,6.0,3.0,3.0,3.0,8.0,0.0,12.0,1.0,0.0,148.0
1.0,1.0,0.0,0.0,0.0,0.0,1.0,1.0,0.0,0.0,0.0,0.0,1.0,0.0,0.0,0.0,0.0,0.0,10.0,1.0,13.0,3.0,3.0,3.0,2.0,0.0,13.0,0.0,0.0,113.0
1.0,1.0,1.0,0.0,0.0,0.0,0.0,0.0,1.0,0.0,0.0,0.0,0.0,0.0,1.0,0.0,0.0,0.0,22.0,1.0,13.0,2.0,3.0,4.0,4.0,0.0,14.0,0.0,7.0,205.0
1.0,0.0,0.0,0.0,0.0,1.0,0.0,1.0,0.0,0.0,0.0,1.0,0.0,0.0,0.0,0.0,0.0,1.0,0.0,3.0,6.0,3.0,3.0,3.0,4.0,0.0,15.0,1.0,2.0,129.0
0.0,2.0,0.0,0.0,1.0,0.0,0.0,1.0,0.0,0.0,0.0,1.0,0.0,0.0,0.0,0.0,0.0,1.0,0.0,3.0,19.0,2.0,3.0,4.0,6.0,0.0,11.0,0.0,0.0,158.0
0.0,2.0,0.0,0.0,1.0,0.0,0.0,0.0,0.0,1.0,0.0,0.0,0.0,1.0,0.0,0.0,0.0,1.0,0.0,3.0,30.0,2.0,4.0,4.0,1.0,1.0,23.0,2.0,10.0,146.0
1.0,0.0,0.0,0.0,0.0,1.0,0.0,0.0,0.0,1.0,0.0,0.0,0.0,0.0,1.0,0.0,0.0,0.0,8.0,3.0,16.0,3.0,3.0,3.0,2.0,0.0,13.0,1.0,0.0,124.0
1.0,2.0,0.0,0.0,0.0,1.0,0.0,1.0,0.0,0.0,1.0,0.0,0.0,0.0,0.0,0.0,0.0,1.0,0.0,1.0,15.0,2.0,3.0,5.0,3.0,1.0,11.0,0.0,0.0,132.0
0.0,0.0,0.0,0.0,0.0,1.0,0.0,1.0,0.0,0.0,0.0,0.0,0.0,0.0,1.0,0.0,0.0,0.0,10.0,3.0,19.0,3.0,3.0,4.0,2.0,0.0,13.0,0.0,0.0,120.0
1.0,2.0,1.0,0.0,0.0,0.0,0.0,1.0,0.0,0.0,0.0,0.0,0.0,1.0,0.0,0.0,0.0,0.0,17.0,1.0,8.0,2.0,3.0,3.0,6.0,1.0,18.0,0.0,2.0,202.0
1.0,1.0,0.0,0.0,1.0,0.0,0.0,0.0,1.0,0.0,0.0,0.0,0.0,0.0,1.0,0.0,0.0,0.0,2.0,3.0,25.0,3.0,4.0,3.0,2.0,0.0,14.0,1.0,4.0,186.0
1.0,1.0,0.0,0.0,0.0,1.0,0.0,0.0,0.0,1.0,0.0,0.0,0.0,0.0,1.0,0.0,0.0,0.0,10.0,2.0,6.0,2.0,3.0,3.0,1.0,0.0,21.0,0.0,3.0,121.0
1.0,0.0,0.0,0.0,1.0,0.0,0.0,0.0,0.0,1.0,0.0,0.0,0.0,0.0,1.0,0.0,0.0,0.0,28.0,1.0,10.0,1.0,3.0,3.0,1.0,1.0,16.0,0.0,2.0,140.0
0.0,0.0,0.0,0.0,0.0,0.0,1.0,0.0,0.0,1.0,0.0,0.0,0.0,1.0,0.0,0.0,0.0,0.0,6.0,1.0,10.0,2.0,4.0,4.0,9.0,0.0,11.0,0.0,2.0,138.0
0.0,0.0,0.0,0.0,1.0,0.0,0.0,0.0,0.0,1.0,0.0,0.0,0.0,1.0,0.0,0.0,0.0,0.0,20.0,3.0,20.0,3.0,3.0,3.0,4.0,1.0,17.0,1.0,2.0,146.0
1.0,2.0,0.0,0.0,0.0,1.0,0.0,1.0,0.0,0.0,1.0,0.0,0.0,0.0,0.0,0.0,0.0,1.0,0.0,1.0,16.0,2.0,4.0,5.0,8.0,0.0,11.0,0.0,0.0,126.0
1.0,1.0,0.0,0.0,0.0,0.0,1.0,0.0,1.0,0.0,0.0,0.0,0.0,0.0,1.0,0.0,0.0,0.0,10.0,1.0,6.0,3.0,4.0,3.0,2.0,0.0,14.0,0.0,0.0,116.0
1.0,2.0,0.0,0.0,1.0,0.0,0.0,1.0,0.0,0.0,0.0,0.0,0.0,0.0,1.0,0.0,0.0,0.0,1.0,3.0,13.0,2.0,3.0,5.0,1.0,0.0,14.0,1.0,3.0,149.0
0.0,0.0,0.0,0.0,1.0,0.0,0.0,0.0,0.0,1.0,0.0,0.0,0.0,1.0,0.0,0.0,0.0,0.0,22.0,1.0,9.0,2.0,4.0,5.0,5.0,0.0,25.0,1.0,2.0,148.0
0.0,0.0,0.0,0.0,0.0,1.0,0.0,1.0,0.0,0.0,0.0,0.0,0.0,0.0,1.0,0.0,0.0,0.0,2.0,1.0,8.0,3.0,3.0,4.0,1.0,0.0,13.0,0.0,2.0,132.0
1.0,0.0,0.0,0.0,1.0,0.0,0.0,0.0,1.0,0.0,0.0,0.0,0.0,0.0,1.0,0.0,0.0,0.0,1.0,1.0,35.0,3.0,5.0,4.0,2.0,0.0,14.0,1.0,7.0,165.0
1.0,2.0,0.0,0.0,1.0,0.0,0.0,0.0,1.0,0.0,0.0,0.0,0.0,0.0,1.0,0.0,0.0,0.0,6.0,1.0,14.0,3.0,3.0,3.0,3.0,1.0,17.0,0.0,0.0,164.0
1.0,2.0,0.0,0.0,0.0,1.0,0.0,0.0,0.0,1.0,0.0,1.0,0.0,0.0,0.0,0.0,0.0,1.0,0.0,1.0,16.0,3.0,4.0,5.0,7.0,0.0,13.0,0.0,7.0,124.0
0.0,2.0,1.0,0.0,0.0,0.0,0.0,0.0,1.0,0.0,0.0,0.0,0.0,0.0,1.0,0.0,0.0,0.0,12.0,1.0,12.0,2.0,3.0,4.0,5.0,0.0,18.0,0.0,2.0,184.0
0.0,2.0,1.0,0.0,0.0,0.0,0.0,0.0,1.0,0.0,0.0,0.0,0.0,0.0,1.0,0.0,0.0,0.0,8.0,1.0,22.0,3.0,4.0,4.0,2.0,0.0,19.0,1.0,3.0,186.0
1.0,2.0,0.0,0.0,1.0,0.0,0.0,0.0,0.0,1.0,0.0,0.0,0.0,0.0,1.0,0.0,0.0,0.0,10.0,1.0,26.0,3.0,3.0,3.0,1.0,0.0,14.0,1.0,2.0,123.0
1.0,2.0,0.0,0.0,0.0,1.0,0.0,0.0,1.0,0.0,0.0,0.0,0.0,0.0,1.0,0.0,0.0,1.0,10.0,1.0,15.0,2.0,3.0,5.0,4.0,0.0,14.0,1.0,0.0,120.0
1.0,1.0,0.0,0.0,0.0,1.0,0.0,0.0,0.0,1.0,0.0,1.0,0.0,0.0,0.0,0.0,0.0,0.0,10.0,3.0,13.0,2.0,3.0,3.0,1.0,1.0,25.0,0.0,7.0,123.0
1.0,1.0,0.0,0.0,0.0,0.0,1.0,0.0,0.0,1.0,0.0,0.0,0.0,1.0,0.0,0.0,0.0,0.0,15.0,1.0,8.0,3.0,4.0,4.0,5.0,0.0,14.0,1.0,0.0,148.0
1.0,1.0,0.0,0.0,1.0,0.0,0.0,0.0,0.0,1.0,0.0,0.0,0.0,1.0,0.0,0.0,0.0,0.0,10.0,1.0,19.0,2.0,3.0,1.0,2.0,0.0,17.0,0.0,7.0,143.0
0.0,1.0,0.0,0.0,1.0,0.0,0.0,0.0,1.0,0.0,0.0,0.0,0.0,0.0,0.0,0.0,1.0,0.0,2.0,1.0,14.0,2.0,5.0,5.0,4.0,0.0,13.0,0.0,7.0,197.0
1.0,2.0,0.0,0.0,1.0,0.0,0.0,0.0,0.0,1.0,0.0,0.0,0.0,0.0,1.0,0.0,0.0,0.0,6.0,1.0,31.0,2.0,4.0,4.0,2.0,0.0,13.0,0.0,2.0,143.0
1.0,1.0,0.0,0.0,0.0,1.0,0.0,0.0,0.0,1.0,0.0,0.0,1.0,0.0,0.0,0.0,0.0,0.0,10.0,1.0,34.0,3.0,3.0,1.0,5.0,0.0,20.0,1.0,3.0,121.0
1.0,1.0,0.0,0.0,1.0,0.0,0.0,0.0,1.0,0.0,0.0,0.0,0.0,1.0,0.0,0.0,0.0,0.0,13.0,3.0,15.0,2.0,3.0,5.0,1.0,0.0,12.0,2.0,1.0,155.0
1.0,1.0,0.0,0.0,1.0,0.0,0.0,0.0,1.0,0.0,0.0,0.0,0.0,0.0,1.0,0.0,0.0,0.0,6.0,1.0,34.0,3.0,3.0,3.0,2.0,1.0,12.0,1.0,7.0,152.0
1.0,1.0,0.0,0.0,0.0,1.0,0.0,0.0,0.0,1.0,0.0,1.0,0.0,0.0,0.0,0.0,0.0,0.0,10.0,1.0,27.0,2.0,4.0,5.0,1.0,0.0,14.0,0.0,0.0,123.0
1.0,1.0,0.0,0.0,1.0,0.0,0.0,1.0,0.0,0.0,0.0,0.0,0.0,0.0,1.0,0.0,0.0,0.0,13.0,1.0,14.0,3.0,3.0,1.0,4.0,1.0,18.0,2.0,2.0,141.0
0.0,1.0,0.0,0.0,0.0,1.0,0.0,0.0,0.0,1.0,0.0,0.0,0.0,0.0,1.0,0.0,0.0,0.0,8.0,3.0,16.0,3.0,4.0,3.0,1.0,0.0,23.0,2.0,2.0,124.0
0.0,1.0,0.0,0.0,1.0,0.0,0.0,0.0,1.0,0.0,0.0,0.0,0.0,0.0,1.0,0.0,0.0,0.0,5.0,1.0,11.0,3.0,4.0,4.0,4.0,0.0,12.0,1.0,5.0,159.0
1.0,2.0,0.0,0.0,0.0,1.0,0.0,0.0,0.0,1.0,0.0,0.0,0.0,0.0,1.0,0.0,0.0,0.0,9.0,3.0,16.0,3.0,3.0,1.0,4.0,1.0,21.0,0.0,2.0,126.0
0.0,1.0,0.0,0.0,1.0,0.0,0.0,0.0,1.0,0.0,0.0,0.0,0.0,0.0,1.0,0.0,0.0,0.0,21.0,3.0,22.0,3.0,3.0,3.0,9.0,0.0,14.0,1.0,7.0,164.0
1.0,1.0,0.0,0.0,1.0,0.0,0.0,0.0,1.0,0.0,0.0,0.0,0.0,0.0,1.0,0.0,0.0,0.0,6.0,3.0,14.0,2.0,3.0,5.0,3.0,0.0,13.0,2.0,2.0,164.0
1.0,1.0,0.0,0.0,1.0,0.0,0.0,0.0,1.0,0.0,0.0,0.0,0.0,0.0,1.0,0.0,0.0,1.0,0.0,3.0,6.0,3.0,4.0,5.0,2.0,0.0,11.0,3.0,7.0,197.0
1.0,1.0,0.0,0.0,1.0,0.0,0.0,1.0,0.0,0.0,0.0,0.0,0.0,0.0,0.0,0.0,1.0,0.0,11.0,2.0,16.0,3.0,3.0,3.0,4.0,0.0,11.0,0.0,2.0,161.0
1.0,2.0,0.0,0.0,0.0,1.0,0.0,0.0,0.0,1.0,1.0,0.0,0.0,0.0,0.0,0.0,0.0,0.0,8.0,1.0,16.0,3.0,4.0,5.0,2.0,0.0,19.0,0.0,2.0,125.0
1.0,1.0,1.0,0.0,0.0,0.0,0.0,0.0,1.0,0.0,0.0,1.0,0.0,0.0,0.0,0.0,0.0,0.0,3.0,3.0,35.0,2.0,3.0,4.0,4.0,0.0,12.0,0.0,3.0,193.0
0.0,1.0,0.0,0.0,0.0,1.0,0.0,0.0,0.0,1.0,0.0,0.0,0.0,0.0,1.0,0.0,0.0,1.0,10.0,1.0,8.0,3.0,3.0,5.0,2.0,1.0,12.0,1.0,0.0,121.0
0.0,1.0,1.0,0.0,0.0,0.0,0.0,0.0,1.0,0.0,0.0,0.0,1.0,0.0,0.0,0.0,0.0,1.0,16.0,1.0,8.0,3.0,4.0,1.0,1.0,0.0,16.0,1.0,9.0,202.0
1.0,1.0,0.0,0.0,1.0,0.0,0.0,0.0,0.0,1.0,0.0,0.0,0.0,1.0,0.0,0.0,0.0,1.0,1.0,1.0,8.0,2.0,3.0,4.0,5.0,0.0,11.0,0.0,4.0,149.0
1.0,1.0,0.0,0.0,1.0,0.0,0.0,1.0,0.0,0.0,0.0,1.0,0.0,0.0,0.0,0.0,0.0,0.0,5.0,1.0,6.0,3.0,3.0,5.0,5.0,0.0,14.0,1.0,2.0,141.0
1.0,2.0,0.0,0.0,0.0,1.0,0.0,0.0,0.0,1.0,1.0,0.0,0.0,0.0,0.0,0.0,0.0,0.0,7.0,1.0,13.0,3.0,3.0,1.0,2.0,0.0,13.0,0.0,0.0,130.0
1.0,1.0,0.0,0.0,1.0,0.0,0.0,0.0,1.0,0.0,0.0,0.0,0.0,0.0,1.0,0.0,0.0,0.0,7.0,1.0,6.0,2.0,3.0,1.0,10.0,0.0,17.0,1.0,1.0,155.0
0.0,1.0,0.0,0.0,0.0,1.0,0.0,0.0,0.0,1.0,0.0,0.0,0.0,0.0,1.0,0.0,0.0,0.0,10.0,1.0,9.0,2.0,3.0,1.0,2.0,0.0,21.0,1.0,0.0,121.0
0.0,2.0,0.0,0.0,1.0,0.0,0.0,0.0,0.0,1.0,0.0,0.0,0.0,0.0,1.0,0.0,0.0,0.0,11.0,3.0,22.0,2.0,3.0,4.0,3.0,0.0,12.0,0.0,2.0,142.0
0.0,2.0,0.0,0.0,1.0,0.0,0.0,0.0,1.0,0.0,0.0,0.0,0.0,0.0,1.0,0.0,0.0,0.0,9.0,3.0,6.0,3.0,3.0,3.0,7.0,0.0,13.0,1.0,0.0,168.0
1.0,2.0,0.0,0.0,0.0,0.0,1.0,0.0,0.0,1.0,0.0,0.0,0.0,1.0,0.0,0.0,0.0,0.0,2.0,1.0,9.0,2.0,3.0,5.0,2.0,1.0,18.0,0.0,5.0,147.0
0.0,2.0,0.0,0.0,1.0,0.0,0.0,0.0,1.0,0.0,0.0,0.0,0.0,1.0,0.0,0.0,0.0,0.0,8.0,1.0,16.0,2.0,3.0,3.0,4.0,1.0,16.0,1.0,4.0,161.0
1.0,1.0,0.0,0.0,1.0,0.0,0.0,1.0,0.0,0.0,0.0,0.0,0.0,0.0,1.0,0.0,0.0,0.0,2.0,1.0,8.0,2.0,3.0,1.0,2.0,0.0,19.0,0.0,3.0,189.0
1.0,1.0,0.0,0.0,1.0,0.0,0.0,1.0,0.0,0.0,0.0,1.0,0.0,0.0,0.0,0.0,0.0,0.0,7.0,1.0,16.0,3.0,4.0,3.0,2.0,0.0,14.0,2.0,7.0,151.0
0.0,1.0,0.0,0.0,1.0,0.0,0.0,0.0,0.0,1.0,0.0,0.0,0.0,0.0,1.0,0.0,0.0,0.0,13.0,3.0,20.0,2.0,3.0,5.0,2.0,0.0,15.0,0.0,2.0,146.0
1.0,1.0,0.0,0.0,0.0,1.0,0.0,0.0,0.0,1.0,0.0,0.0,0.0,0.0,1.0,0.0,0.0,0.0,8.0,1.0,13.0,3.0,4.0,1.0,2.0,0.0,18.0,1.0,1.0,127.0
1.0,1.0,0.0,0.0,0.0,1.0,0.0,0.0,0.0,1.0,1.0,0.0,0.0,0.0,0.0,0.0,0.0,1.0,0.0,1.0,16.0,2.0,3.0,4.0,2.0,1.0,17.0,0.0,0.0,124.0
0.0,1.0,0.0,0.0,0.0,1.0,0.0,1.0,0.0,0.0,0.0,0.0,0.0,0.0,0.0,0.0,1.0,0.0,0.0,1.0,32.0,3.0,4.0,3.0,2.0,1.0,14.0,0.0,3.0,128.0
1.0,1.0,0.0,1.0,0.0,0.0,0.0,1.0,0.0,0.0,0.0,0.0,0.0,1.0,0.0,0.0,0.0,0.0,23.0,1.0,26.0,2.0,3.0,3.0,3.0,1.0,15.0,3.0,5.0,212.0
1.0,1.0,0.0,0.0,0.0,1.0,0.0,0.0,0.0,1.0,1.0,0.0,0.0,0.0,0.0,0.0,0.0,0.0,10.0,1.0,13.0,2.0,4.0,4.0,2.0,0.0,12.0,0.0,1.0,121.0
0.0,2.0,0.0,0.0,1.0,0.0,0.0,0.0,1.0,0.0,0.0,0.0,0.0,1.0,0.0,0.0,0.0,0.0,18.0,1.0,11.0,2.0,5.0,5.0,2.0,1.0,14.0,1.0,4.0,158.0
1.0,1.0,0.0,0.0,1.0,0.0,0.0,1.0,0.0,0.0,0.0,0.0,0.0,0.0,0.0,1.0,0.0,0.0,18.0,3.0,32.0,2.0,4.0,5.0,2.0,0.0,15.0,0.0,5.0,144.0
1.0,2.0,0.0,0.0,1.0,0.0,0.0,1.0,0.0,0.0,0.0,0.0,0.0,0.0,0.0,0.0,1.0,0.0,4.0,3.0,8.0,2.0,3.0,5.0,8.0,0.0,13.0,0.0,3.0,153.0
0.0,1.0,0.0,0.0,1.0,0.0,0.0,0.0,0.0,1.0,0.0,0.0,0.0,0.0,1.0,0.0,0.0,0.0,9.0,1.0,18.0,3.0,3.0,3.0,10.0,1.0,12.0,0.0,1.0,147.0
0.0,1.0,0.0,0.0,0.0,1.0,0.0,0.0,0.0,1.0,0.0,0.0,0.0,0.0,1.0,0.0,0.0,0.0,22.0,1.0,31.0,2.0,3.0,5.0,2.0,0.0,14.0,0.0,4.0,132.0
1.0,1.0,0.0,0.0,0.0,0.0,1.0,0.0,0.0,1.0,0.0,0.0,0.0,0.0,0.0,0.0,1.0,0.0,0.0,1.0,25.0,3.0,4.0,5.0,2.0,0.0,11.0,0.0,7.0,141.0
1.0,2.0,0.0,0.0,0.0,1.0,0.0,0.0,0.0,1.0,1.0,0.0,0.0,0.0,0.0,0.0,0.0,0.0,0.0,1.0,11.0,3.0,3.0,1.0,2.0,0.0,18.0,1.0,2.0,131.0
0.0,2.0,0.0,0.0,0.0,0.0,1.0,1.0,0.0,0.0,0.0,0.0,0.0,1.0,0.0,0.0,0.0,1.0,10.0,3.0,9.0,3.0,3.0,1.0,2.0,1.0,12.0,0.0,0.0,116.0
1.0,1.0,0.0,0.0,1.0,0.0,0.0,0.0,0.0,1.0,1.0,0.0,0.0,0.0,0.0,0.0,0.0,0.0,12.0,1.0,9.0,3.0,4.0,3.0,1.0,0.0,15.0,0.0,7.0,131.0
0.0,1.0,1.0,0.0,0.0,0.0,0.0,0.0,1.0,0.0,0.0,0.0,0.0,0.0,1.0,0.0,0.0,0.0,13.0,1.0,21.0,3.0,4.0,3.0,2.0,0.0,13.0,1.0,12.0,204.0
0.0,1.0,0.0,0.0,1.0,0.0,0.0,1.0,0.0,0.0,0.0,0.0,0.0,0.0,1.0,0.0,0.0,0.0,8.0,1.0,14.0,2.0,3.0,3.0,2.0,0.0,12.0,2.0,9.0,141.0
1.0,1.0,0.0,0.0,1.0,0.0,0.0,0.0,1.0,0.0,0.0,0.0,0.0,0.0,1.0,0.0,0.0,0.0,10.0,1.0,25.0,2.0,3.0,3.0,4.0,0.0,17.0,0.0,2.0,158.0
0.0,2.0,0.0,0.0,1.0,0.0,0.0,1.0,0.0,0.0,0.0,0.0,0.0,1.0,0.0,0.0,0.0,0.0,12.0,1.0,10.0,2.0,3.0,3.0,1.0,0.0,13.0,3.0,8.0,150.0
0.0,1.0,0.0,0.0,1.0,0.0,0.0,0.0,1.0,0.0,0.0,0.0,0.0,0.0,0.0,0.0,1.0,0.0,18.0,1.0,8.0,2.0,4.0,1.0,2.0,0.0,19.0,2.0,9.0,158.0
0.0,1.0,1.0,0.0,0.0,0.0,0.0,0.0,1.0,0.0,0.0,0.0,0.0,1.0,0.0,0.0,0.0,0.0,11.0,1.0,8.0,2.0,4.0,3.0,4.0,1.0,19.0,1.0,2.0,178.0
0.0,1.0,0.0,0.0,0.0,0.0,1.0,0.0,0.0,1.0,0.0,0.0,0.0,1.0,0.0,0.0,0.0,0.0,10.0,1.0,16.0,3.0,3.0,4.0,2.0,0.0,11.0,1.0,7.0,139.0
0.0,2.0,1.0,0.0,0.0,0.0,0.0,0.0,1.0,0.0,0.0,0.0,0.0,0.0,1.0,0.0,0.0,0.0,13.0,1.0,22.0,2.0,3.0,1.0,7.0,1.0,15.0,1.0,3.0,179.0
1.0,1.0,0.0,0.0,1.0,0.0,0.0,1.0,0.0,0.0,0.0,0.0,0.0,0.0,0.0,0.0,1.0,0.0,17.0,2.0,6.0,2.0,3.0,1.0,5.0,1.0,11.0,1.0,2.0,157.0
1.0,1.0,0.0,0.0,1.0,0.0,0.0,0.0,1.0,0.0,0.0,0.0,0.0,1.0,0.0,0.0,0.0,1.0,0.0,3.0,21.0,2.0,5.0,1.0,7.0,1.0,14.0,1.0,2.0,154.0
0.0,2.0,0.0,0.0,0.0,0.0,1.0,1.0,0.0,0.0,0.0,1.0,0.0,0.0,0.0,0.0,0.0,0.0,0.0,1.0,8.0,2.0,3.0,1.0,2.0,1.0,13.0,1.0,3.0,138.0
1.0,2.0,0.0,0.0,0.0,1.0,0.0,1.0,0.0,0.0,1.0,0.0,0.0,0.0,0.0,0.0,0.0,0.0,0.0,1.0,16.0,2.0,3.0,1.0,3.0,0.0,13.0,0.0,2.0,126.0
1.0,2.0,0.0,0.0,0.0,1.0,0.0,0.0,0.0,1.0,0.0,0.0,0.0,0.0,1.0,0.0,0.0,1.0,10.0,1.0,13.0,3.0,3.0,5.0,4.0,1.0,14.0,0.0,3.0,122.0
1.0,2.0,0.0,0.0,1.0,0.0,0.0,0.0,1.0,0.0,0.0,0.0,0.0,1.0,0.0,0.0,0.0,0.0,2.0,3.0,16.0,2.0,4.0,3.0,10.0,0.0,11.0,1.0,4.0,159.0
0.0,1.0,1.0,0.0,0.0,0.0,0.0,0.0,1.0,0.0,0.0,0.0,0.0,0.0,1.0,0.0,0.0,0.0,9.0,1.0,11.0,2.0,3.0,5.0,5.0,0.0,12.0,1.0,2.0,180.0
1.0,1.0,0.0,0.0,1.0,0.0,0.0,0.0,1.0,0.0,0.0,0.0,0.0,1.0,0.0,0.0,0.0,0.0,12.0,1.0,18.0,3.0,3.0,4.0,5.0,0.0,21.0,1.0,0.0,153.0
0.0,2.0,0.0,0.0,0.0,1.0,0.0,0.0,0.0,1.0,1.0,0.0,0.0,0.0,0.0,0.0,0.0,0.0,0.0,3.0,8.0,3.0,3.0,3.0,2.0,0.0,19.0,0.0,2.0,128.0
1.0,2.0,0.0,0.0,0.0,1.0,0.0,0.0,1.0,0.0,0.0,0.0,0.0,0.0,1.0,0.0,0.0,0.0,10.0,1.0,13.0,3.0,3.0,4.0,3.0,0.0,11.0,0.0,3.0,120.0
0.0,1.0,0.0,0.0,1.0,0.0,0.0,1.0,0.0,0.0,0.0,0.0,0.0,1.0,0.0,0.0,0.0,0.0,9.0,1.0,6.0,2.0,4.0,3.0,1.0,0.0,15.0,1.0,2.0,144.0
1.0,2.0,0.0,0.0,1.0,0.0,0.0,1.0,0.0,0.0,0.0,0.0,0.0,0.0,0.0,0.0,1.0,1.0,0.0,3.0,18.0,2.0,3.0,1.0,4.0,1.0,24.0,3.0,7.0,146.0
1.0,1.0,0.0,0.0,1.0,0.0,0.0,1.0,0.0,0.0,0.0,0.0,0.0,0.0,1.0,0.0,0.0,0.0,11.0,1.0,6.0,2.0,3.0,1.0,8.0,0.0,15.0,2.0,9.0,147.0
1.0,1.0,0.0,0.0,1.0,0.0,0.0,0.0,0.0,1.0,0.0,0.0,0.0,1.0,0.0,0.0,0.0,0.0,2.0,3.0,11.0,2.0,4.0,4.0,2.0,1.0,13.0,0.0,9.0,142.0
1.0,1.0,0.0,0.0,1.0,0.0,0.0,0.0,1.0,0.0,0.0,0.0,0.0,1.0,0.0,0.0,0.0,0.0,6.0,3.0,8.0,3.0,3.0,1.0,2.0,0.0,14.0,1.0,4.0,155.0
1.0,1.0,0.0,0.0,1.0,0.0,0.0,0.0,1.0,0.0,0.0,0.0,0.0,1.0,0.0,0.0,0.0,0.0,5.0,1.0,8.0,2.0,3.0,4.0,1.0,0.0,13.0,0.0,6.0,155.0
0.0,1.0,0.0,0.0,1.0,0.0,0.0,0.0,1.0,0.0,0.0,0.0,0.0,0.0,1.0,0.0,0.0,0.0,4.0,3.0,11.0,3.0,3.0,1.0,2.0,0.0,11.0,0.0,2.0,155.0
0.0,1.0,0.0,0.0,0.0,1.0,0.0,0.0,0.0,1.0,1.0,0.0,0.0,0.0,0.0,0.0,0.0,0.0,22.0,1.0,16.0,3.0,3.0,5.0,5.0,1.0,16.0,1.0,2.0,126.0
0.0,2.0,0.0,0.0,0.0,1.0,0.0,1.0,0.0,0.0,1.0,0.0,0.0,0.0,0.0,0.0,0.0,0.0,11.0,1.0,16.0,2.0,4.0,4.0,2.0,0.0,22.0,1.0,3.0,124.0
1.0,2.0,1.0,0.0,0.0,0.0,0.0,0.0,1.0,0.0,0.0,0.0,0.0,0.0,1.0,0.0,0.0,0.0,14.0,3.0,29.0,3.0,3.0,3.0,4.0,1.0,16.0,0.0,2.0,171.0
1.0,2.0,0.0,0.0,0.0,1.0,0.0,0.0,0.0,1.0,0.0,0.0,0.0,0.0,1.0,0.0,0.0,0.0,0.0,3.0,15.0,3.0,3.0,5.0,2.0,0.0,11.0,0.0,2.0,127.0
0.0,1.0,0.0,0.0,1.0,0.0,0.0,1.0,0.0,0.0,0.0,0.0,0.0,0.0,1.0,0.0,0.0,0.0,6.0,3.0,22.0,2.0,3.0,1.0,2.0,1.0,25.0,0.0,2.0,154.0
1.0,1.0,0.0,0.0,1.0,0.0,0.0,0.0,1.0,0.0,0.0,0.0,0.0,0.0,1.0,0.0,0.0,0.0,9.0,1.0,32.0,3.0,3.0,3.0,7.0,0.0,14.0,1.0,2.0,153.0
0.0,1.0,0.0,0.0,0.0,1.0,0.0,0.0,0.0,1.0,0.0,0.0,0.0,0.0,1.0,0.0,0.0,0.0,17.0,2.0,6.0,2.0,3.0,1.0,5.0,1.0,18.0,2.0,2.0,132.0
1.0,2.0,0.0,0.0,0.0,0.0,1.0,0.0,0.0,1.0,0.0,0.0,0.0,1.0,0.0,0.0,0.0,1.0,0.0,1.0,14.0,3.0,4.0,3.0,2.0,1.0,11.0,1.0,2.0,140.0
0.0,1.0,0.0,0.0,0.0,1.0,0.0,0.0,0.0,1.0,1.0,0.0,0.0,0.0,0.0,0.0,0.0,0.0,11.0,1.0,10.0,2.0,3.0,3.0,8.0,0.0,19.0,0.0,0.0,133.0
1.0,2.0,0.0,0.0,0.0,0.0,1.0,0.0,1.0,0.0,0.0,0.0,0.0,0.0,1.0,0.0,0.0,1.0,10.0,1.0,8.0,3.0,3.0,4.0,2.0,0.0,12.0,1.0,0.0,114.0
1.0,1.0,0.0,0.0,0.0,1.0,0.0,0.0,0.0,1.0,0.0,1.0,0.0,0.0,0.0,0.0,0.0,0.0,28.0,1.0,28.0,3.0,4.0,4.0,6.0,0.0,12.0,1.0,2.0,135.0
1.0,1.0,1.0,0.0,0.0,0.0,0.0,0.0,1.0,0.0,0.0,0.0,0.0,1.0,0.0,0.0,0.0,0.0,30.0,1.0,6.0,3.0,5.0,1.0,4.0,0.0,20.0,0.0,0.0,209.0
1.0,1.0,0.0,0.0,1.0,0.0,0.0,1.0,0.0,0.0,0.0,0.0,0.0,1.0,0.0,0.0,0.0,0.0,10.0,3.0,6.0,2.0,5.0,1.0,2.0,0.0,14.0,0.0,3.0,195.0
0.0,1.0,0.0,0.0,0.0,1.0,0.0,0.0,0.0,1.0,0.0,0.0,0.0,0.0,1.0,0.0,0.0,0.0,7.0,1.0,25.0,3.0,4.0,1.0,2.0,0.0,12.0,3.0,7.0,129.0
1.0,1.0,0.0,0.0,0.0,1.0,0.0,0.0,0.0,1.0,0.0,0.0,0.0,0.0,1.0,0.0,0.0,1.0,10.0,3.0,13.0,2.0,3.0,1.0,2.0,1.0,21.0,1.0,2.0,123.0
1.0,2.0,0.0,0.0,0.0,0.0,1.0,1.0,0.0,0.0,0.0,0.0,0.0,1.0,0.0,0.0,0.0,0.0,8.0,1.0,8.0,3.0,4.0,1.0,1.0,1.0,14.0,1.0,4.0,149.0
1.0,1.0,0.0,0.0,1.0,0.0,0.0,0.0,1.0,0.0,0.0,0.0,0.0,1.0,0.0,0.0,0.0,0.0,16.0,3.0,8.0,3.0,3.0,1.0,2.0,1.0,17.0,0.0,8.0,178.0
0.0,1.0,0.0,0.0,0.0,1.0,0.0,0.0,0.0,1.0,1.0,0.0,0.0,0.0,0.0,0.0,0.0,0.0,2.0,1.0,15.0,3.0,3.0,3.0,10.0,0.0,17.0,1.0,2.0,130.0
0.0,2.0,0.0,0.0,1.0,0.0,0.0,0.0,0.0,1.0,0.0,0.0,0.0,0.0,1.0,0.0,0.0,0.0,9.0,3.0,8.0,2.0,3.0,1.0,4.0,0.0,15.0,3.0,7.0,145.0
1.0,1.0,1.0,0.0,0.0,0.0,0.0,1.0,0.0,0.0,0.0,0.0,0.0,0.0,1.0,0.0,0.0,0.0,18.0,1.0,6.0,3.0,4.0,3.0,4.0,0.0,23.0,3.0,4.0,207.0
1.0,1.0,0.0,0.0,0.0,0.0,1.0,0.0,1.0,0.0,0.0,0.0,0.0,0.0,0.0,0.0,1.0,1.0,10.0,2.0,28.0,2.0,5.0,3.0,2.0,0.0,11.0,0.0,0.0,116.0
1.0,1.0,0.0,0.0,0.0,1.0,0.0,0.0,0.0,1.0,1.0,0.0,0.0,0.0,0.0,0.0,0.0,0.0,10.0,1.0,23.0,3.0,5.0,3.0,2.0,0.0,15.0,0.0,2.0,123.0
1.0,1.0,0.0,0.0,0.0,1.0,0.0,1.0,0.0,0.0,0.0,0.0,0.0,0.0,1.0,0.0,0.0,0.0,5.0,1.0,16.0,2.0,3.0,3.0,7.0,0.0,13.0,0.0,3.0,134.0
1.0,1.0,0.0,0.0,0.0,1.0,0.0,0.0,0.0,1.0,0.0,0.0,0.0,0.0,1.0,0.0,0.0,0.0,4.0,1.0,8.0,3.0,3.0,3.0,2.0,0.0,14.0,0.0,3.0,135.0
1.0,1.0,0.0,0.0,1.0,0.0,0.0,1.0,0.0,0.0,0.0,0.0,0.0,0.0,0.0,0.0,1.0,0.0,14.0,2.0,10.0,2.0,5.0,4.0,7.0,0.0,19.0,0.0,2.0,164.0
0.0,1.0,0.0,0.0,1.0,0.0,0.0,0.0,1.0,0.0,0.0,0.0,0.0,0.0,1.0,0.0,0.0,0.0,13.0,1.0,14.0,3.0,3.0,5.0,3.0,1.0,16.0,0.0,0.0,165.0
1.0,1.0,0.0,0.0,0.0,0.0,1.0,0.0,0.0,1.0,0.0,0.0,0.0,1.0,0.0,0.0,0.0,0.0,0.0,1.0,35.0,3.0,3.0,5.0,2.0,0.0,13.0,1.0,2.0,139.0
1.0,2.0,0.0,0.0,1.0,0.0,0.0,0.0,1.0,0.0,0.0,0.0,0.0,0.0,1.0,0.0,0.0,0.0,19.0,1.0,19.0,2.0,3.0,4.0,7.0,0.0,14.0,1.0,9.0,156.0
1.0,1.0,0.0,0.0,1.0,0.0,0.0,0.0,1.0,0.0,0.0,0.0,0.0,0.0,1.0,0.0,0.0,0.0,8.0,1.0,33.0,2.0,3.0,3.0,3.0,0.0,16.0,0.0,7.0,169.0
1.0,1.0,0.0,0.0,0.0,1.0,0.0,0.0,0.0,1.0,0.0,0.0,0.0,0.0,1.0,0.0,0.0,0.0,3.0,1.0,22.0,3.0,3.0,1.0,2.0,0.0,12.0,0.0,8.0,129.0
1.0,1.0,0.0,0.0,1.0,0.0,0.0,1.0,0.0,0.0,0.0,0.0,0.0,0.0,0.0,1.0,0.0,0.0,20.0,3.0,8.0,2.0,3.0,4.0,8.0,0.0,11.0,0.0,0.0,150.0
1.0,1.0,1.0,0.0,0.0,0.0,0.0,0.0,1.0,0.0,0.0,0.0,0.0,0.0,1.0,0.0,0.0,0.0,19.0,3.0,8.0,3.0,3.0,1.0,5.0,1.0,12.0,0.0,3.0,204.0
1.0,1.0,0.0,0.0,1.0,0.0,0.0,0.0,1.0,0.0,0.0,0.0,0.0,0.0,0.0,1.0,0.0,1.0,0.0,3.0,19.0,3.0,4.0,5.0,6.0,1.0,13.0,2.0,2.0,161.0
1.0,2.0,0.0,0.0,1.0,0.0,0.0,0.0,1.0,0.0,0.0,0.0,0.0,0.0,1.0,0.0,0.0,1.0,0.0,3.0,6.0,2.0,5.0,4.0,7.0,0.0,15.0,0.0,0.0,167.0
0.0,2.0,0.0,0.0,0.0,1.0,0.0,0.0,0.0,1.0,1.0,0.0,0.0,0.0,0.0,0.0,0.0,0.0,0.0,1.0,10.0,2.0,3.0,4.0,2.0,0.0,13.0,1.0,2.0,133.0
0.0,2.0,0.0,0.0,1.0,0.0,0.0,1.0,0.0,0.0,0.0,1.0,0.0,0.0,0.0,0.0,0.0,0.0,4.0,1.0,30.0,1.0,3.0,1.0,3.0,0.0,20.0,1.0,4.0,152.0
1.0,1.0,0.0,0.0,1.0,0.0,0.0,1.0,0.0,0.0,0.0,0.0,0.0,0.0,1.0,0.0,0.0,0.0,12.0,1.0,6.0,3.0,3.0,1.0,2.0,1.0,15.0,3.0,8.0,165.0
1.0,1.0,1.0,0.0,0.0,0.0,0.0,0.0,1.0,0.0,0.0,0.0,0.0,0.0,1.0,0.0,0.0,0.0,5.0,3.0,25.0,3.0,5.0,3.0,4.0,0.0,13.0,1.0,2.0,196.0
0.0,1.0,1.0,0.0,0.0,0.0,0.0,0.0,1.0,0.0,0.0,0.0,0.0,0.0,1.0,0.0,0.0,0.0,18.0,2.0,10.0,2.0,5.0,3.0,5.0,0.0,21.0,1.0,3.0,198.0
0.0,2.0,0.0,0.0,0.0,0.0,1.0,1.0,0.0,0.0,0.0,1.0,0.0,0.0,0.0,0.0,0.0,0.0,3.0,1.0,8.0,3.0,4.0,5.0,1.0,0.0,16.0,0.0,7.0,150.0
1.0,1.0,0.0,0.0,0.0,1.0,0.0,1.0,0.0,0.0,1.0,0.0,0.0,0.0,0.0,0.0,0.0,0.0,10.0,2.0,16.0,2.0,3.0,1.0,1.0,0.0,14.0,1.0,1.0,121.0
0.0,1.0,0.0,0.0,0.0,1.0,0.0,1.0,0.0,0.0,0.0,0.0,0.0,0.0,0.0,0.0,1.0,1.0,10.0,2.0,14.0,3.0,4.0,1.0,7.0,0.0,11.0,1.0,2.0,122.0
1.0,1.0,0.0,0.0,1.0,0.0,0.0,0.0,1.0,0.0,0.0,1.0,0.0,0.0,0.0,0.0,0.0,0.0,4.0,3.0,11.0,2.0,3.0,3.0,2.0,0.0,19.0,0.0,2.0,183.0
0.0,2.0,0.0,0.0,0.0,1.0,0.0,0.0,0.0,1.0,1.0,0.0,0.0,0.0,0.0,0.0,0.0,0.0,0.0,1.0,14.0,3.0,3.0,1.0,2.0,0.0,11.0,1.0,4.0,134.0
0.0,2.0,0.0,0.0,0.0,1.0,0.0,0.0,0.0,1.0,0.0,0.0,0.0,0.0,0.0,1.0,0.0,1.0,0.0,3.0,15.0,3.0,5.0,4.0,2.0,0.0,13.0,1.0,2.0,128.0
1.0,1.0,1.0,0.0,0.0,0.0,0.0,0.0,1.0,0.0,0.0,0.0,0.0,0.0,0.0,1.0,0.0,0.0,3.0,3.0,21.0,3.0,4.0,5.0,3.0,0.0,11.0,0.0,7.0,171.0
0.0,2.0,0.0,0.0,1.0,0.0,0.0,1.0,0.0,0.0,0.0,0.0,0.0,0.0,0.0,1.0,0.0,0.0,6.0,3.0,8.0,3.0,3.0,4.0,9.0,0.0,15.0,0.0,7.0,151.0
0.0,2.0,0.0,0.0,1.0,0.0,0.0,0.0,0.0,1.0,0.0,0.0,0.0,0.0,0.0,1.0,0.0,0.0,22.0,3.0,17.0,3.0,3.0,1.0,4.0,0.0,12.0,0.0,4.0,145.0
0.0,2.0,1.0,0.0,0.0,0.0,0.0,0.0,1.0,0.0,0.0,0.0,0.0,0.0,1.0,0.0,0.0,1.0,0.0,3.0,22.0,3.0,3.0,5.0,3.0,1.0,20.0,0.0,0.0,186.0
0.0,1.0,0.0,0.0,0.0,1.0,0.0,1.0,0.0,0.0,1.0,0.0,0.0,0.0,0.0,0.0,0.0,0.0,11.0,1.0,16.0,3.0,4.0,4.0,5.0,0.0,14.0,0.0,5.0,125.0
1.0,1.0,1.0,0.0,0.0,0.0,0.0,0.0,1.0,0.0,0.0,0.0,0.0,0.0,0.0,1.0,0.0,1.0,0.0,3.0,22.0,3.0,3.0,3.0,3.0,0.0,13.0,1.0,0.0,182.0
0.0,1.0,0.0,0.0,0.0,1.0,0.0,0.0,0.0,1.0,0.0,0.0,1.0,0.0,0.0,0.0,0.0,0.0,10.0,1.0,10.0,3.0,4.0,5.0,2.0,0.0,13.0,0.0,0.0,121.0
1.0,2.0,0.0,0.0,0.0,1.0,0.0,1.0,0.0,0.0,0.0,1.0,0.0,0.0,0.0,0.0,0.0,0.0,5.0,1.0,11.0,3.0,3.0,4.0,3.0,0.0,14.0,1.0,7.0,127.0
1.0,1.0,0.0,0.0,1.0,0.0,0.0,0.0,1.0,0.0,0.0,0.0,0.0,1.0,0.0,0.0,0.0,0.0,11.0,1.0,24.0,2.0,5.0,1.0,4.0,1.0,16.0,0.0,0.0,158.0
1.0,1.0,0.0,0.0,0.0,1.0,0.0,1.0,0.0,0.0,0.0,1.0,0.0,0.0,0.0,0.0,0.0,1.0,6.0,1.0,16.0,2.0,4.0,3.0,10.0,1.0,16.0,1.0,0.0,124.0
1.0,1.0,0.0,0.0,0.0,1.0,0.0,0.0,0.0,1.0,1.0,0.0,0.0,0.0,0.0,0.0,0.0,0.0,15.0,1.0,18.0,3.0,3.0,4.0,9.0,0.0,22.0,1.0,4.0,128.0
1.0,1.0,0.0,0.0,1.0,0.0,0.0,1.0,0.0,0.0,0.0,1.0,0.0,0.0,0.0,0.0,0.0,0.0,6.0,1.0,10.0,3.0,3.0,4.0,6.0,0.0,15.0,0.0,7.0,131.0
1.0,1.0,0.0,0.0,0.0,1.0,0.0,0.0,0.0,1.0,0.0,0.0,0.0,0.0,1.0,0.0,0.0,0.0,10.0,1.0,15.0,3.0,3.0,5.0,2.0,0.0,20.0,1.0,4.0,123.0
1.0,1.0,0.0,0.0,1.0,0.0,0.0,1.0,0.0,0.0,0.0,0.0,0.0,0.0,1.0,0.0,0.0,0.0,7.0,3.0,16.0,2.0,3.0,3.0,2.0,1.0,14.0,1.0,7.0,140.0
1.0,2.0,0.0,0.0,0.0,1.0,0.0,0.0,0.0,1.0,0.0,0.0,0.0,0.0,1.0,0.0,0.0,0.0,16.0,2.0,8.0,3.0,3.0,1.0,1.0,0.0,13.0,0.0,8.0,135.0
0.0,2.0,0.0,0.0,1.0,0.0,0.0,0.0,1.0,0.0,0.0,0.0,0.0,0.0,1.0,0.0,0.0,0.0,7.0,3.0,9.0,2.0,5.0,1.0,6.0,0.0,12.0,1.0,2.0,160.0
1.0,2.0,0.0,0.0,0.0,1.0,0.0,0.0,0.0,1.0,0.0,0.0,0.0,0.0,0.0,1.0,0.0,1.0,0.0,3.0,13.0,3.0,3.0,4.0,2.0,0.0,13.0,1.0,0.0,127.0
0.0,1.0,0.0,0.0,0.0,0.0,1.0,0.0,0.0,1.0,0.0,0.0,0.0,0.0,0.0,0.0,1.0,0.0,11.0,1.0,12.0,2.0,4.0,3.0,2.0,0.0,11.0,0.0,4.0,137.0
0.0,1.0,0.0,0.0,0.0,1.0,0.0,0.0,0.0,1.0,1.0,0.0,0.0,0.0,0.0,0.0,0.0,1.0,0.0,1.0,16.0,3.0,3.0,5.0,2.0,1.0,17.0,0.0,0.0,124.0
0.0,1.0,0.0,0.0,1.0,0.0,0.0,0.0,1.0,0.0,0.0,0.0,0.0,0.0,0.0,1.0,0.0,0.0,4.0,3.0,35.0,3.0,4.0,1.0,2.0,0.0,14.0,2.0,7.0,155.0
1.0,1.0,0.0,0.0,1.0,0.0,0.0,0.0,0.0,1.0,0.0,0.0,0.0,0.0,0.0,1.0,0.0,0.0,10.0,3.0,15.0,2.0,4.0,4.0,2.0,0.0,14.0,0.0,3.0,142.0
1.0,1.0,1.0,0.0,0.0,0.0,0.0,0.0,1.0,0.0,0.0,0.0,0.0,0.0,1.0,0.0,0.0,0.0,9.0,1.0,16.0,2.0,3.0,5.0,8.0,1.0,13.0,1.0,7.0,183.0
1.0,1.0,0.0,0.0,0.0,1.0,0.0,1.0,0.0,0.0,1.0,0.0,0.0,0.0,0.0,0.0,0.0,1.0,7.0,1.0,16.0,2.0,3.0,4.0,2.0,1.0,12.0,1.0,3.0,123.0
1.0,2.0,0.0,0.0,1.0,0.0,0.0,0.0,1.0,0.0,0.0,0.0,0.0,0.0,1.0,0.0,0.0,1.0,0.0,3.0,33.0,2.0,3.0,1.0,2.0,1.0,18.0,0.0,7.0,158.0
1.0,1.0,0.0,0.0,0.0,1.0,0.0,0.0,0.0,1.0,0.0,0.0,0.0,0.0,1.0,0.0,0.0,0.0,10.0,1.0,6.0,2.0,3.0,1.0,2.0,0.0,11.0,0.0,3.0,120.0
1.0,2.0,0.0,0.0,1.0,0.0,0.0,1.0,0.0,0.0,0.0,0.0,0.0,0.0,1.0,0.0,0.0,0.0,19.0,3.0,32.0,3.0,4.0,4.0,9.0,0.0,15.0,2.0,2.0,180.0
0.0,1.0,0.0,0.0,0.0,1.0,0.0,0.0,0.0,1.0,0.0,0.0,0.0,0.0,1.0,0.0,0.0,0.0,13.0,1.0,8.0,2.0,3.0,5.0,5.0,0.0,17.0,1.0,2.0,134.0
1.0,1.0,0.0,0.0,1.0,0.0,0.0,1.0,0.0,0.0,0.0,0.0,0.0,1.0,0.0,0.0,0.0,0.0,8.0,1.0,8.0,2.0,3.0,1.0,3.0,0.0,14.0,0.0,7.0,158.0
1.0,1.0,0.0,0.0,0.0,1.0,0.0,1.0,0.0,0.0,0.0,0.0,0.0,0.0,0.0,0.0,1.0,0.0,11.0,2.0,16.0,3.0,3.0,4.0,6.0,0.0,13.0,3.0,8.0,126.0
1.0,1.0,0.0,0.0,1.0,0.0,0.0,1.0,0.0,0.0,0.0,0.0,0.0,0.0,1.0,0.0,0.0,1.0,0.0,1.0,15.0,3.0,3.0,5.0,5.0,0.0,17.0,0.0,7.0,153.0
1.0,2.0,0.0,0.0,1.0,0.0,0.0,0.0,0.0,1.0,0.0,0.0,0.0,1.0,0.0,0.0,0.0,1.0,0.0,1.0,16.0,2.0,3.0,5.0,2.0,0.0,15.0,0.0,8.0,142.0
1.0,1.0,0.0,0.0,1.0,0.0,0.0,1.0,0.0,0.0,0.0,0.0,0.0,0.0,1.0,0.0,0.0,0.0,12.0,3.0,26.0,2.0,3.0,1.0,3.0,0.0,18.0,1.0,2.0,141.0
1.0,2.0,0.0,0.0,0.0,1.0,0.0,1.0,0.0,0.0,0.0,0.0,0.0,0.0,1.0,0.0,0.0,0.0,16.0,1.0,16.0,2.0,3.0,3.0,5.0,0.0,13.0,0.0,2.0,124.0
0.0,1.0,1.0,0.0,0.0,0.0,0.0,0.0,1.0,0.0,0.0,0.0,0.0,0.0,0.0,1.0,0.0,0.0,14.0,3.0,10.0,2.0,3.0,3.0,1.0,1.0,13.0,0.0,5.0,204.0
0.0,2.0,1.0,0.0,0.0,0.0,0.0,0.0,1.0,0.0,0.0,0.0,0.0,1.0,0.0,0.0,0.0,0.0,3.0,1.0,16.0,3.0,3.0,3.0,10.0,0.0,14.0,0.0,2.0,197.0
0.0,1.0,0.0,0.0,0.0,1.0,0.0,0.0,0.0,1.0,1.0,0.0,0.0,0.0,0.0,0.0,0.0,1.0,10.0,2.0,26.0,3.0,3.0,4.0,1.0,1.0,11.0,0.0,4.0,121.0
0.0,1.0,0.0,0.0,1.0,0.0,0.0,0.0,1.0,0.0,0.0,0.0,0.0,1.0,0.0,0.0,0.0,1.0,9.0,1.0,27.0,3.0,3.0,4.0,5.0,0.0,22.0,1.0,7.0,189.0
0.0,1.0,0.0,0.0,1.0,0.0,0.0,0.0,1.0,0.0,0.0,0.0,0.0,0.0,1.0,0.0,0.0,0.0,13.0,1.0,6.0,2.0,3.0,1.0,5.0,0.0,17.0,0.0,3.0,165.0
1.0,1.0,0.0,0.0,0.0,1.0,0.0,0.0,0.0,1.0,1.0,0.0,0.0,0.0,0.0,0.0,0.0,0.0,8.0,1.0,29.0,3.0,5.0,3.0,1.0,0.0,16.0,1.0,3.0,127.0
0.0,1.0,1.0,0.0,0.0,0.0,0.0,0.0,1.0,0.0,0.0,0.0,0.0,0.0,1.0,0.0,0.0,0.0,20.0,1.0,10.0,3.0,4.0,4.0,9.0,1.0,12.0,2.0,10.0,203.0
0.0,1.0,0.0,0.0,1.0,0.0,0.0,0.0,1.0,0.0,0.0,0.0,0.0,1.0,0.0,0.0,0.0,0.0,27.0,1.0,13.0,3.0,3.0,1.0,5.0,0.0,15.0,1.0,7.0,169.0
0.0,1.0,1.0,0.0,0.0,0.0,0.0,1.0,0.0,0.0,0.0,0.0,0.0,0.0,0.0,1.0,0.0,0.0,4.0,3.0,13.0,3.0,3.0,5.0,3.0,0.0,14.0,2.0,2.0,196.0
0.0,1.0,0.0,0.0,0.0,0.0,1.0,0.0,0.0,1.0,0.0,0.0,0.0,1.0,0.0,0.0,0.0,0.0,1.0,1.0,6.0,3.0,3.0,5.0,2.0,0.0,25.0,1.0,2.0,136.0
0.0,1.0,0.0,0.0,1.0,0.0,0.0,0.0,1.0,0.0,0.0,0.0,0.0,0.0,0.0,1.0,0.0,0.0,11.0,3.0,8.0,3.0,5.0,1.0,3.0,1.0,20.0,0.0,3.0,154.0
1.0,2.0,0.0,0.0,1.0,0.0,0.0,0.0,0.0,1.0,0.0,0.0,0.0,1.0,0.0,0.0,0.0,0.0,0.0,3.0,16.0,2.0,3.0,1.0,2.0,0.0,13.0,0.0,2.0,147.0
0.0,2.0,0.0,0.0,0.0,0.0,1.0,1.0,0.0,0.0,0.0,0.0,0.0,1.0,0.0,0.0,0.0,0.0,10.0,1.0,20.0,2.0,3.0,3.0,2.0,0.0,16.0,1.0,0.0,115.0
1.0,1.0,0.0,0.0,0.0,1.0,0.0,0.0,0.0,1.0,0.0,0.0,0.0,0.0,0.0,0.0,1.0,1.0,0.0,2.0,16.0,2.0,4.0,5.0,5.0,1.0,15.0,1.0,0.0,123.0
0.0,1.0,0.0,0.0,1.0,0.0,0.0,1.0,0.0,0.0,0.0,0.0,0.0,0.0,1.0,0.0,0.0,0.0,18.0,3.0,8.0,3.0,3.0,3.0,5.0,0.0,22.0,3.0,7.0,152.0
0.0,1.0,0.0,0.0,1.0,0.0,0.0,0.0,1.0,0.0,0.0,0.0,0.0,0.0,0.0,0.0,1.0,0.0,9.0,1.0,8.0,3.0,3.0,4.0,5.0,1.0,22.0,0.0,0.0,170.0
0.0,2.0,0.0,0.0,0.0,1.0,0.0,1.0,0.0,0.0,0.0,0.0,0.0,0.0,1.0,0.0,0.0,0.0,0.0,1.0,16.0,2.0,3.0,1.0,1.0,1.0,14.0,1.0,2.0,124.0
1.0,1.0,0.0,0.0,0.0,0.0,1.0,1.0,0.0,0.0,0.0,0.0,0.0,1.0,0.0,0.0,0.0,0.0,2.0,1.0,26.0,2.0,3.0,1.0,2.0,0.0,13.0,1.0,10.0,138.0
1.0,2.0,0.0,0.0,1.0,0.0,0.0,1.0,0.0,0.0,0.0,0.0,0.0,0.0,0.0,1.0,0.0,0.0,5.0,3.0,16.0,3.0,3.0,1.0,9.0,0.0,13.0,1.0,0.0,146.0
1.0,1.0,0.0,0.0,0.0,1.0,0.0,1.0,0.0,0.0,0.0,1.0,0.0,0.0,0.0,0.0,0.0,0.0,15.0,1.0,16.0,3.0,3.0,3.0,4.0,0.0,22.0,1.0,3.0,129.0
0.0,2.0,0.0,0.0,0.0,1.0,0.0,0.0,0.0,1.0,0.0,0.0,0.0,0.0,1.0,0.0,0.0,0.0,10.0,1.0,15.0,3.0,3.0,3.0,5.0,0.0,12.0,1.0,0.0,121.0
1.0,1.0,1.0,0.0,0.0,0.0,0.0,0.0,1.0,0.0,0.0,0.0,0.0,0.0,1.0,0.0,0.0,0.0,19.0,1.0,8.0,2.0,3.0,1.0,4.0,0.0,14.0,1.0,7.0,186.0
1.0,1.0,0.0,0.0,0.0,1.0,0.0,1.0,0.0,0.0,0.0,0.0,0.0,0.0,1.0,0.0,0.0,0.0,1.0,2.0,6.0,3.0,3.0,1.0,2.0,0.0,15.0,0.0,2.0,127.0
1.0,1.0,0.0,0.0,1.0,0.0,0.0,0.0,1.0,0.0,0.0,0.0,0.0,0.0,1.0,0.0,0.0,0.0,2.0,1.0,35.0,3.0,5.0,3.0,9.0,0.0,17.0,1.0,6.0,164.0
1.0,2.0,0.0,0.0,0.0,0.0,1.0,0.0,0.0,1.0,0.0,0.0,0.0,0.0,1.0,0.0,0.0,0.0,15.0,1.0,14.0,2.0,3.0,3.0,5.0,0.0,13.0,1.0,0.0,140.0
1.0,2.0,0.0,0.0,1.0,0.0,0.0,0.0,1.0,0.0,0.0,0.0,0.0,0.0,0.0,1.0,0.0,1.0,0.0,3.0,8.0,2.0,4.0,4.0,8.0,1.0,12.0,2.0,2.0,199.0
1.0,1.0,0.0,0.0,0.0,1.0,0.0,0.0,0.0,1.0,1.0,0.0,0.0,0.0,0.0,0.0,0.0,0.0,2.0,2.0,12.0,3.0,4.0,4.0,2.0,0.0,11.0,1.0,0.0,128.0
1.0,2.0,0.0,0.0,0.0,1.0,0.0,1.0,0.0,0.0,0.0,0.0,0.0,0.0,1.0,0.0,0.0,1.0,0.0,1.0,16.0,3.0,4.0,1.0,2.0,1.0,24.0,1.0,0.0,124.0
0.0,1.0,1.0,0.0,0.0,0.0,0.0,0.0,1.0,0.0,0.0,0.0,0.0,0.0,1.0,0.0,0.0,1.0,9.0,3.0,16.0,3.0,3.0,4.0,6.0,0.0,21.0,0.0,7.0,173.0
1.0,1.0,0.0,0.0,1.0,0.0,0.0,0.0,0.0,1.0,0.0,0.0,0.0,0.0,0.0,0.0,1.0,0.0,12.0,1.0,25.0,2.0,3.0,1.0,9.0,0.0,14.0,1.0,2.0,139.0
1.0,1.0,0.0,0.0,0.0,1.0,0.0,0.0,0.0,1.0,0.0,1.0,0.0,0.0,0.0,0.0,0.0,0.0,28.0,1.0,8.0,3.0,4.0,1.0,9.0,0.0,20.0,0.0,4.0,127.0
0.0,1.0,0.0,0.0,0.0,1.0,0.0,0.0,0.0,1.0,1.0,0.0,0.0,0.0,0.0,0.0,0.0,0.0,1.0,3.0,9.0,3.0,3.0,4.0,2.0,0.0,19.0,1.0,0.0,129.0
1.0,2.0,0.0,0.0,0.0,0.0,1.0,0.0,1.0,0.0,0.0,0.0,0.0,1.0,0.0,0.0,0.0,1.0,0.0,3.0,15.0,2.0,3.0,1.0,2.0,0.0,13.0,0.0,0.0,111.0
1.0,2.0,0.0,0.0,0.0,1.0,0.0,0.0,0.0,1.0,0.0,0.0,0.0,0.0,1.0,0.0,0.0,1.0,0.0,1.0,16.0,3.0,3.0,4.0,2.0,1.0,23.0,1.0,0.0,125.0
0.0,1.0,0.0,0.0,1.0,0.0,0.0,0.0,1.0,0.0,0.0,1.0,0.0,0.0,0.0,0.0,0.0,0.0,9.0,3.0,16.0,3.0,4.0,3.0,2.0,1.0,13.0,1.0,7.0,157.0
1.0,1.0,0.0,0.0,1.0,0.0,0.0,0.0,0.0,1.0,0.0,0.0,0.0,0.0,1.0,0.0,0.0,0.0,4.0,1.0,26.0,2.0,3.0,3.0,2.0,0.0,11.0,0.0,2.0,142.0
1.0,1.0,1.0,0.0,0.0,0.0,0.0,0.0,1.0,0.0,0.0,0.0,0.0,0.0,1.0,0.0,0.0,0.0,7.0,3.0,10.0,3.0,3.0,1.0,3.0,1.0,13.0,0.0,0.0,197.0
1.0,2.0,0.0,0.0,0.0,1.0,0.0,0.0,0.0,1.0,0.0,0.0,0.0,0.0,1.0,0.0,0.0,0.0,10.0,1.0,13.0,2.0,3.0,5.0,4.0,0.0,14.0,0.0,2.0,121.0
1.0,1.0,0.0,0.0,1.0,0.0,0.0,0.0,0.0,1.0,0.0,0.0,0.0,1.0,0.0,0.0,0.0,0.0,10.0,1.0,13.0,3.0,3.0,5.0,6.0,1.0,22.0,0.0,4.0,143.0
0.0,1.0,0.0,0.0,1.0,0.0,0.0,0.0,0.0,1.0,0.0,0.0,0.0,0.0,0.0,0.0,1.0,0.0,8.0,1.0,22.0,2.0,4.0,4.0,1.0,1.0,11.0,1.0,2.0,148.0
0.0,1.0,0.0,0.0,1.0,0.0,0.0,0.0,1.0,0.0,0.0,0.0,0.0,0.0,1.0,0.0,0.0,0.0,18.0,1.0,31.0,3.0,4.0,1.0,1.0,0.0,13.0,0.0,8.0,159.0
1.0,2.0,0.0,0.0,1.0,0.0,0.0,1.0,0.0,0.0,0.0,0.0,0.0,0.0,0.0,0.0,1.0,0.0,9.0,2.0,8.0,3.0,4.0,1.0,2.0,0.0,21.0,1.0,8.0,139.0
0.0,1.0,0.0,0.0,0.0,1.0,0.0,0.0,0.0,1.0,0.0,0.0,0.0,0.0,1.0,0.0,0.0,0.0,0.0,1.0,6.0,3.0,4.0,3.0,2.0,1.0,13.0,0.0,0.0,129.0
1.0,1.0,0.0,0.0,0.0,1.0,0.0,1.0,0.0,0.0,0.0,1.0,0.0,0.0,0.0,0.0,0.0,1.0,10.0,1.0,22.0,2.0,5.0,5.0,2.0,1.0,23.0,3.0,0.0,123.0
1.0,2.0,0.0,0.0,0.0,1.0,0.0,0.0,0.0,1.0,0.0,0.0,0.0,0.0,1.0,0.0,0.0,1.0,19.0,1.0,16.0,3.0,3.0,1.0,2.0,0.0,16.0,0.0,0.0,126.0
1.0,1.0,0.0,0.0,1.0,0.0,0.0,0.0,1.0,0.0,0.0,0.0,0.0,0.0,0.0,1.0,0.0,0.0,9.0,3.0,23.0,2.0,4.0,4.0,3.0,0.0,16.0,1.0,3.0,155.0
0.0,1.0,0.0,0.0,1.0,0.0,0.0,0.0,0.0,1.0,0.0,0.0,0.0,0.0,0.0,1.0,0.0,0.0,14.0,3.0,14.0,2.0,3.0,4.0,6.0,0.0,21.0,1.0,4.0,144.0
0.0,1.0,0.0,0.0,1.0,0.0,0.0,0.0,1.0,0.0,0.0,0.0,0.0,1.0,0.0,0.0,0.0,0.0,4.0,3.0,16.0,2.0,3.0,1.0,3.0,1.0,11.0,0.0,4.0,166.0
0.0,1.0,0.0,0.0,1.0,0.0,0.0,0.0,1.0,0.0,0.0,0.0,0.0,1.0,0.0,0.0,0.0,0.0,7.0,3.0,9.0,3.0,4.0,1.0,4.0,1.0,12.0,0.0,1.0,181.0
1.0,2.0,0.0,0.0,1.0,0.0,0.0,1.0,0.0,0.0,0.0,0.0,0.0,1.0,0.0,0.0,0.0,0.0,18.0,1.0,6.0,2.0,3.0,3.0,5.0,0.0,12.0,1.0,3.0,154.0
1.0,2.0,0.0,0.0,1.0,0.0,0.0,0.0,1.0,0.0,0.0,0.0,0.0,0.0,0.0,1.0,0.0,0.0,6.0,3.0,16.0,2.0,3.0,3.0,2.0,0.0,14.0,0.0,9.0,155.0
1.0,1.0,0.0,0.0,1.0,0.0,0.0,1.0,0.0,0.0,0.0,0.0,0.0,0.0,1.0,0.0,0.0,0.0,1.0,3.0,6.0,2.0,4.0,1.0,2.0,1.0,12.0,0.0,7.0,168.0
0.0,1.0,0.0,0.0,1.0,0.0,0.0,1.0,0.0,0.0,0.0,0.0,0.0,0.0,1.0,0.0,0.0,0.0,12.0,3.0,27.0,2.0,5.0,3.0,7.0,0.0,19.0,0.0,2.0,157.0
1.0,1.0,0.0,0.0,0.0,1.0,0.0,0.0,0.0,1.0,0.0,1.0,0.0,0.0,0.0,0.0,0.0,0.0,10.0,1.0,8.0,2.0,3.0,4.0,2.0,0.0,11.0,1.0,2.0,122.0
1.0,1.0,0.0,0.0,1.0,0.0,0.0,1.0,0.0,0.0,0.0,0.0,0.0,0.0,0.0,0.0,1.0,0.0,7.0,1.0,28.0,2.0,4.0,1.0,2.0,1.0,15.0,3.0,11.0,157.0
0.0,2.0,0.0,0.0,1.0,0.0,0.0,0.0,1.0,0.0,0.0,0.0,0.0,0.0,0.0,1.0,0.0,1.0,0.0,3.0,19.0,2.0,3.0,3.0,4.0,1.0,11.0,2.0,2.0,199.0
1.0,1.0,0.0,0.0,1.0,0.0,0.0,1.0,0.0,0.0,0.0,1.0,0.0,0.0,0.0,0.0,0.0,0.0,20.0,1.0,20.0,3.0,3.0,4.0,9.0,0.0,18.0,0.0,7.0,155.0
0.0,1.0,0.0,0.0,1.0,0.0,0.0,0.0,1.0,0.0,0.0,0.0,0.0,0.0,0.0,1.0,0.0,0.0,29.0,3.0,17.0,2.0,4.0,5.0,5.0,0.0,16.0,0.0,0.0,154.0
0.0,1.0,0.0,0.0,1.0,0.0,0.0,1.0,0.0,0.0,1.0,0.0,0.0,0.0,0.0,0.0,0.0,0.0,10.0,1.0,14.0,2.0,4.0,4.0,2.0,1.0,16.0,1.0,7.0,121.0
1.0,1.0,0.0,0.0,0.0,0.0,1.0,0.0,0.0,1.0,0.0,0.0,0.0,0.0,1.0,0.0,0.0,0.0,11.0,1.0,15.0,3.0,3.0,1.0,3.0,0.0,19.0,1.0,3.0,148.0
1.0,1.0,0.0,0.0,1.0,0.0,0.0,0.0,1.0,0.0,0.0,0.0,0.0,0.0,0.0,1.0,0.0,0.0,15.0,3.0,18.0,3.0,3.0,1.0,4.0,1.0,12.0,0.0,0.0,151.0
0.0,1.0,0.0,0.0,0.0,1.0,0.0,1.0,0.0,0.0,0.0,0.0,0.0,0.0,0.0,0.0,1.0,1.0,0.0,2.0,28.0,3.0,4.0,4.0,2.0,0.0,12.0,1.0,0.0,129.0
1.0,2.0,0.0,0.0,0.0,1.0,0.0,1.0,0.0,0.0,1.0,0.0,0.0,0.0,0.0,0.0,0.0,0.0,10.0,1.0,22.0,2.0,3.0,3.0,2.0,0.0,14.0,0.0,4.0,121.0
1.0,1.0,0.0,0.0,0.0,1.0,0.0,1.0,0.0,0.0,1.0,0.0,0.0,0.0,0.0,0.0,0.0,0.0,4.0,1.0,9.0,3.0,3.0,5.0,2.0,1.0,13.0,0.0,3.0,131.0
1.0,2.0,1.0,0.0,0.0,0.0,0.0,0.0,1.0,0.0,0.0,0.0,0.0,0.0,0.0,1.0,0.0,0.0,7.0,3.0,6.0,2.0,3.0,1.0,2.0,0.0,21.0,1.0,1.0,199.0
1.0,1.0,1.0,0.0,0.0,0.0,0.0,0.0,1.0,0.0,0.0,0.0,0.0,1.0,0.0,0.0,0.0,0.0,7.0,3.0,19.0,2.0,3.0,3.0,2.0,0.0,18.0,1.0,1.0,186.0
1.0,2.0,0.0,0.0,0.0,1.0,0.0,0.0,0.0,1.0,1.0,0.0,0.0,0.0,0.0,0.0,0.0,0.0,0.0,1.0,6.0,3.0,3.0,5.0,1.0,0.0,13.0,3.0,6.0,129.0
1.0,1.0,0.0,0.0,1.0,0.0,0.0,0.0,1.0,0.0,0.0,0.0,0.0,0.0,1.0,0.0,0.0,0.0,2.0,1.0,6.0,2.0,3.0,5.0,1.0,0.0,12.0,1.0,2.0,154.0
0.0,1.0,0.0,0.0,1.0,0.0,0.0,1.0,0.0,0.0,0.0,0.0,0.0,1.0,0.0,0.0,0.0,0.0,5.0,1.0,21.0,2.0,3.0,1.0,6.0,0.0,18.0,0.0,2.0,167.0
1.0,1.0,0.0,0.0,1.0,0.0,0.0,1.0,0.0,0.0,0.0,0.0,0.0,0.0,1.0,0.0,0.0,0.0,4.0,1.0,6.0,2.0,5.0,5.0,2.0,0.0,21.0,1.0,7.0,150.0
1.0,1.0,0.0,0.0,0.0,1.0,0.0,0.0,0.0,1.0,0.0,1.0,0.0,0.0,0.0,0.0,0.0,1.0,0.0,1.0,16.0,2.0,4.0,1.0,6.0,0.0,12.0,0.0,3.0,124.0
1.0,2.0,0.0,0.0,0.0,1.0,0.0,0.0,0.0,1.0,0.0,0.0,0.0,0.0,1.0,0.0,0.0,0.0,11.0,3.0,6.0,3.0,4.0,5.0,5.0,0.0,14.0,0.0,0.0,129.0
0.0,1.0,0.0,0.0,1.0,0.0,0.0,0.0,1.0,0.0,0.0,0.0,0.0,0.0,1.0,0.0,0.0,0.0,8.0,3.0,13.0,2.0,3.0,1.0,2.0,1.0,11.0,1.0,9.0,152.0
1.0,2.0,0.0,0.0,1.0,0.0,0.0,0.0,0.0,1.0,0.0,0.0,0.0,0.0,0.0,1.0,0.0,0.0,0.0,3.0,15.0,2.0,3.0,1.0,2.0,0.0,14.0,0.0,7.0,141.0
1.0,2.0,0.0,0.0,1.0,0.0,0.0,0.0,1.0,0.0,0.0,0.0,0.0,0.0,1.0,0.0,0.0,0.0,5.0,1.0,11.0,2.0,4.0,1.0,9.0,0.0,24.0,0.0,0.0,197.0
1.0,1.0,0.0,0.0,1.0,0.0,0.0,1.0,0.0,0.0,0.0,0.0,0.0,0.0,0.0,1.0,0.0,1.0,0.0,3.0,32.0,3.0,3.0,1.0,2.0,1.0,11.0,0.0,8.0,156.0
1.0,2.0,1.0,0.0,0.0,0.0,0.0,0.0,1.0,0.0,0.0,0.0,0.0,0.0,1.0,0.0,0.0,1.0,16.0,3.0,30.0,3.0,3.0,5.0,7.0,1.0,13.0,2.0,2.0,204.0
0.0,1.0,0.0,0.0,1.0,0.0,0.0,0.0,0.0,1.0,0.0,0.0,0.0,0.0,1.0,0.0,0.0,0.0,27.0,1.0,15.0,3.0,3.0,3.0,4.0,0.0,11.0,0.0,3.0,129.0
1.0,1.0,0.0,0.0,1.0,0.0,0.0,1.0,0.0,0.0,0.0,0.0,0.0,0.0,1.0,0.0,0.0,0.0,6.0,1.0,13.0,2.0,3.0,3.0,2.0,0.0,20.0,2.0,8.0,160.0
1.0,1.0,1.0,0.0,0.0,0.0,0.0,0.0,1.0,0.0,0.0,0.0,0.0,0.0,1.0,0.0,0.0,0.0,16.0,1.0,17.0,1.0,3.0,3.0,2.0,0.0,17.0,1.0,9.0,175.0
1.0,1.0,0.0,0.0,0.0,1.0,0.0,1.0,0.0,0.0,0.0,0.0,0.0,0.0,0.0,0.0,1.0,0.0,11.0,2.0,6.0,3.0,3.0,4.0,1.0,1.0,11.0,1.0,2.0,130.0
0.0,1.0,0.0,0.0,0.0,0.0,1.0,0.0,1.0,0.0,0.0,0.0,0.0,1.0,0.0,0.0,0.0,0.0,4.0,1.0,8.0,2.0,5.0,1.0,2.0,1.0,11.0,1.0,0.0,111.0
1.0,2.0,0.0,0.0,1.0,0.0,0.0,1.0,0.0,0.0,0.0,0.0,0.0,0.0,1.0,0.0,0.0,0.0,15.0,1.0,29.0,2.0,4.0,3.0,2.0,0.0,12.0,2.0,7.0,143.0
0.0,1.0,1.0,0.0,0.0,0.0,0.0,1.0,0.0,0.0,0.0,0.0,0.0,1.0,0.0,0.0,0.0,0.0,4.0,1.0,16.0,2.0,3.0,3.0,5.0,0.0,20.0,3.0,5.0,210.0
0.0,2.0,0.0,0.0,1.0,0.0,0.0,0.0,0.0,1.0,0.0,0.0,0.0,1.0,0.0,0.0,0.0,0.0,27.0,1.0,16.0,3.0,3.0,5.0,7.0,1.0,19.0,0.0,4.0,144.0
1.0,2.0,0.0,0.0,1.0,0.0,0.0,0.0,0.0,1.0,0.0,0.0,0.0,0.0,1.0,0.0,0.0,0.0,0.0,1.0,6.0,2.0,4.0,3.0,2.0,0.0,12.0,1.0,2.0,146.0
1.0,2.0,0.0,0.0,0.0,1.0,0.0,0.0,0.0,1.0,0.0,0.0,0.0,0.0,0.0,0.0,1.0,0.0,0.0,1.0,16.0,3.0,3.0,1.0,2.0,0.0,13.0,1.0,4.0,126.0
0.0,1.0,0.0,0.0,1.0,0.0,0.0,1.0,0.0,0.0,0.0,1.0,0.0,0.0,0.0,0.0,0.0,0.0,13.0,1.0,17.0,3.0,3.0,3.0,2.0,0.0,11.0,2.0,4.0,163.0
0.0,1.0,0.0,0.0,1.0,0.0,0.0,0.0,1.0,0.0,0.0,0.0,0.0,0.0,0.0,1.0,0.0,0.0,13.0,3.0,8.0,3.0,3.0,4.0,4.0,0.0,14.0,1.0,10.0,157.0
0.0,1.0,0.0,0.0,0.0,1.0,0.0,0.0,0.0,1.0,0.0,0.0,0.0,0.0,0.0,0.0,1.0,0.0,10.0,2.0,8.0,2.0,3.0,4.0,5.0,0.0,14.0,0.0,2.0,122.0
1.0,1.0,0.0,0.0,0.0,0.0,1.0,0.0,0.0,1.0,0.0,0.0,0.0,1.0,0.0,0.0,0.0,0.0,3.0,1.0,6.0,3.0,3.0,4.0,2.0,0.0,13.0,0.0,7.0,137.0
1.0,1.0,0.0,0.0,0.0,0.0,1.0,0.0,0.0,1.0,0.0,0.0,0.0,0.0,0.0,0.0,1.0,0.0,0.0,1.0,8.0,2.0,3.0,3.0,7.0,1.0,19.0,0.0,2.0,140.0
1.0,2.0,1.0,0.0,0.0,0.0,0.0,0.0,1.0,0.0,0.0,0.0,0.0,1.0,0.0,0.0,0.0,0.0,20.0,1.0,31.0,2.0,3.0,3.0,3.0,0.0,23.0,1.0,11.0,186.0
1.0,1.0,0.0,0.0,0.0,1.0,0.0,1.0,0.0,0.0,1.0,0.0,0.0,0.0,0.0,0.0,0.0,0.0,10.0,1.0,6.0,2.0,4.0,3.0,2.0,0.0,12.0,0.0,0.0,120.0
1.0,1.0,0.0,0.0,0.0,1.0,0.0,0.0,0.0,1.0,0.0,0.0,0.0,0.0,1.0,0.0,0.0,0.0,4.0,3.0,8.0,3.0,3.0,3.0,1.0,0.0,19.0,1.0,2.0,131.0
1.0,1.0,0.0,0.0,1.0,0.0,0.0,1.0,0.0,0.0,0.0,0.0,0.0,0.0,1.0,0.0,0.0,0.0,11.0,1.0,12.0,3.0,4.0,3.0,3.0,0.0,11.0,2.0,7.0,153.0
1.0,1.0,0.0,0.0,1.0,0.0,0.0,0.0,1.0,0.0,0.0,0.0,0.0,0.0,1.0,0.0,0.0,0.0,15.0,1.0,24.0,2.0,3.0,5.0,7.0,1.0,17.0,0.0,2.0,154.0
1.0,1.0,0.0,0.0,0.0,1.0,0.0,0.0,0.0,1.0,0.0,0.0,0.0,0.0,1.0,0.0,0.0,0.0,14.0,1.0,6.0,3.0,3.0,1.0,4.0,0.0,22.0,0.0,0.0,128.0
0.0,1.0,1.0,0.0,0.0,0.0,0.0,1.0,0.0,0.0,0.0,0.0,0.0,1.0,0.0,0.0,0.0,0.0,20.0,1.0,6.0,3.0,3.0,4.0,1.0,0.0,18.0,0.0,5.0,220.0
1.0,1.0,0.0,0.0,0.0,1.0,0.0,0.0,0.0,1.0,1.0,0.0,0.0,0.0,0.0,0.0,0.0,0.0,8.0,1.0,17.0,2.0,3.0,3.0,8.0,1.0,11.0,0.0,2.0,127.0
1.0,2.0,0.0,0.0,0.0,1.0,0.0,0.0,0.0,1.0,0.0,0.0,0.0,0.0,1.0,0.0,0.0,0.0,0.0,1.0,6.0,3.0,3.0,3.0,1.0,0.0,12.0,0.0,2.0,134.0
1.0,2.0,0.0,0.0,1.0,0.0,0.0,0.0,1.0,0.0,0.0,0.0,0.0,1.0,0.0,0.0,0.0,0.0,8.0,1.0,15.0,2.0,3.0,3.0,2.0,0.0,19.0,0.0,8.0,151.0
0.0,2.0,0.0,0.0,0.0,1.0,0.0,0.0,0.0,1.0,0.0,0.0,0.0,0.0,1.0,0.0,0.0,0.0,5.0,1.0,35.0,3.0,4.0,4.0,2.0,0.0,13.0,3.0,1.0,128.0
1.0,1.0,0.0,0.0,0.0,1.0,0.0,0.0,0.0,1.0,0.0,0.0,0.0,0.0,1.0,0.0,0.0,0.0,13.0,1.0,16.0,2.0,3.0,1.0,9.0,0.0,19.0,0.0,0.0,124.0
1.0,1.0,0.0,0.0,0.0,1.0,0.0,0.0,0.0,1.0,1.0,0.0,0.0,0.0,0.0,0.0,0.0,0.0,10.0,3.0,6.0,3.0,4.0,4.0,1.0,0.0,14.0,0.0,2.0,123.0
1.0,2.0,0.0,0.0,1.0,0.0,0.0,0.0,0.0,1.0,0.0,0.0,0.0,0.0,1.0,0.0,0.0,0.0,12.0,1.0,30.0,2.0,3.0,1.0,8.0,0.0,13.0,1.0,7.0,141.0
0.0,1.0,1.0,0.0,0.0,0.0,0.0,0.0,1.0,0.0,0.0,0.0,0.0,0.0,0.0,1.0,0.0,0.0,5.0,3.0,6.0,2.0,3.0,1.0,2.0,0.0,19.0,3.0,7.0,204.0
0.0,1.0,0.0,0.0,1.0,0.0,0.0,0.0,0.0,1.0,0.0,0.0,0.0,0.0,0.0,0.0,1.0,0.0,0.0,3.0,14.0,2.0,3.0,3.0,1.0,1.0,22.0,1.0,4.0,149.0
1.0,2.0,0.0,0.0,0.0,1.0,0.0,0.0,0.0,1.0,1.0,0.0,0.0,0.0,0.0,0.0,0.0,0.0,17.0,1.0,16.0,2.0,3.0,1.0,7.0,1.0,12.0,0.0,2.0,124.0
1.0,2.0,0.0,0.0,0.0,1.0,0.0,0.0,0.0,1.0,1.0,0.0,0.0,0.0,0.0,0.0,0.0,0.0,0.0,3.0,16.0,2.0,3.0,5.0,2.0,1.0,11.0,1.0,2.0,124.0
1.0,1.0,0.0,0.0,0.0,0.0,1.0,1.0,0.0,0.0,0.0,0.0,0.0,0.0,0.0,1.0,0.0,1.0,10.0,3.0,15.0,2.0,3.0,5.0,2.0,0.0,19.0,1.0,0.0,118.0
0.0,1.0,1.0,0.0,0.0,0.0,0.0,0.0,1.0,0.0,0.0,0.0,0.0,1.0,0.0,0.0,0.0,0.0,9.0,3.0,9.0,3.0,4.0,1.0,1.0,0.0,19.0,3.0,4.0,176.0
0.0,1.0,0.0,0.0,1.0,0.0,0.0,1.0,0.0,0.0,0.0,0.0,0.0,0.0,1.0,0.0,0.0,0.0,9.0,1.0,10.0,3.0,3.0,4.0,8.0,0.0,13.0,1.0,2.0,151.0
1.0,1.0,0.0,0.0,1.0,0.0,0.0,1.0,0.0,0.0,0.0,0.0,0.0,0.0,1.0,0.0,0.0,0.0,29.0,1.0,6.0,2.0,3.0,3.0,2.0,0.0,21.0,0.0,9.0,163.0
1.0,1.0,0.0,0.0,0.0,0.0,1.0,0.0,0.0,1.0,0.0,0.0,0.0,1.0,0.0,0.0,0.0,1.0,0.0,1.0,6.0,2.0,3.0,1.0,10.0,1.0,14.0,2.0,2.0,148.0
0.0,1.0,0.0,0.0,1.0,0.0,0.0,0.0,1.0,0.0,0.0,0.0,0.0,0.0,0.0,1.0,0.0,0.0,7.0,3.0,34.0,3.0,4.0,3.0,2.0,0.0,21.0,1.0,7.0,167.0
1.0,1.0,0.0,0.0,1.0,0.0,0.0,0.0,1.0,0.0,0.0,0.0,0.0,0.0,1.0,0.0,0.0,0.0,14.0,3.0,9.0,2.0,4.0,4.0,3.0,0.0,11.0,0.0,4.0,189.0
1.0,2.0,0.0,0.0,0.0,1.0,0.0,0.0,0.0,1.0,0.0,1.0,0.0,0.0,0.0,0.0,0.0,0.0,5.0,1.0,16.0,3.0,3.0,5.0,2.0,0.0,14.0,1.0,2.0,124.0
0.0,2.0,1.0,0.0,0.0,0.0,0.0,0.0,1.0,0.0,0.0,0.0,0.0,0.0,1.0,0.0,0.0,0.0,8.0,2.0,32.0,2.0,3.0,1.0,2.0,1.0,16.0,1.0,7.0,188.0
0.0,1.0,0.0,0.0,1.0,0.0,0.0,0.0,1.0,0.0,0.0,0.0,0.0,0.0,1.0,0.0,0.0,0.0,11.0,3.0,16.0,3.0,3.0,1.0,2.0,0.0,11.0,0.0,9.0,153.0
1.0,1.0,0.0,0.0,1.0,0.0,0.0,1.0,0.0,0.0,0.0,0.0,0.0,0.0,1.0,0.0,0.0,1.0,13.0,3.0,6.0,3.0,3.0,3.0,8.0,0.0,12.0,1.0,1.0,167.0
0.0,1.0,0.0,0.0,1.0,0.0,0.0,0.0,1.0,0.0,0.0,0.0,0.0,0.0,0.0,1.0,0.0,0.0,9.0,3.0,17.0,3.0,4.0,1.0,5.0,0.0,13.0,1.0,0.0,167.0
0.0,2.0,0.0,0.0,1.0,0.0,0.0,0.0,0.0,1.0,0.0,0.0,0.0,0.0,1.0,0.0,0.0,0.0,18.0,3.0,26.0,2.0,3.0,3.0,9.0,0.0,15.0,1.0,1.0,149.0
1.0,2.0,0.0,0.0,0.0,1.0,0.0,0.0,0.0,1.0,0.0,0.0,0.0,0.0,1.0,0.0,0.0,0.0,13.0,1.0,8.0,3.0,4.0,3.0,3.0,0.0,14.0,0.0,2.0,128.0
1.0,1.0,0.0,0.0,1.0,0.0,0.0,1.0,0.0,0.0,0.0,0.0,0.0,0.0,1.0,0.0,0.0,0.0,8.0,1.0,24.0,3.0,3.0,3.0,2.0,1.0,14.0,1.0,2.0,157.0
0.0,1.0,0.0,0.0,0.0,1.0,0.0,0.0,1.0,0.0,1.0,0.0,0.0,0.0,0.0,0.0,0.0,0.0,10.0,1.0,8.0,3.0,3.0,3.0,3.0,0.0,14.0,1.0,2.0,120.0
0.0,1.0,0.0,0.0,0.0,1.0,0.0,0.0,0.0,1.0,0.0,0.0,0.0,0.0,1.0,0.0,0.0,0.0,8.0,1.0,6.0,3.0,5.0,1.0,2.0,0.0,12.0,0.0,1.0,130.0
1.0,1.0,0.0,0.0,1.0,0.0,0.0,0.0,0.0,1.0,0.0,0.0,0.0,0.0,0.0,0.0,1.0,0.0,2.0,1.0,19.0,2.0,4.0,4.0,5.0,1.0,13.0,1.0,3.0,140.0
0.0,2.0,0.0,0.0,0.0,0.0,1.0,0.0,0.0,1.0,0.0,0.0,0.0,1.0,0.0,0.0,0.0,0.0,2.0,1.0,34.0,3.0,4.0,5.0,2.0,0.0,14.0,0.0,4.0,138.0
1.0,1.0,1.0,0.0,0.0,0.0,0.0,0.0,1.0,0.0,0.0,0.0,0.0,0.0,0.0,1.0,0.0,1.0,13.0,3.0,34.0,2.0,4.0,5.0,5.0,1.0,13.0,0.0,0.0,209.0
0.0,1.0,0.0,1.0,0.0,0.0,0.0,0.0,1.0,0.0,0.0,0.0,0.0,0.0,0.0,1.0,0.0,0.0,12.0,3.0,30.0,2.0,4.0,1.0,1.0,0.0,11.0,1.0,5.0,220.0
1.0,2.0,0.0,0.0,1.0,0.0,0.0,1.0,0.0,0.0,0.0,0.0,0.0,1.0,0.0,0.0,0.0,0.0,4.0,1.0,11.0,3.0,3.0,5.0,1.0,0.0,19.0,0.0,7.0,199.0
0.0,2.0,0.0,0.0,0.0,1.0,0.0,0.0,0.0,1.0,0.0,0.0,0.0,0.0,0.0,0.0,1.0,0.0,0.0,3.0,11.0,3.0,4.0,3.0,1.0,0.0,18.0,0.0,0.0,130.0
1.0,1.0,1.0,0.0,0.0,0.0,0.0,0.0,1.0,0.0,0.0,0.0,0.0,1.0,0.0,0.0,0.0,0.0,12.0,1.0,12.0,2.0,4.0,5.0,5.0,0.0,15.0,1.0,7.0,200.0
1.0,1.0,0.0,0.0,1.0,0.0,0.0,1.0,0.0,0.0,0.0,0.0,0.0,1.0,0.0,0.0,0.0,0.0,22.0,3.0,8.0,3.0,4.0,4.0,3.0,0.0,14.0,1.0,8.0,154.0
0.0,2.0,0.0,0.0,1.0,0.0,0.0,0.0,1.0,0.0,0.0,0.0,0.0,0.0,1.0,0.0,0.0,1.0,4.0,3.0,6.0,3.0,3.0,1.0,9.0,1.0,11.0,0.0,5.0,160.0
1.0,1.0,0.0,0.0,1.0,0.0,0.0,1.0,0.0,0.0,0.0,0.0,0.0,0.0,1.0,0.0,0.0,0.0,22.0,1.0,14.0,3.0,4.0,4.0,2.0,0.0,23.0,0.0,7.0,151.0
1.0,2.0,0.0,0.0,0.0,1.0,0.0,0.0,0.0,1.0,0.0,0.0,0.0,0.0,0.0,0.0,1.0,1.0,10.0,1.0,8.0,3.0,4.0,3.0,7.0,1.0,15.0,0.0,0.0,121.0
0.0,1.0,0.0,0.0,0.0,1.0,0.0,1.0,0.0,0.0,0.0,0.0,0.0,0.0,1.0,0.0,0.0,0.0,6.0,1.0,9.0,3.0,3.0,3.0,2.0,1.0,11.0,2.0,0.0,129.0
1.0,1.0,0.0,0.0,0.0,1.0,0.0,0.0,0.0,1.0,1.0,0.0,0.0,0.0,0.0,0.0,0.0,0.0,0.0,1.0,8.0,2.0,3.0,4.0,10.0,0.0,12.0,1.0,2.0,135.0
1.0,2.0,0.0,0.0,0.0,1.0,0.0,1.0,0.0,0.0,0.0,0.0,0.0,0.0,1.0,0.0,0.0,0.0,5.0,1.0,8.0,3.0,3.0,1.0,1.0,0.0,13.0,1.0,6.0,131.0
1.0,1.0,0.0,0.0,0.0,1.0,0.0,0.0,0.0,1.0,0.0,0.0,0.0,0.0,1.0,0.0,0.0,0.0,3.0,1.0,30.0,3.0,3.0,3.0,2.0,0.0,22.0,1.0,0.0,127.0
1.0,2.0,1.0,0.0,0.0,0.0,0.0,1.0,0.0,0.0,0.0,0.0,0.0,0.0,1.0,0.0,0.0,0.0,11.0,1.0,29.0,2.0,4.0,3.0,1.0,0.0,21.0,1.0,8.0,195.0
1.0,1.0,0.0,0.0,1.0,0.0,0.0,0.0,1.0,0.0,0.0,0.0,0.0,1.0,0.0,0.0,0.0,0.0,9.0,1.0,33.0,3.0,3.0,3.0,7.0,0.0,13.0,0.0,7.0,152.0
0.0,2.0,0.0,0.0,1.0,0.0,0.0,0.0,0.0,1.0,0.0,0.0,0.0,0.0,1.0,0.0,0.0,0.0,2.0,1.0,21.0,2.0,4.0,3.0,1.0,1.0,12.0,1.0,8.0,142.0
1.0,1.0,0.0,0.0,0.0,1.0,0.0,0.0,0.0,1.0,0.0,0.0,0.0,0.0,1.0,0.0,0.0,0.0,4.0,1.0,32.0,3.0,3.0,3.0,2.0,0.0,17.0,3.0,3.0,129.0
1.0,1.0,0.0,0.0,0.0,1.0,0.0,0.0,0.0,1.0,1.0,0.0,0.0,0.0,0.0,0.0,0.0,0.0,7.0,1.0,25.0,3.0,3.0,1.0,1.0,0.0,11.0,0.0,2.0,127.0
1.0,2.0,0.0,0.0,0.0,1.0,0.0,0.0,0.0,1.0,0.0,0.0,0.0,0.0,1.0,0.0,0.0,1.0,10.0,1.0,30.0,2.0,4.0,3.0,6.0,1.0,14.0,0.0,3.0,120.0
1.0,2.0,0.0,0.0,0.0,0.0,1.0,0.0,0.0,1.0,0.0,0.0,0.0,0.0,1.0,0.0,0.0,0.0,11.0,1.0,8.0,2.0,3.0,1.0,6.0,1.0,11.0,0.0,2.0,139.0
1.0,2.0,0.0,0.0,0.0,1.0,0.0,0.0,0.0,1.0,0.0,0.0,0.0,0.0,1.0,0.0,0.0,1.0,0.0,3.0,15.0,2.0,4.0,5.0,8.0,0.0,23.0,0.0,3.0,134.0
0.0,2.0,1.0,0.0,0.0,0.0,0.0,0.0,1.0,0.0,0.0,0.0,0.0,0.0,1.0,0.0,0.0,0.0,7.0,1.0,13.0,2.0,3.0,4.0,1.0,0.0,11.0,0.0,5.0,220.0
1.0,2.0,0.0,0.0,0.0,0.0,1.0,0.0,1.0,0.0,0.0,0.0,0.0,0.0,1.0,0.0,0.0,0.0,10.0,1.0,21.0,3.0,3.0,1.0,2.0,0.0,14.0,1.0,0.0,112.0
1.0,2.0,0.0,0.0,0.0,1.0,0.0,0.0,0.0,1.0,1.0,0.0,0.0,0.0,0.0,0.0,0.0,1.0,0.0,1.0,12.0,3.0,3.0,5.0,3.0,0.0,11.0,0.0,3.0,130.0
0.0,2.0,0.0,0.0,0.0,0.0,1.0,1.0,0.0,0.0,0.0,0.0,0.0,0.0,1.0,0.0,0.0,1.0,0.0,1.0,22.0,3.0,5.0,5.0,2.0,1.0,22.0,0.0,7.0,139.0
1.0,1.0,0.0,0.0,1.0,0.0,0.0,0.0,1.0,0.0,0.0,0.0,0.0,0.0,0.0,1.0,0.0,0.0,15.0,3.0,14.0,2.0,3.0,4.0,1.0,0.0,11.0,2.0,2.0,168.0
1.0,2.0,0.0,0.0,0.0,1.0,0.0,0.0,0.0,1.0,1.0,0.0,0.0,0.0,0.0,0.0,0.0,0.0,6.0,1.0,16.0,3.0,3.0,1.0,5.0,0.0,11.0,0.0,0.0,125.0
1.0,1.0,0.0,0.0,1.0,0.0,0.0,0.0,1.0,0.0,0.0,0.0,0.0,0.0,0.0,0.0,1.0,0.0,17.0,1.0,16.0,2.0,3.0,1.0,3.0,1.0,13.0,0.0,3.0,165.0
1.0,2.0,0.0,0.0,0.0,1.0,0.0,0.0,0.0,1.0,1.0,0.0,0.0,0.0,0.0,0.0,0.0,0.0,10.0,1.0,15.0,2.0,4.0,3.0,2.0,0.0,13.0,0.0,8.0,122.0
1.0,1.0,0.0,0.0,1.0,0.0,0.0,0.0,0.0,1.0,0.0,0.0,1.0,0.0,0.0,0.0,0.0,1.0,10.0,3.0,11.0,2.0,3.0,1.0,4.0,0.0,14.0,0.0,0.0,121.0
1.0,1.0,0.0,0.0,0.0,1.0,0.0,0.0,0.0,1.0,1.0,0.0,0.0,0.0,0.0,0.0,0.0,1.0,10.0,1.0,6.0,3.0,3.0,1.0,3.0,1.0,16.0,0.0,0.0,123.0
1.0,1.0,0.0,0.0,0.0,1.0,0.0,0.0,0.0,1.0,0.0,0.0,0.0,0.0,0.0,1.0,0.0,1.0,13.0,3.0,9.0,3.0,4.0,3.0,2.0,1.0,14.0,1.0,2.0,127.0
0.0,1.0,0.0,0.0,0.0,1.0,0.0,0.0,1.0,0.0,0.0,0.0,0.0,0.0,0.0,1.0,0.0,0.0,10.0,3.0,8.0,3.0,3.0,1.0,2.0,0.0,13.0,2.0,2.0,120.0
0.0,1.0,0.0,0.0,0.0,1.0,0.0,0.0,0.0,1.0,0.0,0.0,0.0,0.0,1.0,0.0,0.0,0.0,9.0,1.0,11.0,2.0,4.0,5.0,10.0,1.0,14.0,1.0,0.0,134.0
1.0,1.0,0.0,0.0,0.0,1.0,0.0,0.0,1.0,0.0,0.0,0.0,0.0,0.0,0.0,0.0,1.0,0.0,10.0,1.0,10.0,3.0,3.0,1.0,2.0,0.0,12.0,1.0,0.0,120.0
0.0,1.0,0.0,0.0,0.0,1.0,0.0,0.0,0.0,1.0,0.0,0.0,0.0,0.0,1.0,0.0,0.0,0.0,0.0,1.0,16.0,2.0,3.0,5.0,2.0,0.0,13.0,1.0,0.0,123.0
1.0,2.0,0.0,0.0,0.0,1.0,0.0,0.0,0.0,1.0,0.0,0.0,0.0,0.0,1.0,0.0,0.0,1.0,10.0,1.0,31.0,2.0,5.0,3.0,2.0,0.0,12.0,0.0,1.0,123.0
1.0,2.0,1.0,0.0,0.0,0.0,0.0,1.0,0.0,0.0,0.0,0.0,0.0,0.0,1.0,0.0,0.0,0.0,0.0,3.0,14.0,2.0,3.0,3.0,2.0,0.0,15.0,1.0,7.0,187.0
0.0,2.0,0.0,0.0,1.0,0.0,0.0,1.0,0.0,0.0,0.0,0.0,0.0,1.0,0.0,0.0,0.0,0.0,3.0,1.0,6.0,2.0,3.0,1.0,2.0,0.0,23.0,1.0,7.0,140.0
1.0,2.0,0.0,0.0,1.0,0.0,0.0,1.0,0.0,0.0,0.0,0.0,0.0,0.0,0.0,1.0,0.0,0.0,7.0,3.0,29.0,3.0,3.0,3.0,1.0,0.0,20.0,0.0,7.0,146.0
1.0,1.0,0.0,0.0,0.0,1.0,0.0,0.0,0.0,1.0,0.0,0.0,0.0,0.0,1.0,0.0,0.0,0.0,10.0,1.0,25.0,3.0,3.0,4.0,5.0,0.0,21.0,0.0,0.0,130.0
1.0,2.0,0.0,0.0,1.0,0.0,0.0,1.0,0.0,0.0,0.0,0.0,0.0,0.0,0.0,1.0,0.0,0.0,19.0,3.0,11.0,3.0,3.0,1.0,5.0,1.0,21.0,1.0,8.0,158.0
1.0,2.0,1.0,0.0,0.0,0.0,0.0,0.0,1.0,0.0,0.0,0.0,0.0,0.0,1.0,0.0,0.0,1.0,11.0,1.0,6.0,3.0,4.0,3.0,10.0,1.0,13.0,0.0,0.0,154.0
1.0,2.0,0.0,0.0,0.0,1.0,0.0,0.0,0.0,1.0,0.0,1.0,0.0,0.0,0.0,0.0,0.0,1.0,0.0,1.0,11.0,2.0,3.0,3.0,2.0,1.0,13.0,0.0,2.0,134.0
0.0,1.0,0.0,0.0,1.0,0.0,0.0,0.0,1.0,0.0,0.0,0.0,0.0,0.0,0.0,1.0,0.0,0.0,17.0,3.0,6.0,3.0,3.0,5.0,6.0,1.0,21.0,1.0,3.0,155.0
1.0,1.0,1.0,0.0,0.0,0.0,0.0,1.0,0.0,0.0,0.0,0.0,0.0,1.0,0.0,0.0,0.0,0.0,8.0,1.0,17.0,3.0,4.0,5.0,3.0,1.0,13.0,1.0,3.0,199.0
0.0,1.0,0.0,0.0,1.0,0.0,0.0,0.0,0.0,1.0,0.0,0.0,0.0,0.0,0.0,1.0,0.0,0.0,0.0,3.0,29.0,2.0,4.0,1.0,8.0,1.0,19.0,0.0,0.0,142.0
1.0,1.0,1.0,0.0,0.0,0.0,0.0,1.0,0.0,0.0,0.0,0.0,0.0,0.0,1.0,0.0,0.0,0.0,8.0,3.0,5.0,3.0,3.0,5.0,2.0,0.0,22.0,0.0,8.0,191.0
0.0,1.0,0.0,0.0,0.0,0.0,1.0,0.0,0.0,1.0,0.0,0.0,0.0,1.0,0.0,0.0,0.0,0.0,8.0,1.0,29.0,1.0,3.0,5.0,4.0,1.0,15.0,0.0,2.0,140.0
1.0,1.0,0.0,0.0,1.0,0.0,0.0,0.0,1.0,0.0,0.0,0.0,0.0,0.0,1.0,0.0,0.0,0.0,4.0,1.0,13.0,2.0,3.0,1.0,4.0,0.0,22.0,0.0,7.0,159.0
1.0,1.0,0.0,0.0,1.0,0.0,0.0,0.0,1.0,0.0,0.0,0.0,0.0,0.0,1.0,0.0,0.0,0.0,10.0,1.0,6.0,2.0,4.0,3.0,2.0,0.0,18.0,0.0,7.0,160.0
1.0,2.0,0.0,0.0,1.0,0.0,0.0,1.0,0.0,0.0,0.0,0.0,0.0,0.0,1.0,0.0,0.0,0.0,9.0,1.0,17.0,3.0,4.0,4.0,2.0,0.0,13.0,1.0,3.0,165.0
1.0,1.0,1.0,0.0,0.0,0.0,0.0,0.0,1.0,0.0,0.0,0.0,0.0,0.0,1.0,0.0,0.0,0.0,18.0,1.0,13.0,2.0,3.0,5.0,3.0,0.0,17.0,0.0,0.0,197.0
1.0,1.0,0.0,0.0,0.0,1.0,0.0,1.0,0.0,0.0,1.0,0.0,0.0,0.0,0.0,0.0,0.0,0.0,10.0,1.0,6.0,3.0,3.0,5.0,5.0,0.0,13.0,0.0,2.0,122.0
1.0,1.0,0.0,0.0,0.0,1.0,0.0,0.0,0.0,1.0,1.0,0.0,0.0,0.0,0.0,0.0,0.0,1.0,0.0,1.0,15.0,3.0,4.0,3.0,1.0,1.0,17.0,1.0,0.0,134.0
0.0,2.0,0.0,0.0,1.0,0.0,0.0,1.0,0.0,0.0,0.0,0.0,0.0,0.0,1.0,0.0,0.0,0.0,30.0,3.0,6.0,2.0,4.0,3.0,8.0,0.0,11.0,1.0,3.0,155.0
1.0,1.0,0.0,0.0,0.0,1.0,0.0,0.0,0.0,1.0,0.0,0.0,0.0,0.0,1.0,0.0,0.0,0.0,2.0,1.0,8.0,3.0,3.0,4.0,1.0,0.0,23.0,1.0,4.0,127.0
1.0,2.0,0.0,0.0,0.0,1.0,0.0,0.0,0.0,1.0,1.0,0.0,0.0,0.0,0.0,0.0,0.0,0.0,4.0,1.0,16.0,2.0,3.0,4.0,2.0,0.0,17.0,1.0,0.0,125.0
1.0,1.0,0.0,0.0,1.0,0.0,0.0,0.0,1.0,0.0,0.0,0.0,0.0,0.0,1.0,0.0,0.0,0.0,5.0,1.0,6.0,3.0,3.0,4.0,2.0,0.0,17.0,1.0,9.0,162.0
0.0,2.0,0.0,0.0,1.0,0.0,0.0,0.0,0.0,1.0,0.0,0.0,0.0,0.0,1.0,0.0,0.0,0.0,4.0,1.0,14.0,3.0,3.0,1.0,2.0,0.0,23.0,1.0,8.0,144.0
1.0,2.0,0.0,0.0,1.0,0.0,0.0,0.0,0.0,1.0,0.0,0.0,0.0,0.0,0.0,1.0,0.0,0.0,8.0,3.0,6.0,2.0,4.0,5.0,1.0,0.0,14.0,1.0,8.0,143.0
1.0,1.0,0.0,0.0,1.0,0.0,0.0,0.0,1.0,0.0,0.0,0.0,0.0,1.0,0.0,0.0,0.0,0.0,19.0,2.0,11.0,3.0,3.0,4.0,2.0,1.0,22.0,1.0,2.0,150.0
1.0,1.0,0.0,0.0,1.0,0.0,0.0,0.0,1.0,0.0,0.0,0.0,0.0,0.0,1.0,0.0,0.0,0.0,3.0,1.0,6.0,2.0,4.0,1.0,2.0,1.0,12.0,1.0,0.0,151.0
1.0,2.0,0.0,0.0,0.0,1.0,0.0,0.0,0.0,1.0,1.0,0.0,0.0,0.0,0.0,0.0,0.0,0.0,8.0,1.0,6.0,3.0,4.0,3.0,2.0,0.0,18.0,1.0,4.0,129.0
1.0,1.0,1.0,0.0,0.0,0.0,0.0,0.0,1.0,0.0,0.0,0.0,0.0,0.0,1.0,0.0,0.0,0.0,28.0,3.0,6.0,3.0,3.0,1.0,4.0,0.0,14.0,0.0,0.0,202.0
0.0,1.0,0.0,0.0,1.0,0.0,0.0,1.0,0.0,0.0,0.0,0.0,0.0,1.0,0.0,0.0,0.0,0.0,11.0,1.0,12.0,3.0,5.0,1.0,8.0,1.0,12.0,0.0,9.0,153.0
1.0,1.0,0.0,0.0,1.0,0.0,0.0,0.0,0.0,1.0,0.0,0.0,0.0,1.0,0.0,0.0,0.0,0.0,7.0,1.0,6.0,3.0,3.0,4.0,2.0,0.0,15.0,1.0,3.0,143.0
1.0,2.0,1.0,0.0,0.0,0.0,0.0,0.0,1.0,0.0,0.0,0.0,0.0,0.0,1.0,0.0,0.0,0.0,29.0,1.0,13.0,2.0,5.0,1.0,5.0,0.0,11.0,0.0,2.0,173.0
1.0,1.0,0.0,0.0,0.0,1.0,0.0,0.0,0.0,1.0,0.0,1.0,0.0,0.0,0.0,0.0,0.0,0.0,0.0,3.0,16.0,3.0,3.0,5.0,4.0,0.0,13.0,1.0,0.0,123.0
1.0,1.0,0.0,0.0,0.0,1.0,0.0,0.0,0.0,1.0,0.0,0.0,0.0,0.0,1.0,0.0,0.0,0.0,10.0,1.0,15.0,3.0,3.0,1.0,4.0,0.0,23.0,1.0,3.0,121.0
1.0,1.0,0.0,0.0,1.0,0.0,0.0,0.0,0.0,1.0,0.0,0.0,0.0,0.0,1.0,0.0,0.0,0.0,3.0,1.0,8.0,4.0,4.0,1.0,2.0,0.0,19.0,3.0,8.0,142.0
1.0,2.0,1.0,0.0,0.0,0.0,0.0,0.0,1.0,0.0,0.0,0.0,0.0,1.0,0.0,0.0,0.0,1.0,9.0,3.0,15.0,3.0,4.0,1.0,2.0,0.0,16.0,3.0,7.0,196.0
1.0,2.0,0.0,0.0,1.0,0.0,0.0,0.0,1.0,0.0,0.0,0.0,0.0,0.0,0.0,1.0,0.0,0.0,24.0,3.0,27.0,3.0,3.0,1.0,1.0,1.0,22.0,0.0,0.0,154.0
0.0,1.0,0.0,0.0,1.0,0.0,0.0,0.0,1.0,0.0,0.0,0.0,0.0,1.0,0.0,0.0,0.0,0.0,3.0,3.0,10.0,3.0,4.0,4.0,2.0,1.0,12.0,2.0,7.0,152.0
0.0,1.0,0.0,0.0,1.0,0.0,0.0,0.0,1.0,0.0,0.0,0.0,0.0,0.0,0.0,0.0,1.0,0.0,0.0,3.0,9.0,2.0,3.0,3.0,1.0,0.0,21.0,0.0,2.0,150.0
1.0,1.0,0.0,0.0,1.0,0.0,0.0,1.0,0.0,0.0,0.0,0.0,0.0,1.0,0.0,0.0,0.0,0.0,1.0,3.0,10.0,2.0,3.0,3.0,2.0,0.0,15.0,0.0,4.0,142.0
1.0,1.0,0.0,0.0,1.0,0.0,0.0,1.0,0.0,0.0,1.0,0.0,0.0,0.0,0.0,0.0,0.0,0.0,10.0,1.0,29.0,3.0,3.0,4.0,5.0,0.0,12.0,0.0,2.0,120.0
1.0,1.0,0.0,0.0,0.0,1.0,0.0,0.0,0.0,1.0,0.0,0.0,0.0,0.0,0.0,0.0,1.0,1.0,10.0,2.0,12.0,3.0,3.0,5.0,5.0,1.0,22.0,0.0,2.0,121.0
1.0,2.0,0.0,0.0,0.0,1.0,0.0,0.0,0.0,1.0,0.0,0.0,0.0,0.0,1.0,0.0,0.0,0.0,5.0,1.0,6.0,3.0,3.0,5.0,2.0,0.0,13.0,0.0,0.0,130.0
0.0,2.0,0.0,0.0,0.0,1.0,0.0,1.0,0.0,0.0,0.0,0.0,0.0,0.0,1.0,0.0,0.0,1.0,0.0,1.0,12.0,3.0,4.0,1.0,2.0,1.0,18.0,0.0,0.0,129.0
0.0,2.0,0.0,0.0,1.0,0.0,0.0,0.0,0.0,1.0,0.0,0.0,0.0,0.0,0.0,0.0,1.0,0.0,7.0,1.0,12.0,2.0,3.0,3.0,2.0,0.0,14.0,0.0,10.0,148.0
1.0,1.0,0.0,0.0,1.0,0.0,0.0,1.0,0.0,0.0,0.0,0.0,0.0,0.0,1.0,0.0,0.0,0.0,10.0,1.0,8.0,3.0,4.0,1.0,6.0,0.0,14.0,1.0,0.0,152.0
1.0,2.0,0.0,0.0,1.0,0.0,0.0,0.0,1.0,0.0,0.0,0.0,0.0,0.0,0.0,1.0,0.0,1.0,0.0,3.0,11.0,2.0,4.0,3.0,2.0,1.0,11.0,0.0,3.0,157.0
1.0,1.0,0.0,0.0,0.0,1.0,0.0,0.0,0.0,1.0,1.0,0.0,0.0,0.0,0.0,0.0,0.0,0.0,0.0,1.0,13.0,3.0,4.0,1.0,2.0,0.0,11.0,0.0,1.0,129.0
0.0,2.0,0.0,0.0,0.0,1.0,0.0,0.0,0.0,1.0,1.0,0.0,0.0,0.0,0.0,0.0,0.0,0.0,0.0,1.0,21.0,3.0,3.0,1.0,2.0,0.0,15.0,1.0,0.0,129.0
1.0,2.0,0.0,0.0,1.0,0.0,0.0,1.0,0.0,0.0,0.0,0.0,0.0,0.0,1.0,0.0,0.0,1.0,0.0,1.0,13.0,3.0,5.0,3.0,2.0,1.0,24.0,1.0,6.0,161.0
1.0,1.0,0.0,0.0,0.0,1.0,0.0,0.0,0.0,1.0,0.0,0.0,0.0,0.0,1.0,0.0,0.0,0.0,0.0,1.0,24.0,3.0,3.0,3.0,1.0,0.0,12.0,0.0,2.0,128.0
0.0,1.0,0.0,0.0,1.0,0.0,0.0,0.0,0.0,1.0,0.0,0.0,0.0,0.0,1.0,0.0,0.0,0.0,7.0,1.0,12.0,2.0,4.0,4.0,7.0,0.0,15.0,1.0,0.0,145.0
1.0,2.0,1.0,0.0,0.0,0.0,0.0,0.0,1.0,0.0,0.0,0.0,0.0,0.0,1.0,0.0,0.0,0.0,10.0,3.0,9.0,2.0,3.0,1.0,3.0,0.0,12.0,0.0,3.0,174.0
0.0,2.0,1.0,0.0,0.0,0.0,0.0,0.0,1.0,0.0,0.0,0.0,0.0,1.0,0.0,0.0,0.0,0.0,7.0,1.0,11.0,2.0,4.0,5.0,3.0,0.0,12.0,2.0,5.0,216.0
0.0,1.0,1.0,0.0,0.0,0.0,0.0,1.0,0.0,0.0,0.0,0.0,1.0,0.0,0.0,0.0,0.0,0.0,9.0,3.0,17.0,3.0,3.0,1.0,1.0,0.0,14.0,0.0,8.0,197.0
0.0,1.0,0.0,0.0,0.0,1.0,0.0,0.0,0.0,1.0,0.0,0.0,0.0,0.0,1.0,0.0,0.0,0.0,9.0,1.0,9.0,3.0,3.0,1.0,6.0,0.0,22.0,0.0,0.0,128.0
1.0,1.0,0.0,0.0,0.0,1.0,0.0,1.0,0.0,0.0,0.0,0.0,0.0,0.0,1.0,0.0,0.0,0.0,3.0,1.0,16.0,3.0,5.0,3.0,2.0,0.0,25.0,0.0,9.0,126.0
1.0,1.0,0.0,0.0,1.0,0.0,0.0,1.0,0.0,0.0,0.0,0.0,0.0,0.0,0.0,1.0,0.0,0.0,6.0,3.0,28.0,3.0,3.0,4.0,1.0,0.0,13.0,0.0,7.0,161.0
0.0,1.0,0.0,0.0,0.0,0.0,1.0,0.0,1.0,0.0,0.0,0.0,0.0,0.0,1.0,0.0,0.0,1.0,19.0,1.0,20.0,3.0,3.0,4.0,10.0,1.0,18.0,3.0,3.0,150.0
1.0,1.0,0.0,0.0,1.0,0.0,0.0,0.0,1.0,0.0,0.0,0.0,0.0,0.0,1.0,0.0,0.0,1.0,0.0,3.0,12.0,3.0,5.0,3.0,5.0,1.0,18.0,0.0,7.0,162.0
0.0,1.0,0.0,0.0,0.0,1.0,0.0,0.0,0.0,1.0,0.0,0.0,0.0,0.0,0.0,0.0,1.0,0.0,0.0,1.0,16.0,2.0,4.0,4.0,2.0,0.0,19.0,2.0,3.0,124.0
1.0,2.0,0.0,0.0,0.0,0.0,1.0,0.0,1.0,0.0,0.0,0.0,0.0,0.0,0.0,1.0,0.0,1.0,10.0,3.0,28.0,2.0,3.0,3.0,2.0,1.0,19.0,1.0,0.0,117.0
1.0,1.0,0.0,0.0,0.0,1.0,0.0,0.0,0.0,1.0,0.0,1.0,0.0,0.0,0.0,0.0,0.0,0.0,0.0,1.0,16.0,3.0,3.0,1.0,1.0,0.0,14.0,2.0,1.0,125.0
0.0,2.0,1.0,0.0,0.0,0.0,0.0,1.0,0.0,0.0,0.0,0.0,0.0,0.0,0.0,1.0,0.0,0.0,23.0,3.0,18.0,3.0,3.0,1.0,5.0,0.0,11.0,1.0,1.0,192.0
0.0,1.0,0.0,0.0,1.0,0.0,0.0,0.0,0.0,1.0,0.0,0.0,0.0,0.0,1.0,0.0,0.0,1.0,0.0,3.0,26.0,3.0,5.0,3.0,4.0,1.0,11.0,0.0,2.0,146.0
1.0,1.0,1.0,0.0,0.0,0.0,0.0,0.0,1.0,0.0,0.0,0.0,0.0,0.0,1.0,0.0,0.0,0.0,14.0,3.0,15.0,3.0,3.0,3.0,4.0,1.0,13.0,0.0,7.0,182.0
0.0,1.0,0.0,0.0,0.0,1.0,0.0,0.0,0.0,1.0,0.0,0.0,0.0,0.0,1.0,0.0,0.0,0.0,0.0,2.0,31.0,3.0,3.0,3.0,2.0,0.0,23.0,2.0,7.0,129.0
1.0,1.0,0.0,0.0,1.0,0.0,0.0,0.0,0.0,1.0,0.0,0.0,0.0,1.0,0.0,0.0,0.0,0.0,9.0,1.0,12.0,2.0,3.0,4.0,7.0,0.0,20.0,0.0,1.0,149.0
1.0,2.0,1.0,0.0,0.0,0.0,0.0,1.0,0.0,0.0,0.0,0.0,0.0,0.0,1.0,0.0,0.0,1.0,14.0,1.0,14.0,2.0,5.0,1.0,3.0,0.0,15.0,1.0,3.0,207.0
1.0,1.0,0.0,0.0,1.0,0.0,0.0,0.0,1.0,0.0,0.0,0.0,0.0,0.0,1.0,0.0,0.0,0.0,0.0,3.0,34.0,2.0,4.0,3.0,3.0,0.0,18.0,1.0,2.0,186.0
0.0,2.0,0.0,0.0,0.0,0.0,1.0,0.0,0.0,1.0,0.0,0.0,0.0,1.0,0.0,0.0,0.0,1.0,0.0,1.0,15.0,2.0,3.0,5.0,8.0,0.0,22.0,1.0,4.0,142.0
1.0,2.0,0.0,0.0,0.0,1.0,0.0,0.0,0.0,1.0,1.0,0.0,0.0,0.0,0.0,0.0,0.0,0.0,18.0,1.0,35.0,2.0,3.0,1.0,6.0,0.0,13.0,1.0,3.0,135.0
0.0,2.0,0.0,0.0,1.0,0.0,0.0,0.0,0.0,1.0,0.0,1.0,0.0,0.0,0.0,0.0,0.0,0.0,11.0,1.0,9.0,2.0,3.0,3.0,4.0,1.0,20.0,2.0,2.0,143.0
0.0,2.0,0.0,0.0,0.0,1.0,0.0,0.0,0.0,1.0,0.0,0.0,0.0,0.0,1.0,0.0,0.0,0.0,3.0,1.0,16.0,3.0,3.0,3.0,2.0,0.0,14.0,1.0,4.0,126.0
1.0,1.0,0.0,0.0,1.0,0.0,0.0,1.0,0.0,0.0,0.0,0.0,0.0,1.0,0.0,0.0,0.0,0.0,5.0,3.0,15.0,2.0,5.0,1.0,1.0,0.0,17.0,0.0,7.0,147.0
1.0,2.0,0.0,0.0,0.0,1.0,0.0,0.0,0.0,1.0,1.0,0.0,0.0,0.0,0.0,0.0,0.0,0.0,3.0,1.0,8.0,3.0,4.0,1.0,1.0,0.0,13.0,0.0,2.0,127.0
1.0,1.0,0.0,0.0,0.0,1.0,0.0,0.0,0.0,1.0,0.0,0.0,0.0,0.0,1.0,0.0,0.0,0.0,10.0,1.0,15.0,3.0,3.0,5.0,3.0,0.0,21.0,0.0,4.0,122.0
0.0,2.0,0.0,0.0,0.0,0.0,1.0,0.0,1.0,0.0,0.0,0.0,0.0,1.0,0.0,0.0,0.0,0.0,10.0,1.0,9.0,3.0,3.0,4.0,2.0,0.0,14.0,1.0,0.0,115.0
0.0,1.0,0.0,0.0,1.0,0.0,0.0,1.0,0.0,0.0,0.0,0.0,0.0,1.0,0.0,0.0,0.0,0.0,13.0,1.0,32.0,2.0,3.0,4.0,2.0,0.0,11.0,0.0,13.0,156.0
1.0,1.0,1.0,0.0,0.0,0.0,0.0,0.0,1.0,0.0,0.0,0.0,0.0,0.0,0.0,1.0,0.0,0.0,8.0,3.0,6.0,3.0,3.0,4.0,2.0,0.0,13.0,0.0,6.0,173.0
1.0,1.0,0.0,0.0,1.0,0.0,0.0,0.0,0.0,1.0,0.0,0.0,0.0,0.0,0.0,1.0,0.0,0.0,10.0,3.0,12.0,2.0,3.0,3.0,3.0,1.0,20.0,0.0,5.0,123.0
0.0,2.0,1.0,0.0,0.0,0.0,0.0,1.0,0.0,0.0,0.0,0.0,0.0,0.0,0.0,1.0,0.0,0.0,5.0,3.0,14.0,2.0,3.0,1.0,2.0,0.0,14.0,2.0,7.0,190.0
1.0,1.0,0.0,0.0,1.0,0.0,0.0,1.0,0.0,0.0,0.0,1.0,0.0,0.0,0.0,0.0,0.0,0.0,2.0,1.0,6.0,2.0,3.0,3.0,2.0,0.0,13.0,0.0,9.0,143.0
1.0,1.0,0.0,0.0,1.0,0.0,0.0,0.0,1.0,0.0,0.0,0.0,0.0,1.0,0.0,0.0,0.0,0.0,24.0,1.0,13.0,2.0,4.0,3.0,3.0,0.0,17.0,1.0,0.0,161.0
0.0,1.0,0.0,0.0,0.0,1.0,0.0,0.0,0.0,1.0,1.0,0.0,0.0,0.0,0.0,0.0,0.0,0.0,30.0,1.0,15.0,3.0,4.0,4.0,5.0,1.0,20.0,1.0,0.0,133.0
1.0,1.0,1.0,0.0,0.0,0.0,0.0,0.0,1.0,0.0,0.0,0.0,0.0,0.0,0.0,1.0,0.0,0.0,13.0,3.0,10.0,3.0,4.0,1.0,8.0,0.0,11.0,1.0,11.0,209.0
0.0,1.0,0.0,0.0,0.0,1.0,0.0,1.0,0.0,0.0,0.0,0.0,0.0,0.0,0.0,1.0,0.0,0.0,10.0,3.0,8.0,3.0,3.0,3.0,7.0,0.0,18.0,0.0,2.0,122.0
1.0,1.0,0.0,0.0,0.0,1.0,0.0,0.0,0.0,1.0,1.0,0.0,0.0,0.0,0.0,0.0,0.0,0.0,0.0,1.0,16.0,3.0,3.0,1.0,2.0,0.0,24.0,2.0,2.0,123.0
1.0,1.0,0.0,0.0,0.0,1.0,0.0,1.0,0.0,0.0,1.0,0.0,0.0,0.0,0.0,0.0,0.0,0.0,10.0,1.0,15.0,2.0,3.0,4.0,7.0,0.0,18.0,2.0,2.0,120.0
1.0,1.0,0.0,0.0,0.0,1.0,0.0,0.0,0.0,1.0,1.0,0.0,0.0,0.0,0.0,0.0,0.0,0.0,1.0,1.0,27.0,3.0,3.0,1.0,2.0,0.0,11.0,0.0,2.0,127.0
1.0,1.0,0.0,0.0,0.0,1.0,0.0,1.0,0.0,0.0,1.0,0.0,0.0,0.0,0.0,0.0,0.0,0.0,0.0,1.0,16.0,3.0,4.0,3.0,2.0,1.0,15.0,0.0,1.0,126.0
1.0,1.0,0.0,0.0,0.0,1.0,0.0,0.0,0.0,1.0,0.0,0.0,0.0,0.0,1.0,0.0,0.0,0.0,14.0,1.0,16.0,2.0,3.0,3.0,5.0,0.0,12.0,1.0,8.0,125.0
0.0,1.0,1.0,0.0,0.0,0.0,0.0,0.0,1.0,0.0,0.0,0.0,0.0,0.0,1.0,0.0,0.0,0.0,3.0,3.0,11.0,2.0,3.0,1.0,3.0,0.0,12.0,1.0,4.0,194.0
0.0,2.0,0.0,0.0,1.0,0.0,0.0,0.0,1.0,0.0,0.0,0.0,0.0,0.0,1.0,0.0,0.0,0.0,11.0,3.0,6.0,2.0,4.0,1.0,5.0,0.0,22.0,0.0,7.0,187.0
1.0,2.0,0.0,0.0,0.0,1.0,0.0,0.0,0.0,1.0,0.0,0.0,0.0,0.0,1.0,0.0,0.0,0.0,5.0,1.0,12.0,3.0,3.0,3.0,4.0,0.0,20.0,0.0,4.0,130.0
1.0,1.0,0.0,0.0,0.0,1.0,0.0,0.0,0.0,1.0,0.0,1.0,0.0,0.0,0.0,0.0,0.0,0.0,0.0,1.0,23.0,3.0,3.0,4.0,1.0,1.0,16.0,0.0,1.0,131.0
0.0,2.0,0.0,0.0,0.0,1.0,0.0,1.0,0.0,0.0,0.0,1.0,0.0,0.0,0.0,0.0,0.0,1.0,0.0,3.0,16.0,3.0,5.0,5.0,1.0,0.0,21.0,1.0,0.0,123.0
1.0,2.0,0.0,0.0,0.0,1.0,0.0,1.0,0.0,0.0,1.0,0.0,0.0,0.0,0.0,0.0,0.0,0.0,10.0,1.0,9.0,1.0,3.0,4.0,5.0,0.0,12.0,2.0,2.0,121.0
0.0,1.0,0.0,0.0,1.0,0.0,0.0,0.0,1.0,0.0,0.0,0.0,0.0,0.0,1.0,0.0,0.0,0.0,18.0,3.0,10.0,1.0,3.0,5.0,5.0,1.0,11.0,0.0,3.0,150.0
0.0,1.0,0.0,0.0,0.0,0.0,1.0,0.0,0.0,1.0,0.0,0.0,0.0,0.0,1.0,0.0,0.0,0.0,29.0,1.0,14.0,3.0,3.0,5.0,5.0,1.0,18.0,2.0,2.0,143.0
1.0,2.0,0.0,0.0,0.0,1.0,0.0,0.0,0.0,1.0,0.0,0.0,0.0,0.0,1.0,0.0,0.0,0.0,6.0,1.0,16.0,2.0,3.0,1.0,1.0,0.0,14.0,1.0,2.0,125.0
1.0,2.0,0.0,0.0,0.0,0.0,1.0,0.0,1.0,0.0,0.0,0.0,0.0,0.0,1.0,0.0,0.0,1.0,0.0,1.0,8.0,2.0,4.0,1.0,2.0,0.0,22.0,1.0,0.0,111.0
0.0,2.0,0.0,0.0,0.0,1.0,0.0,0.0,0.0,1.0,0.0,0.0,0.0,0.0,1.0,0.0,0.0,0.0,10.0,1.0,15.0,3.0,3.0,1.0,2.0,0.0,12.0,1.0,1.0,123.0
0.0,1.0,0.0,0.0,0.0,0.0,1.0,0.0,0.0,1.0,0.0,0.0,0.0,1.0,0.0,0.0,0.0,0.0,4.0,1.0,18.0,3.0,3.0,1.0,9.0,1.0,23.0,1.0,2.0,139.0
0.0,2.0,0.0,0.0,0.0,1.0,0.0,0.0,0.0,1.0,1.0,0.0,0.0,0.0,0.0,0.0,0.0,0.0,10.0,1.0,33.0,3.0,3.0,4.0,3.0,0.0,15.0,0.0,2.0,123.0
0.0,2.0,0.0,0.0,0.0,1.0,0.0,0.0,0.0,1.0,0.0,0.0,0.0,0.0,0.0,1.0,0.0,1.0,4.0,3.0,26.0,3.0,3.0,4.0,2.0,1.0,22.0,0.0,2.0,131.0
1.0,1.0,0.0,0.0,0.0,0.0,1.0,0.0,0.0,1.0,0.0,0.0,0.0,1.0,0.0,0.0,0.0,0.0,23.0,1.0,6.0,2.0,4.0,3.0,3.0,0.0,15.0,1.0,2.0,137.0
0.0,1.0,0.0,0.0,0.0,1.0,0.0,0.0,0.0,1.0,1.0,0.0,0.0,0.0,0.0,0.0,0.0,0.0,6.0,1.0,20.0,3.0,3.0,4.0,2.0,0.0,13.0,1.0,6.0,128.0
1.0,1.0,0.0,0.0,1.0,0.0,0.0,1.0,0.0,0.0,0.0,0.0,0.0,0.0,1.0,0.0,0.0,0.0,7.0,1.0,8.0,2.0,4.0,3.0,2.0,0.0,17.0,0.0,9.0,195.0
0.0,2.0,0.0,0.0,0.0,1.0,0.0,0.0,0.0,1.0,1.0,0.0,0.0,0.0,0.0,0.0,0.0,0.0,10.0,1.0,15.0,4.0,3.0,4.0,2.0,0.0,16.0,0.0,3.0,123.0
1.0,1.0,0.0,0.0,1.0,0.0,0.0,0.0,1.0,0.0,0.0,0.0,0.0,0.0,1.0,0.0,0.0,1.0,0.0,1.0,29.0,2.0,4.0,3.0,4.0,1.0,13.0,1.0,1.0,159.0
0.0,2.0,0.0,0.0,1.0,0.0,0.0,1.0,0.0,0.0,0.0,0.0,0.0,1.0,0.0,0.0,0.0,0.0,8.0,1.0,8.0,2.0,3.0,4.0,6.0,0.0,11.0,0.0,2.0,144.0
0.0,1.0,0.0,0.0,1.0,0.0,0.0,1.0,0.0,0.0,0.0,0.0,0.0,1.0,0.0,0.0,0.0,0.0,15.0,1.0,27.0,2.0,3.0,3.0,3.0,0.0,16.0,0.0,2.0,153.0
1.0,1.0,0.0,0.0,1.0,0.0,0.0,0.0,1.0,0.0,0.0,0.0,0.0,0.0,1.0,0.0,0.0,0.0,11.0,1.0,8.0,2.0,3.0,3.0,10.0,0.0,14.0,1.0,0.0,166.0
1.0,1.0,0.0,0.0,1.0,0.0,0.0,0.0,1.0,0.0,0.0,1.0,0.0,0.0,0.0,0.0,0.0,0.0,11.0,1.0,35.0,2.0,3.0,1.0,4.0,0.0,18.0,0.0,7.0,163.0
1.0,1.0,0.0,0.0,1.0,0.0,0.0,1.0,0.0,0.0,0.0,1.0,0.0,0.0,0.0,0.0,0.0,0.0,0.0,1.0,6.0,2.0,4.0,5.0,6.0,0.0,19.0,2.0,0.0,143.0
1.0,1.0,0.0,0.0,1.0,0.0,0.0,1.0,0.0,0.0,0.0,0.0,0.0,0.0,1.0,0.0,0.0,0.0,22.0,1.0,24.0,3.0,3.0,1.0,2.0,1.0,15.0,0.0,7.0,168.0
1.0,1.0,0.0,0.0,0.0,0.0,1.0,1.0,0.0,0.0,0.0,0.0,0.0,1.0,0.0,0.0,0.0,0.0,7.0,1.0,16.0,2.0,3.0,3.0,2.0,1.0,17.0,2.0,0.0,138.0
1.0,1.0,0.0,0.0,1.0,0.0,0.0,0.0,0.0,1.0,1.0,0.0,0.0,0.0,0.0,0.0,0.0,0.0,13.0,1.0,25.0,3.0,3.0,1.0,9.0,1.0,15.0,3.0,7.0,127.0
1.0,1.0,0.0,0.0,1.0,0.0,0.0,0.0,1.0,0.0,0.0,0.0,0.0,1.0,0.0,0.0,0.0,1.0,1.0,1.0,35.0,3.0,3.0,5.0,8.0,1.0,19.0,1.0,0.0,167.0
0.0,1.0,1.0,0.0,0.0,0.0,0.0,0.0,1.0,0.0,0.0,0.0,0.0,0.0,0.0,1.0,0.0,1.0,0.0,3.0,33.0,2.0,3.0,1.0,2.0,0.0,22.0,0.0,9.0,176.0
0.0,2.0,0.0,0.0,0.0,1.0,0.0,1.0,0.0,0.0,1.0,0.0,0.0,0.0,0.0,0.0,0.0,0.0,10.0,1.0,24.0,3.0,3.0,1.0,2.0,0.0,13.0,0.0,7.0,122.0
1.0,1.0,0.0,0.0,1.0,0.0,0.0,1.0,0.0,0.0,0.0,0.0,0.0,0.0,1.0,0.0,0.0,0.0,13.0,1.0,15.0,3.0,4.0,1.0,10.0,0.0,14.0,0.0,2.0,149.0
1.0,1.0,1.0,0.0,0.0,0.0,0.0,0.0,1.0,0.0,0.0,0.0,0.0,1.0,0.0,0.0,0.0,0.0,19.0,1.0,6.0,3.0,3.0,5.0,8.0,0.0,16.0,0.0,3.0,194.0
0.0,2.0,0.0,0.0,1.0,0.0,0.0,1.0,0.0,0.0,0.0,0.0,0.0,0.0,1.0,0.0,0.0,0.0,0.0,3.0,26.0,2.0,3.0,3.0,2.0,0.0,14.0,1.0,7.0,200.0
1.0,1.0,1.0,0.0,0.0,0.0,0.0,0.0,1.0,0.0,0.0,0.0,0.0,0.0,1.0,0.0,0.0,0.0,24.0,1.0,14.0,2.0,4.0,4.0,6.0,0.0,16.0,2.0,5.0,225.0
0.0,2.0,0.0,0.0,0.0,1.0,0.0,0.0,0.0,1.0,0.0,1.0,0.0,0.0,0.0,0.0,0.0,1.0,0.0,1.0,16.0,2.0,3.0,5.0,6.0,1.0,11.0,0.0,4.0,127.0
0.0,2.0,0.0,0.0,1.0,0.0,0.0,1.0,0.0,0.0,0.0,0.0,0.0,0.0,0.0,1.0,0.0,1.0,0.0,3.0,32.0,2.0,4.0,5.0,6.0,0.0,15.0,1.0,1.0,167.0
1.0,2.0,0.0,0.0,0.0,1.0,0.0,0.0,0.0,1.0,0.0,0.0,1.0,0.0,0.0,0.0,0.0,1.0,10.0,1.0,6.0,2.0,3.0,3.0,1.0,0.0,14.0,0.0,5.0,121.0
0.0,1.0,0.0,0.0,1.0,0.0,0.0,0.0,1.0,0.0,0.0,0.0,0.0,0.0,0.0,1.0,0.0,0.0,27.0,3.0,9.0,2.0,3.0,5.0,3.0,0.0,14.0,1.0,5.0,159.0
1.0,2.0,0.0,0.0,1.0,0.0,0.0,0.0,1.0,0.0,0.0,0.0,0.0,0.0,1.0,0.0,0.0,0.0,9.0,1.0,11.0,3.0,3.0,4.0,9.0,0.0,16.0,2.0,7.0,159.0
0.0,1.0,0.0,0.0,0.0,1.0,0.0,0.0,0.0,1.0,1.0,0.0,0.0,0.0,0.0,0.0,0.0,0.0,6.0,1.0,16.0,2.0,4.0,4.0,7.0,0.0,21.0,0.0,1.0,126.0
1.0,1.0,1.0,0.0,0.0,0.0,0.0,1.0,0.0,0.0,0.0,0.0,0.0,0.0,0.0,0.0,1.0,0.0,10.0,1.0,17.0,2.0,3.0,1.0,2.0,1.0,14.0,1.0,5.0,222.0
1.0,1.0,1.0,0.0,0.0,0.0,0.0,0.0,1.0,0.0,0.0,0.0,0.0,0.0,1.0,0.0,0.0,0.0,11.0,3.0,9.0,3.0,3.0,3.0,1.0,0.0,12.0,1.0,13.0,206.0
1.0,1.0,0.0,0.0,1.0,0.0,0.0,1.0,0.0,0.0,0.0,0.0,0.0,1.0,0.0,0.0,0.0,0.0,4.0,1.0,6.0,2.0,5.0,3.0,1.0,0.0,12.0,0.0,4.0,143.0
1.0,1.0,0.0,0.0,0.0,1.0,0.0,0.0,0.0,1.0,0.0,0.0,0.0,0.0,1.0,0.0,0.0,0.0,10.0,1.0,9.0,3.0,4.0,1.0,4.0,0.0,17.0,0.0,0.0,122.0
1.0,1.0,0.0,0.0,0.0,1.0,0.0,1.0,0.0,0.0,0.0,0.0,0.0,0.0,0.0,1.0,0.0,0.0,10.0,3.0,10.0,3.0,3.0,1.0,5.0,0.0,17.0,3.0,8.0,128.0
0.0,2.0,1.0,0.0,0.0,0.0,0.0,1.0,0.0,0.0,0.0,0.0,0.0,0.0,0.0,1.0,0.0,0.0,8.0,3.0,6.0,3.0,3.0,3.0,2.0,0.0,14.0,1.0,8.0,188.0
1.0,2.0,0.0,0.0,0.0,1.0,0.0,0.0,0.0,1.0,1.0,0.0,0.0,0.0,0.0,0.0,0.0,1.0,0.0,1.0,16.0,2.0,4.0,1.0,2.0,1.0,13.0,0.0,1.0,124.0
0.0,2.0,0.0,0.0,0.0,1.0,0.0,0.0,0.0,1.0,0.0,0.0,0.0,0.0,1.0,0.0,0.0,0.0,25.0,1.0,8.0,2.0,4.0,1.0,8.0,0.0,15.0,2.0,2.0,132.0
1.0,1.0,0.0,0.0,0.0,1.0,0.0,0.0,0.0,1.0,1.0,0.0,0.0,0.0,0.0,0.0,0.0,0.0,10.0,2.0,12.0,2.0,3.0,3.0,9.0,0.0,17.0,0.0,2.0,123.0
1.0,1.0,0.0,0.0,0.0,1.0,0.0,0.0,0.0,1.0,1.0,0.0,0.0,0.0,0.0,0.0,0.0,1.0,0.0,1.0,16.0,2.0,3.0,1.0,6.0,1.0,13.0,1.0,4.0,124.0
0.0,1.0,0.0,0.0,0.0,1.0,0.0,0.0,0.0,1.0,0.0,0.0,0.0,0.0,1.0,0.0,0.0,1.0,0.0,1.0,8.0,3.0,3.0,5.0,8.0,0.0,20.0,1.0,7.0,127.0
0.0,1.0,0.0,0.0,0.0,0.0,1.0,0.0,0.0,1.0,0.0,0.0,0.0,0.0,1.0,0.0,0.0,0.0,5.0,3.0,10.0,2.0,3.0,4.0,3.0,0.0,11.0,1.0,2.0,139.0
1.0,2.0,0.0,0.0,0.0,0.0,1.0,0.0,0.0,1.0,0.0,0.0,0.0,0.0,1.0,0.0,0.0,1.0,0.0,1.0,6.0,3.0,4.0,3.0,1.0,1.0,14.0,0.0,2.0,137.0
0.0,1.0,0.0,0.0,0.0,1.0,0.0,0.0,0.0,1.0,1.0,0.0,0.0,0.0,0.0,0.0,0.0,0.0,10.0,1.0,6.0,3.0,3.0,3.0,8.0,0.0,14.0,1.0,2.0,122.0
1.0,1.0,0.0,0.0,1.0,0.0,0.0,1.0,0.0,0.0,0.0,0.0,0.0,0.0,0.0,1.0,0.0,0.0,5.0,3.0,32.0,3.0,3.0,1.0,1.0,0.0,18.0,2.0,2.0,145.0
1.0,1.0,0.0,0.0,1.0,0.0,0.0,0.0,0.0,1.0,0.0,0.0,0.0,0.0,1.0,0.0,0.0,0.0,14.0,1.0,25.0,3.0,3.0,5.0,3.0,0.0,16.0,0.0,0.0,131.0
1.0,1.0,0.0,0.0,1.0,0.0,0.0,0.0,0.0,1.0,0.0,1.0,0.0,0.0,0.0,0.0,0.0,0.0,13.0,1.0,30.0,3.0,3.0,1.0,2.0,0.0,17.0,2.0,7.0,133.0
0.0,1.0,0.0,0.0,0.0,1.0,0.0,0.0,0.0,1.0,0.0,0.0,0.0,0.0,1.0,0.0,0.0,0.0,6.0,1.0,11.0,3.0,4.0,1.0,2.0,0.0,13.0,0.0,2.0,129.0
1.0,1.0,0.0,0.0,1.0,0.0,0.0,0.0,1.0,0.0,0.0,0.0,0.0,0.0,1.0,0.0,0.0,0.0,7.0,1.0,8.0,2.0,4.0,5.0,7.0,0.0,13.0,0.0,9.0,160.0
0.0,1.0,0.0,0.0,0.0,0.0,1.0,0.0,0.0,1.0,0.0,0.0,0.0,1.0,0.0,0.0,0.0,0.0,10.0,1.0,6.0,2.0,4.0,5.0,3.0,0.0,14.0,0.0,2.0,139.0
1.0,1.0,1.0,0.0,0.0,0.0,0.0,1.0,0.0,0.0,0.0,0.0,0.0,1.0,0.0,0.0,0.0,1.0,0.0,1.0,16.0,3.0,3.0,3.0,7.0,0.0,11.0,0.0,0.0,200.0
1.0,2.0,0.0,0.0,0.0,1.0,0.0,0.0,0.0,1.0,0.0,0.0,0.0,0.0,1.0,0.0,0.0,0.0,2.0,1.0,16.0,2.0,3.0,1.0,2.0,0.0,19.0,1.0,5.0,123.0
1.0,1.0,0.0,0.0,1.0,0.0,0.0,0.0,1.0,0.0,0.0,0.0,0.0,0.0,0.0,1.0,0.0,0.0,2.0,3.0,26.0,2.0,3.0,1.0,3.0,0.0,14.0,1.0,2.0,169.0
0.0,1.0,0.0,0.0,1.0,0.0,0.0,0.0,0.0,1.0,0.0,0.0,0.0,0.0,1.0,0.0,0.0,0.0,0.0,1.0,6.0,3.0,3.0,3.0,1.0,0.0,12.0,1.0,2.0,149.0
1.0,1.0,0.0,0.0,0.0,1.0,0.0,0.0,0.0,1.0,0.0,0.0,0.0,0.0,1.0,0.0,0.0,0.0,24.0,1.0,6.0,3.0,3.0,1.0,2.0,0.0,11.0,1.0,0.0,127.0
1.0,2.0,0.0,0.0,0.0,1.0,0.0,1.0,0.0,0.0,0.0,0.0,0.0,1.0,0.0,0.0,0.0,1.0,0.0,1.0,35.0,3.0,4.0,4.0,1.0,0.0,11.0,0.0,4.0,135.0
1.0,1.0,0.0,0.0,1.0,0.0,0.0,1.0,0.0,0.0,0.0,0.0,0.0,0.0,1.0,0.0,0.0,0.0,11.0,3.0,8.0,2.0,4.0,1.0,4.0,0.0,18.0,1.0,5.0,152.0
1.0,2.0,0.0,0.0,1.0,0.0,0.0,0.0,0.0,1.0,0.0,0.0,1.0,0.0,0.0,0.0,0.0,0.0,10.0,1.0,8.0,2.0,4.0,5.0,5.0,0.0,13.0,0.0,4.0,122.0
1.0,2.0,0.0,0.0,0.0,1.0,0.0,0.0,0.0,1.0,0.0,0.0,0.0,0.0,1.0,0.0,0.0,1.0,0.0,1.0,8.0,3.0,3.0,3.0,3.0,0.0,11.0,0.0,0.0,135.0
1.0,1.0,0.0,0.0,1.0,0.0,0.0,0.0,1.0,0.0,0.0,0.0,0.0,1.0,0.0,0.0,0.0,0.0,2.0,3.0,8.0,3.0,4.0,4.0,3.0,0.0,19.0,1.0,0.0,166.0
1.0,1.0,0.0,0.0,1.0,0.0,0.0,0.0,1.0,0.0,0.0,0.0,0.0,1.0,0.0,0.0,0.0,0.0,4.0,1.0,29.0,3.0,4.0,1.0,1.0,0.0,21.0,0.0,8.0,156.0
1.0,1.0,0.0,0.0,0.0,1.0,0.0,0.0,0.0,1.0,0.0,0.0,0.0,0.0,1.0,0.0,0.0,0.0,9.0,1.0,12.0,2.0,3.0,1.0,1.0,0.0,11.0,1.0,11.0,132.0
1.0,1.0,0.0,0.0,0.0,1.0,0.0,0.0,0.0,1.0,1.0,0.0,0.0,0.0,0.0,0.0,0.0,0.0,10.0,1.0,15.0,3.0,3.0,1.0,2.0,0.0,23.0,1.0,4.0,121.0
1.0,1.0,0.0,0.0,1.0,0.0,0.0,0.0,1.0,0.0,0.0,0.0,0.0,1.0,0.0,0.0,0.0,0.0,10.0,3.0,12.0,3.0,3.0,1.0,5.0,0.0,14.0,1.0,1.0,165.0
1.0,2.0,0.0,0.0,0.0,1.0,0.0,0.0,0.0,1.0,1.0,0.0,0.0,0.0,0.0,0.0,0.0,0.0,0.0,1.0,9.0,3.0,4.0,3.0,2.0,0.0,17.0,1.0,0.0,132.0
0.0,1.0,0.0,0.0,1.0,0.0,0.0,1.0,0.0,0.0,0.0,0.0,0.0,0.0,1.0,0.0,0.0,0.0,0.0,1.0,6.0,2.0,3.0,4.0,2.0,0.0,20.0,1.0,4.0,164.0
1.0,2.0,0.0,0.0,1.0,0.0,0.0,1.0,0.0,0.0,0.0,0.0,0.0,0.0,1.0,0.0,0.0,0.0,2.0,3.0,8.0,2.0,3.0,1.0,2.0,0.0,18.0,0.0,9.0,146.0
1.0,1.0,0.0,0.0,1.0,0.0,0.0,0.0,1.0,0.0,0.0,1.0,0.0,0.0,0.0,0.0,0.0,0.0,28.0,1.0,26.0,2.0,3.0,1.0,4.0,1.0,19.0,0.0,8.0,154.0
1.0,1.0,0.0,0.0,1.0,0.0,0.0,1.0,0.0,0.0,0.0,0.0,0.0,1.0,0.0,0.0,0.0,0.0,0.0,1.0,17.0,2.0,3.0,5.0,2.0,1.0,13.0,1.0,3.0,147.0
0.0,2.0,0.0,0.0,0.0,1.0,0.0,0.0,0.0,1.0,0.0,0.0,0.0,0.0,1.0,0.0,0.0,0.0,10.0,1.0,6.0,2.0,3.0,1.0,2.0,0.0,12.0,1.0,7.0,121.0
1.0,1.0,0.0,0.0,0.0,1.0,0.0,1.0,0.0,0.0,0.0,0.0,0.0,0.0,1.0,0.0,0.0,1.0,7.0,1.0,30.0,3.0,3.0,3.0,4.0,1.0,22.0,0.0,0.0,132.0
1.0,1.0,0.0,0.0,1.0,0.0,0.0,0.0,1.0,0.0,0.0,0.0,0.0,0.0,1.0,0.0,0.0,0.0,11.0,1.0,29.0,2.0,3.0,1.0,10.0,0.0,14.0,0.0,2.0,157.0
1.0,1.0,0.0,0.0,0.0,1.0,0.0,0.0,0.0,1.0,1.0,0.0,0.0,0.0,0.0,0.0,0.0,1.0,0.0,1.0,16.0,2.0,3.0,4.0,3.0,1.0,13.0,1.0,2.0,124.0
0.0,2.0,0.0,0.0,0.0,1.0,0.0,0.0,0.0,1.0,0.0,0.0,0.0,0.0,1.0,0.0,0.0,0.0,1.0,1.0,14.0,3.0,3.0,1.0,2.0,0.0,21.0,1.0,2.0,133.0
1.0,2.0,0.0,0.0,1.0,0.0,0.0,0.0,0.0,1.0,0.0,1.0,0.0,0.0,0.0,0.0,0.0,0.0,9.0,1.0,9.0,1.0,3.0,4.0,5.0,0.0,12.0,2.0,7.0,145.0
0.0,1.0,0.0,0.0,0.0,1.0,0.0,1.0,0.0,0.0,0.0,0.0,0.0,0.0,0.0,1.0,0.0,0.0,4.0,3.0,11.0,3.0,3.0,4.0,2.0,0.0,11.0,0.0,2.0,128.0
1.0,1.0,0.0,0.0,0.0,1.0,0.0,1.0,0.0,0.0,1.0,0.0,0.0,0.0,0.0,0.0,0.0,0.0,10.0,1.0,16.0,2.0,3.0,1.0,2.0,1.0,12.0,0.0,2.0,123.0
1.0,2.0,0.0,0.0,0.0,0.0,1.0,0.0,1.0,0.0,0.0,0.0,0.0,0.0,1.0,0.0,0.0,1.0,10.0,1.0,9.0,2.0,3.0,3.0,2.0,0.0,13.0,1.0,0.0,114.0
1.0,1.0,1.0,0.0,0.0,0.0,0.0,0.0,1.0,0.0,0.0,0.0,0.0,0.0,0.0,1.0,0.0,0.0,8.0,3.0,22.0,3.0,3.0,4.0,1.0,0.0,15.0,3.0,9.0,180.0
1.0,1.0,0.0,0.0,1.0,0.0,0.0,0.0,1.0,0.0,0.0,0.0,0.0,1.0,0.0,0.0,0.0,0.0,24.0,1.0,8.0,2.0,5.0,4.0,6.0,0.0,18.0,0.0,2.0,155.0
0.0,2.0,0.0,0.0,0.0,0.0,1.0,0.0,1.0,0.0,0.0,0.0,0.0,1.0,0.0,0.0,0.0,0.0,10.0,3.0,16.0,3.0,4.0,3.0,2.0,0.0,12.0,0.0,0.0,112.0
0.0,1.0,0.0,0.0,1.0,0.0,0.0,1.0,0.0,0.0,0.0,0.0,0.0,0.0,1.0,0.0,0.0,0.0,9.0,1.0,30.0,2.0,3.0,4.0,8.0,0.0,15.0,1.0,8.0,157.0
1.0,1.0,0.0,0.0,1.0,0.0,0.0,0.0,1.0,0.0,0.0,0.0,0.0,0.0,1.0,0.0,0.0,0.0,5.0,3.0,13.0,3.0,4.0,3.0,2.0,0.0,14.0,3.0,8.0,155.0
0.0,1.0,1.0,0.0,0.0,0.0,0.0,0.0,1.0,0.0,0.0,0.0,0.0,0.0,1.0,0.0,0.0,0.0,11.0,1.0,31.0,2.0,4.0,4.0,4.0,0.0,17.0,0.0,5.0,221.0
1.0,1.0,0.0,0.0,1.0,0.0,0.0,1.0,0.0,0.0,0.0,0.0,0.0,0.0,1.0,0.0,0.0,0.0,30.0,1.0,6.0,2.0,5.0,3.0,3.0,1.0,13.0,1.0,2.0,157.0
1.0,1.0,0.0,0.0,0.0,0.0,1.0,0.0,0.0,1.0,0.0,1.0,0.0,0.0,0.0,0.0,0.0,0.0,4.0,1.0,11.0,2.0,3.0,1.0,1.0,1.0,12.0,1.0,3.0,148.0
1.0,1.0,0.0,0.0,1.0,0.0,0.0,0.0,1.0,0.0,0.0,0.0,0.0,0.0,0.0,0.0,1.0,0.0,4.0,2.0,8.0,3.0,4.0,5.0,4.0,0.0,12.0,0.0,0.0,164.0
1.0,1.0,1.0,0.0,0.0,0.0,0.0,1.0,0.0,0.0,0.0,0.0,0.0,0.0,1.0,0.0,0.0,0.0,18.0,1.0,13.0,3.0,3.0,5.0,2.0,0.0,18.0,2.0,11.0,152.0
1.0,1.0,0.0,0.0,0.0,1.0,0.0,0.0,0.0,1.0,0.0,0.0,0.0,0.0,1.0,0.0,0.0,0.0,4.0,1.0,8.0,3.0,3.0,1.0,1.0,1.0,18.0,2.0,2.0,127.0
0.0,2.0,0.0,0.0,0.0,1.0,0.0,1.0,0.0,0.0,0.0,0.0,0.0,0.0,1.0,0.0,0.0,0.0,16.0,1.0,16.0,2.0,3.0,1.0,1.0,0.0,19.0,0.0,7.0,125.0
0.0,2.0,0.0,0.0,0.0,1.0,0.0,0.0,0.0,1.0,0.0,0.0,0.0,0.0,1.0,0.0,0.0,0.0,0.0,1.0,16.0,2.0,3.0,4.0,2.0,1.0,12.0,0.0,2.0,125.0
1.0,2.0,0.0,0.0,1.0,0.0,0.0,0.0,0.0,1.0,0.0,0.0,0.0,0.0,1.0,0.0,0.0,0.0,0.0,3.0,8.0,3.0,3.0,3.0,2.0,1.0,11.0,0.0,4.0,145.0
1.0,1.0,0.0,0.0,1.0,0.0,0.0,0.0,1.0,0.0,0.0,0.0,0.0,0.0,0.0,1.0,0.0,0.0,4.0,3.0,13.0,3.0,3.0,1.0,5.0,0.0,12.0,0.0,7.0,175.0
1.0,1.0,0.0,0.0,0.0,1.0,0.0,0.0,0.0,1.0,1.0,0.0,0.0,0.0,0.0,0.0,0.0,1.0,0.0,1.0,8.0,2.0,5.0,1.0,6.0,1.0,13.0,1.0,2.0,135.0
0.0,1.0,0.0,0.0,1.0,0.0,0.0,0.0,1.0,0.0,0.0,0.0,0.0,1.0,0.0,0.0,0.0,0.0,3.0,1.0,34.0,3.0,3.0,1.0,2.0,0.0,13.0,1.0,9.0,158.0
0.0,1.0,0.0,0.0,1.0,0.0,0.0,0.0,1.0,0.0,0.0,0.0,0.0,1.0,0.0,0.0,0.0,1.0,2.0,3.0,9.0,2.0,3.0,3.0,5.0,1.0,18.0,1.0,0.0,152.0
1.0,2.0,0.0,0.0,1.0,0.0,0.0,1.0,0.0,0.0,0.0,0.0,0.0,0.0,0.0,1.0,0.0,0.0,6.0,3.0,16.0,2.0,4.0,1.0,4.0,0.0,14.0,1.0,1.0,147.0
0.0,1.0,0.0,0.0,1.0,0.0,0.0,1.0,0.0,0.0,0.0,0.0,0.0,0.0,1.0,0.0,0.0,0.0,16.0,1.0,16.0,2.0,4.0,3.0,2.0,0.0,11.0,1.0,0.0,153.0
1.0,1.0,0.0,0.0,1.0,0.0,0.0,1.0,0.0,0.0,0.0,0.0,0.0,0.0,0.0,1.0,0.0,0.0,0.0,3.0,6.0,3.0,3.0,4.0,1.0,1.0,13.0,0.0,4.0,163.0
0.0,2.0,0.0,0.0,1.0,0.0,0.0,1.0,0.0,0.0,0.0,0.0,0.0,0.0,1.0,0.0,0.0,0.0,27.0,1.0,26.0,2.0,3.0,3.0,4.0,0.0,12.0,0.0,3.0,149.0
0.0,1.0,1.0,0.0,0.0,0.0,0.0,0.0,1.0,0.0,0.0,0.0,0.0,0.0,1.0,0.0,0.0,0.0,16.0,1.0,13.0,2.0,3.0,5.0,9.0,0.0,16.0,1.0,0.0,200.0
1.0,1.0,0.0,0.0,1.0,0.0,0.0,0.0,1.0,0.0,0.0,0.0,0.0,1.0,0.0,0.0,0.0,0.0,13.0,3.0,6.0,2.0,5.0,1.0,3.0,1.0,22.0,1.0,2.0,175.0
1.0,1.0,0.0,0.0,0.0,1.0,0.0,0.0,0.0,1.0,0.0,0.0,0.0,0.0,0.0,0.0,1.0,1.0,10.0,1.0,14.0,3.0,5.0,5.0,2.0,1.0,11.0,0.0,7.0,121.0
1.0,2.0,0.0,0.0,0.0,0.0,1.0,0.0,0.0,1.0,0.0,0.0,0.0,0.0,0.0,0.0,1.0,0.0,2.0,1.0,15.0,1.0,4.0,1.0,1.0,0.0,17.0,1.0,2.0,140.0
0.0,1.0,0.0,0.0,1.0,0.0,0.0,0.0,1.0,0.0,0.0,0.0,0.0,0.0,0.0,1.0,0.0,0.0,3.0,3.0,11.0,1.0,4.0,3.0,2.0,0.0,13.0,1.0,2.0,161.0
0.0,1.0,0.0,0.0,1.0,0.0,0.0,0.0,1.0,0.0,0.0,0.0,0.0,0.0,0.0,1.0,0.0,0.0,0.0,3.0,14.0,2.0,3.0,4.0,2.0,0.0,18.0,0.0,7.0,162.0
1.0,1.0,0.0,0.0,1.0,0.0,0.0,0.0,1.0,0.0,0.0,0.0,0.0,1.0,0.0,0.0,0.0,0.0,10.0,1.0,11.0,3.0,3.0,1.0,8.0,0.0,16.0,1.0,4.0,163.0
1.0,1.0,1.0,0.0,0.0,0.0,0.0,0.0,1.0,0.0,0.0,0.0,0.0,0.0,1.0,0.0,0.0,0.0,11.0,1.0,21.0,3.0,4.0,1.0,1.0,1.0,14.0,2.0,5.0,215.0
0.0,1.0,0.0,0.0,1.0,0.0,0.0,0.0,1.0,0.0,0.0,0.0,0.0,0.0,0.0,1.0,0.0,0.0,2.0,3.0,16.0,2.0,4.0,4.0,2.0,1.0,14.0,1.0,7.0,183.0
1.0,2.0,1.0,0.0,0.0,0.0,0.0,0.0,1.0,0.0,0.0,1.0,0.0,0.0,0.0,0.0,0.0,0.0,8.0,1.0,11.0,3.0,3.0,4.0,1.0,0.0,13.0,1.0,13.0,181.0
1.0,1.0,0.0,0.0,0.0,1.0,0.0,0.0,0.0,1.0,0.0,0.0,0.0,0.0,1.0,0.0,0.0,0.0,0.0,1.0,32.0,3.0,3.0,1.0,2.0,0.0,12.0,0.0,2.0,129.0
1.0,2.0,0.0,0.0,1.0,0.0,0.0,0.0,1.0,0.0,0.0,0.0,0.0,1.0,0.0,0.0,0.0,0.0,14.0,1.0,12.0,3.0,4.0,4.0,7.0,1.0,15.0,1.0,2.0,160.0
1.0,2.0,0.0,0.0,1.0,0.0,0.0,1.0,0.0,0.0,1.0,0.0,0.0,0.0,0.0,0.0,0.0,0.0,20.0,3.0,10.0,3.0,3.0,3.0,4.0,0.0,19.0,0.0,0.0,130.0
1.0,1.0,0.0,0.0,1.0,0.0,0.0,1.0,0.0,0.0,0.0,0.0,0.0,0.0,1.0,0.0,0.0,0.0,2.0,3.0,8.0,3.0,3.0,3.0,2.0,0.0,14.0,1.0,2.0,146.0
1.0,1.0,0.0,0.0,0.0,1.0,0.0,0.0,0.0,1.0,0.0,1.0,0.0,0.0,0.0,0.0,0.0,0.0,15.0,2.0,8.0,3.0,3.0,3.0,1.0,1.0,11.0,1.0,0.0,127.0
0.0,1.0,0.0,0.0,0.0,1.0,0.0,0.0,0.0,1.0,1.0,0.0,0.0,0.0,0.0,0.0,0.0,0.0,5.0,1.0,16.0,3.0,3.0,4.0,2.0,0.0,13.0,0.0,7.0,124.0
0.0,1.0,1.0,0.0,0.0,0.0,0.0,0.0,1.0,0.0,0.0,0.0,0.0,1.0,0.0,0.0,0.0,0.0,21.0,3.0,35.0,3.0,3.0,3.0,4.0,0.0,21.0,0.0,5.0,225.0
0.0,1.0,0.0,0.0,1.0,0.0,0.0,1.0,0.0,0.0,0.0,1.0,0.0,0.0,0.0,0.0,0.0,0.0,3.0,3.0,31.0,2.0,3.0,3.0,8.0,1.0,12.0,2.0,2.0,147.0
1.0,1.0,0.0,0.0,1.0,0.0,0.0,0.0,1.0,0.0,0.0,0.0,0.0,0.0,1.0,0.0,0.0,0.0,0.0,3.0,6.0,2.0,3.0,3.0,2.0,0.0,17.0,0.0,7.0,153.0
1.0,2.0,0.0,0.0,1.0,0.0,0.0,0.0,1.0,0.0,0.0,0.0,0.0,0.0,0.0,0.0,1.0,0.0,15.0,1.0,8.0,3.0,4.0,1.0,4.0,0.0,23.0,1.0,0.0,168.0
0.0,2.0,0.0,0.0,0.0,1.0,0.0,1.0,0.0,0.0,0.0,0.0,1.0,0.0,0.0,0.0,0.0,1.0,10.0,3.0,6.0,3.0,4.0,4.0,2.0,1.0,11.0,1.0,2.0,122.0
0.0,2.0,0.0,0.0,1.0,0.0,0.0,1.0,0.0,0.0,0.0,0.0,0.0,1.0,0.0,0.0,0.0,0.0,9.0,3.0,6.0,2.0,3.0,1.0,5.0,0.0,15.0,1.0,0.0,167.0
1.0,1.0,1.0,0.0,0.0,0.0,0.0,1.0,0.0,0.0,0.0,0.0,0.0,1.0,0.0,0.0,0.0,0.0,9.0,3.0,9.0,2.0,4.0,1.0,5.0,0.0,11.0,0.0,12.0,197.0
1.0,1.0,0.0,0.0,1.0,0.0,0.0,0.0,1.0,0.0,0.0,0.0,0.0,1.0,0.0,0.0,0.0,0.0,30.0,1.0,6.0,2.0,3.0,3.0,3.0,0.0,11.0,0.0,2.0,168.0
1.0,2.0,0.0,0.0,0.0,1.0,0.0,1.0,0.0,0.0,1.0,0.0,0.0,0.0,0.0,0.0,0.0,0.0,0.0,3.0,16.0,2.0,3.0,1.0,2.0,0.0,24.0,2.0,2.0,126.0
0.0,2.0,0.0,0.0,0.0,1.0,0.0,0.0,0.0,1.0,0.0,0.0,0.0,0.0,0.0,1.0,0.0,1.0,0.0,3.0,11.0,3.0,3.0,3.0,2.0,1.0,13.0,0.0,0.0,129.0
0.0,1.0,0.0,0.0,0.0,1.0,0.0,0.0,0.0,1.0,1.0,0.0,0.0,0.0,0.0,0.0,0.0,0.0,10.0,1.0,16.0,3.0,3.0,5.0,7.0,0.0,20.0,1.0,3.0,135.0
0.0,1.0,0.0,0.0,1.0,0.0,0.0,1.0,0.0,0.0,0.0,0.0,0.0,1.0,0.0,0.0,0.0,0.0,19.0,1.0,13.0,1.0,3.0,3.0,3.0,0.0,14.0,1.0,0.0,153.0
1.0,2.0,1.0,0.0,0.0,0.0,0.0,0.0,1.0,0.0,0.0,0.0,1.0,0.0,0.0,0.0,0.0,0.0,23.0,1.0,16.0,3.0,4.0,1.0,7.0,0.0,15.0,1.0,3.0,205.0
1.0,1.0,0.0,0.0,1.0,0.0,0.0,0.0,1.0,0.0,0.0,0.0,0.0,0.0,0.0,1.0,0.0,1.0,3.0,3.0,28.0,3.0,4.0,3.0,3.0,1.0,12.0,1.0,0.0,164.0
1.0,2.0,0.0,0.0,0.0,1.0,0.0,0.0,0.0,1.0,0.0,0.0,0.0,0.0,1.0,0.0,0.0,0.0,4.0,1.0,16.0,2.0,4.0,4.0,1.0,1.0,16.0,2.0,2.0,127.0
1.0,2.0,0.0,0.0,0.0,1.0,0.0,0.0,0.0,1.0,0.0,0.0,0.0,0.0,1.0,0.0,0.0,0.0,10.0,1.0,29.0,2.0,3.0,1.0,10.0,0.0,16.0,0.0,2.0,122.0
1.0,2.0,0.0,0.0,1.0,0.0,0.0,0.0,1.0,0.0,0.0,0.0,0.0,0.0,1.0,0.0,0.0,0.0,8.0,1.0,15.0,3.0,4.0,4.0,10.0,0.0,19.0,0.0,0.0,165.0
1.0,1.0,0.0,0.0,0.0,0.0,1.0,0.0,0.0,1.0,0.0,0.0,0.0,1.0,0.0,0.0,0.0,0.0,0.0,1.0,6.0,2.0,3.0,4.0,2.0,0.0,11.0,0.0,4.0,138.0
1.0,2.0,0.0,0.0,1.0,0.0,0.0,0.0,1.0,0.0,0.0,0.0,0.0,0.0,1.0,0.0,0.0,0.0,1.0,3.0,15.0,3.0,3.0,1.0,2.0,0.0,16.0,1.0,7.0,153.0
1.0,2.0,1.0,0.0,0.0,0.0,0.0,0.0,1.0,0.0,0.0,0.0,0.0,0.0,0.0,0.0,1.0,0.0,22.0,1.0,13.0,2.0,4.0,3.0,9.0,0.0,24.0,1.0,5.0,210.0
0.0,1.0,0.0,0.0,1.0,0.0,0.0,0.0,0.0,1.0,0.0,0.0,0.0,0.0,1.0,0.0,0.0,0.0,24.0,3.0,20.0,2.0,3.0,1.0,5.0,0.0,11.0,1.0,7.0,149.0
0.0,1.0,0.0,0.0,0.0,1.0,0.0,0.0,0.0,1.0,0.0,0.0,0.0,0.0,1.0,0.0,0.0,0.0,9.0,1.0,16.0,3.0,3.0,3.0,5.0,0.0,13.0,2.0,2.0,125.0
0.0,1.0,0.0,0.0,1.0,0.0,0.0,0.0,0.0,1.0,0.0,0.0,0.0,0.0,0.0,1.0,0.0,0.0,0.0,3.0,16.0,3.0,3.0,3.0,2.0,1.0,12.0,0.0,3.0,143.0
1.0,1.0,0.0,0.0,0.0,1.0,0.0,0.0,0.0,1.0,0.0,1.0,0.0,0.0,0.0,0.0,0.0,0.0,3.0,3.0,16.0,3.0,3.0,4.0,2.0,0.0,18.0,1.0,0.0,125.0
1.0,2.0,0.0,0.0,0.0,1.0,0.0,1.0,0.0,0.0,0.0,1.0,0.0,0.0,0.0,0.0,0.0,1.0,0.0,1.0,9.0,3.0,3.0,5.0,1.0,0.0,22.0,0.0,4.0,131.0
0.0,1.0,0.0,0.0,0.0,1.0,0.0,0.0,0.0,1.0,1.0,0.0,0.0,0.0,0.0,0.0,0.0,0.0,10.0,1.0,17.0,2.0,3.0,4.0,2.0,0.0,13.0,1.0,2.0,122.0
1.0,2.0,0.0,0.0,0.0,1.0,0.0,1.0,0.0,0.0,0.0,1.0,0.0,0.0,0.0,0.0,0.0,1.0,10.0,1.0,10.0,2.0,3.0,1.0,10.0,1.0,23.0,1.0,0.0,123.0
0.0,1.0,0.0,0.0,1.0,0.0,0.0,0.0,1.0,0.0,0.0,0.0,0.0,0.0,0.0,1.0,0.0,0.0,13.0,3.0,8.0,2.0,3.0,4.0,8.0,0.0,12.0,0.0,3.0,157.0
0.0,1.0,0.0,0.0,0.0,1.0,0.0,0.0,0.0,1.0,0.0,0.0,0.0,0.0,1.0,0.0,0.0,0.0,15.0,1.0,16.0,3.0,3.0,5.0,4.0,0.0,16.0,0.0,2.0,126.0
1.0,2.0,0.0,0.0,1.0,0.0,0.0,0.0,0.0,1.0,0.0,0.0,0.0,0.0,1.0,0.0,0.0,0.0,10.0,1.0,16.0,2.0,3.0,4.0,3.0,1.0,12.0,0.0,1.0,142.0
0.0,1.0,0.0,0.0,1.0,0.0,0.0,0.0,0.0,1.0,1.0,0.0,0.0,0.0,0.0,0.0,0.0,0.0,13.0,1.0,8.0,3.0,4.0,3.0,7.0,0.0,22.0,1.0,0.0,134.0
0.0,1.0,0.0,0.0,1.0,0.0,0.0,1.0,0.0,0.0,0.0,0.0,0.0,0.0,0.0,1.0,0.0,0.0,7.0,3.0,10.0,3.0,3.0,3.0,10.0,0.0,15.0,0.0,2.0,165.0
0.0,1.0,0.0,0.0,1.0,0.0,0.0,0.0,0.0,1.0,0.0,0.0,0.0,1.0,0.0,0.0,0.0,0.0,4.0,1.0,13.0,2.0,3.0,5.0,2.0,0.0,12.0,3.0,12.0,143.0
1.0,1.0,0.0,0.0,0.0,1.0,0.0,1.0,0.0,0.0,1.0,0.0,0.0,0.0,0.0,0.0,0.0,0.0,10.0,1.0,27.0,3.0,3.0,1.0,8.0,0.0,20.0,1.0,2.0,123.0
0.0,1.0,0.0,0.0,1.0,0.0,0.0,0.0,0.0,1.0,0.0,0.0,0.0,0.0,0.0,0.0,1.0,0.0,16.0,1.0,14.0,3.0,3.0,3.0,5.0,1.0,14.0,1.0,2.0,145.0
0.0,2.0,0.0,0.0,1.0,0.0,0.0,0.0,0.0,1.0,0.0,0.0,0.0,0.0,1.0,0.0,0.0,0.0,0.0,3.0,10.0,3.0,4.0,1.0,2.0,1.0,11.0,0.0,3.0,145.0
1.0,1.0,0.0,0.0,0.0,1.0,0.0,0.0,0.0,1.0,0.0,0.0,0.0,0.0,1.0,0.0,0.0,0.0,10.0,1.0,6.0,3.0,4.0,5.0,2.0,0.0,12.0,3.0,2.0,122.0
0.0,2.0,0.0,0.0,1.0,0.0,0.0,0.0,1.0,0.0,0.0,1.0,0.0,0.0,0.0,0.0,0.0,0.0,3.0,3.0,18.0,2.0,3.0,3.0,1.0,0.0,11.0,3.0,4.0,166.0
1.0,1.0,0.0,0.0,1.0,0.0,0.0,0.0,0.0,1.0,0.0,0.0,0.0,1.0,0.0,0.0,0.0,0.0,1.0,1.0,23.0,3.0,3.0,5.0,2.0,0.0,12.0,0.0,8.0,146.0
1.0,1.0,0.0,0.0,0.0,0.0,1.0,0.0,0.0,1.0,0.0,0.0,0.0,1.0,0.0,0.0,0.0,1.0,0.0,1.0,9.0,3.0,3.0,5.0,6.0,0.0,13.0,1.0,2.0,140.0
1.0,1.0,1.0,0.0,0.0,0.0,0.0,0.0,1.0,0.0,0.0,0.0,0.0,1.0,0.0,0.0,0.0,0.0,25.0,1.0,9.0,2.0,4.0,3.0,3.0,1.0,14.0,1.0,4.0,180.0
1.0,1.0,0.0,0.0,0.0,1.0,0.0,0.0,0.0,1.0,0.0,0.0,0.0,0.0,1.0,0.0,0.0,0.0,18.0,1.0,16.0,3.0,3.0,1.0,4.0,0.0,21.0,0.0,2.0,127.0
0.0,1.0,0.0,0.0,1.0,0.0,0.0,1.0,0.0,0.0,0.0,0.0,0.0,0.0,1.0,0.0,0.0,0.0,15.0,1.0,35.0,3.0,3.0,3.0,3.0,0.0,11.0,1.0,2.0,146.0
0.0,2.0,0.0,0.0,1.0,0.0,0.0,0.0,1.0,0.0,0.0,0.0,0.0,0.0,1.0,0.0,0.0,0.0,3.0,1.0,8.0,2.0,5.0,1.0,3.0,0.0,20.0,1.0,2.0,161.0
0.0,1.0,0.0,0.0,1.0,0.0,0.0,0.0,0.0,1.0,0.0,0.0,0.0,1.0,0.0,0.0,0.0,0.0,19.0,1.0,24.0,2.0,3.0,3.0,3.0,0.0,14.0,1.0,8.0,148.0
0.0,1.0,0.0,0.0,1.0,0.0,0.0,1.0,0.0,0.0,0.0,1.0,0.0,0.0,0.0,0.0,0.0,0.0,15.0,1.0,34.0,2.0,4.0,1.0,1.0,0.0,11.0,0.0,4.0,145.0
0.0,2.0,0.0,0.0,0.0,1.0,0.0,0.0,0.0,1.0,0.0,1.0,0.0,0.0,0.0,0.0,0.0,1.0,0.0,3.0,6.0,3.0,3.0,4.0,2.0,1.0,16.0,0.0,4.0,132.0
0.0,1.0,0.0,0.0,0.0,1.0,0.0,1.0,0.0,0.0,0.0,0.0,0.0,0.0,0.0,1.0,0.0,1.0,0.0,3.0,16.0,2.0,5.0,3.0,1.0,0.0,16.0,0.0,0.0,124.0
1.0,1.0,0.0,0.0,0.0,0.0,1.0,1.0,0.0,0.0,0.0,0.0,0.0,0.0,1.0,0.0,0.0,0.0,10.0,1.0,8.0,2.0,3.0,1.0,2.0,1.0,23.0,1.0,0.0,117.0
0.0,1.0,0.0,0.0,0.0,1.0,0.0,0.0,0.0,1.0,0.0,0.0,0.0,0.0,1.0,0.0,0.0,0.0,0.0,1.0,29.0,3.0,3.0,1.0,2.0,0.0,22.0,0.0,2.0,129.0
1.0,1.0,0.0,0.0,0.0,1.0,0.0,1.0,0.0,0.0,0.0,0.0,0.0,0.0,1.0,0.0,0.0,0.0,10.0,1.0,9.0,2.0,3.0,1.0,5.0,0.0,15.0,1.0,4.0,121.0
1.0,1.0,1.0,0.0,0.0,0.0,0.0,0.0,1.0,0.0,0.0,0.0,0.0,1.0,0.0,0.0,0.0,0.0,2.0,1.0,9.0,3.0,4.0,3.0,2.0,0.0,18.0,0.0,5.0,219.0
0.0,1.0,0.0,0.0,0.0,1.0,0.0,0.0,0.0,1.0,0.0,1.0,0.0,0.0,0.0,0.0,0.0,1.0,0.0,1.0,16.0,3.0,4.0,4.0,6.0,0.0,16.0,1.0,1.0,125.0
1.0,2.0,0.0,0.0,0.0,1.0,0.0,0.0,0.0,1.0,0.0,1.0,0.0,0.0,0.0,0.0,0.0,1.0,0.0,2.0,16.0,2.0,4.0,1.0,2.0,0.0,12.0,0.0,0.0,126.0
0.0,1.0,1.0,0.0,0.0,0.0,0.0,1.0,0.0,0.0,0.0,0.0,0.0,0.0,0.0,0.0,1.0,0.0,3.0,3.0,28.0,3.0,3.0,5.0,1.0,0.0,11.0,3.0,8.0,184.0
0.0,2.0,0.0,0.0,0.0,1.0,0.0,1.0,0.0,0.0,1.0,0.0,0.0,0.0,0.0,0.0,0.0,0.0,3.0,1.0,16.0,2.0,3.0,1.0,1.0,0.0,14.0,1.0,7.0,126.0
0.0,1.0,1.0,0.0,0.0,0.0,0.0,1.0,0.0,0.0,0.0,0.0,0.0,0.0,0.0,1.0,0.0,0.0,30.0,3.0,34.0,3.0,4.0,5.0,5.0,0.0,19.0,3.0,11.0,203.0
0.0,1.0,0.0,0.0,1.0,0.0,0.0,0.0,1.0,0.0,0.0,0.0,0.0,1.0,0.0,0.0,0.0,0.0,20.0,1.0,8.0,3.0,3.0,1.0,6.0,0.0,13.0,0.0,4.0,151.0
1.0,2.0,0.0,0.0,0.0,0.0,1.0,0.0,0.0,1.0,0.0,0.0,0.0,0.0,1.0,0.0,0.0,0.0,8.0,1.0,28.0,2.0,5.0,3.0,1.0,0.0,15.0,1.0,3.0,142.0
0.0,2.0,0.0,0.0,1.0,0.0,0.0,0.0,0.0,1.0,0.0,0.0,0.0,0.0,1.0,0.0,0.0,0.0,27.0,1.0,5.0,2.0,3.0,3.0,8.0,0.0,11.0,0.0,0.0,138.0
1.0,1.0,0.0,0.0,0.0,1.0,0.0,0.0,0.0,1.0,0.0,0.0,0.0,0.0,1.0,0.0,0.0,0.0,7.0,1.0,8.0,3.0,4.0,3.0,4.0,0.0,12.0,3.0,7.0,128.0
0.0,1.0,1.0,0.0,0.0,0.0,0.0,0.0,1.0,0.0,0.0,0.0,0.0,0.0,0.0,1.0,0.0,0.0,5.0,3.0,16.0,3.0,4.0,1.0,3.0,1.0,19.0,0.0,2.0,191.0
1.0,1.0,1.0,0.0,0.0,0.0,0.0,0.0,1.0,0.0,0.0,0.0,0.0,0.0,1.0,0.0,0.0,0.0,4.0,1.0,15.0,2.0,3.0,4.0,2.0,0.0,25.0,0.0,8.0,206.0
1.0,1.0,0.0,0.0,0.0,1.0,0.0,0.0,0.0,1.0,1.0,0.0,0.0,0.0,0.0,0.0,0.0,1.0,0.0,1.0,16.0,2.0,5.0,1.0,8.0,0.0,13.0,0.0,3.0,134.0
1.0,2.0,0.0,0.0,0.0,1.0,0.0,0.0,0.0,1.0,0.0,0.0,0.0,0.0,0.0,1.0,0.0,0.0,3.0,3.0,13.0,3.0,3.0,4.0,1.0,0.0,14.0,0.0,2.0,130.0
1.0,1.0,1.0,0.0,0.0,0.0,0.0,0.0,1.0,0.0,0.0,0.0,0.0,0.0,1.0,0.0,0.0,0.0,8.0,1.0,22.0,3.0,3.0,3.0,5.0,1.0,12.0,0.0,0.0,176.0
1.0,1.0,1.0,0.0,0.0,0.0,0.0,1.0,0.0,0.0,0.0,0.0,0.0,0.0,1.0,0.0,0.0,1.0,0.0,1.0,26.0,3.0,3.0,3.0,4.0,0.0,12.0,1.0,0.0,198.0
0.0,1.0,1.0,0.0,0.0,0.0,0.0,1.0,0.0,0.0,0.0,0.0,0.0,0.0,0.0,0.0,1.0,1.0,0.0,2.0,29.0,2.0,3.0,5.0,10.0,1.0,15.0,1.0,2.0,200.0
1.0,1.0,0.0,0.0,0.0,1.0,0.0,1.0,0.0,0.0,0.0,0.0,0.0,0.0,0.0,0.0,1.0,0.0,10.0,1.0,11.0,3.0,3.0,3.0,5.0,0.0,17.0,0.0,0.0,121.0
1.0,2.0,0.0,0.0,0.0,0.0,1.0,1.0,0.0,0.0,0.0,1.0,0.0,0.0,0.0,0.0,0.0,1.0,0.0,1.0,10.0,3.0,4.0,3.0,6.0,0.0,16.0,0.0,2.0,139.0
1.0,2.0,0.0,0.0,1.0,0.0,0.0,1.0,0.0,0.0,0.0,0.0,0.0,0.0,1.0,0.0,0.0,0.0,14.0,3.0,16.0,2.0,3.0,1.0,8.0,0.0,14.0,0.0,10.0,162.0
1.0,1.0,0.0,0.0,1.0,0.0,0.0,0.0,0.0,1.0,0.0,0.0,0.0,0.0,0.0,1.0,0.0,0.0,8.0,3.0,6.0,2.0,3.0,3.0,10.0,0.0,11.0,0.0,9.0,147.0
0.0,1.0,0.0,0.0,0.0,0.0,1.0,1.0,0.0,0.0,0.0,0.0,0.0,0.0,1.0,0.0,0.0,0.0,12.0,1.0,14.0,2.0,3.0,3.0,2.0,0.0,11.0,1.0,7.0,138.0
1.0,2.0,0.0,0.0,1.0,0.0,0.0,0.0,1.0,0.0,0.0,0.0,0.0,0.0,1.0,0.0,0.0,0.0,4.0,3.0,8.0,3.0,3.0,1.0,5.0,1.0,13.0,1.0,5.0,166.0
1.0,1.0,0.0,0.0,1.0,0.0,0.0,0.0,0.0,1.0,0.0,0.0,0.0,0.0,0.0,0.0,1.0,0.0,18.0,3.0,8.0,3.0,3.0,4.0,1.0,0.0,19.0,3.0,7.0,148.0
0.0,1.0,0.0,0.0,0.0,1.0,0.0,1.0,0.0,0.0,0.0,0.0,0.0,0.0,1.0,0.0,0.0,1.0,0.0,2.0,23.0,3.0,3.0,3.0,1.0,1.0,11.0,0.0,0.0,127.0
1.0,1.0,0.0,0.0,1.0,0.0,0.0,0.0,0.0,1.0,0.0,1.0,0.0,0.0,0.0,0.0,0.0,0.0,2.0,1.0,25.0,2.0,3.0,1.0,5.0,0.0,12.0,1.0,2.0,143.0
1.0,1.0,1.0,0.0,0.0,0.0,0.0,0.0,1.0,0.0,0.0,0.0,0.0,0.0,1.0,0.0,0.0,0.0,4.0,3.0,13.0,2.0,4.0,1.0,10.0,0.0,21.0,1.0,5.0,216.0
1.0,2.0,0.0,0.0,0.0,0.0,1.0,1.0,0.0,0.0,0.0,0.0,0.0,0.0,0.0,1.0,0.0,1.0,10.0,3.0,11.0,3.0,3.0,4.0,2.0,1.0,14.0,1.0,0.0,119.0
1.0,1.0,1.0,0.0,0.0,0.0,0.0,1.0,0.0,0.0,0.0,0.0,0.0,0.0,0.0,0.0,1.0,0.0,13.0,3.0,34.0,2.0,5.0,5.0,4.0,0.0,15.0,0.0,5.0,209.0
0.0,2.0,0.0,0.0,1.0,0.0,0.0,1.0,0.0,0.0,0.0,0.0,0.0,0.0,0.0,0.0,1.0,0.0,14.0,1.0,8.0,3.0,4.0,3.0,3.0,1.0,17.0,0.0,7.0,168.0
1.0,1.0,0.0,0.0,1.0,0.0,0.0,0.0,0.0,1.0,0.0,0.0,0.0,1.0,0.0,0.0,0.0,0.0,0.0,3.0,35.0,2.0,3.0,3.0,6.0,0.0,12.0,0.0,0.0,143.0
0.0,2.0,0.0,0.0,1.0,0.0,0.0,0.0,0.0,1.0,0.0,0.0,0.0,1.0,0.0,0.0,0.0,0.0,8.0,3.0,6.0,3.0,3.0,3.0,2.0,0.0,16.0,1.0,3.0,149.0
1.0,2.0,0.0,0.0,0.0,1.0,0.0,0.0,0.0,1.0,0.0,1.0,0.0,0.0,0.0,0.0,0.0,1.0,0.0,1.0,16.0,3.0,5.0,1.0,2.0,1.0,18.0,0.0,0.0,123.0
0.0,2.0,1.0,0.0,0.0,0.0,0.0,0.0,1.0,0.0,0.0,1.0,0.0,0.0,0.0,0.0,0.0,0.0,10.0,1.0,6.0,2.0,3.0,1.0,5.0,0.0,17.0,1.0,2.0,175.0
0.0,1.0,1.0,0.0,0.0,0.0,0.0,1.0,0.0,0.0,0.0,0.0,0.0,1.0,0.0,0.0,0.0,0.0,19.0,1.0,24.0,2.0,3.0,3.0,6.0,0.0,11.0,0.0,2.0,205.0
1.0,1.0,1.0,0.0,0.0,0.0,0.0,1.0,0.0,0.0,0.0,0.0,0.0,1.0,0.0,0.0,0.0,0.0,10.0,3.0,15.0,3.0,3.0,4.0,2.0,0.0,13.0,1.0,7.0,188.0
1.0,1.0,0.0,0.0,1.0,0.0,0.0,0.0,1.0,0.0,0.0,1.0,0.0,0.0,0.0,0.0,0.0,0.0,25.0,1.0,12.0,3.0,3.0,5.0,4.0,1.0,12.0,2.0,9.0,156.0
1.0,1.0,0.0,0.0,0.0,1.0,0.0,1.0,0.0,0.0,1.0,0.0,0.0,0.0,0.0,0.0,0.0,0.0,0.0,3.0,16.0,2.0,3.0,1.0,1.0,0.0,13.0,1.0,1.0,124.0
0.0,1.0,0.0,0.0,1.0,0.0,0.0,0.0,1.0,0.0,0.0,0.0,0.0,1.0,0.0,0.0,0.0,0.0,11.0,1.0,16.0,3.0,3.0,3.0,4.0,0.0,19.0,0.0,0.0,198.0
1.0,1.0,0.0,0.0,1.0,0.0,0.0,0.0,1.0,0.0,0.0,0.0,0.0,0.0,0.0,1.0,0.0,0.0,0.0,3.0,34.0,3.0,3.0,4.0,2.0,0.0,20.0,0.0,4.0,163.0
1.0,1.0,0.0,0.0,0.0,1.0,0.0,0.0,0.0,1.0,0.0,0.0,0.0,0.0,0.0,0.0,1.0,0.0,10.0,1.0,23.0,3.0,4.0,4.0,2.0,0.0,21.0,1.0,0.0,121.0
1.0,1.0,0.0,0.0,0.0,1.0,0.0,0.0,0.0,1.0,1.0,0.0,0.0,0.0,0.0,0.0,0.0,0.0,10.0,3.0,19.0,2.0,3.0,3.0,2.0,0.0,11.0,1.0,6.0,121.0
0.0,1.0,0.0,0.0,0.0,1.0,0.0,1.0,0.0,0.0,0.0,0.0,0.0,0.0,1.0,0.0,0.0,1.0,0.0,1.0,13.0,3.0,3.0,3.0,2.0,1.0,16.0,0.0,2.0,129.0
1.0,1.0,0.0,0.0,0.0,1.0,0.0,1.0,0.0,0.0,0.0,0.0,0.0,0.0,1.0,0.0,0.0,1.0,10.0,3.0,18.0,3.0,4.0,5.0,2.0,0.0,18.0,1.0,0.0,120.0
1.0,1.0,0.0,0.0,0.0,0.0,1.0,0.0,0.0,1.0,0.0,0.0,0.0,0.0,1.0,0.0,0.0,0.0,7.0,1.0,6.0,2.0,4.0,1.0,2.0,1.0,13.0,1.0,3.0,136.0
1.0,1.0,0.0,0.0,1.0,0.0,0.0,0.0,0.0,1.0,0.0,0.0,0.0,1.0,0.0,0.0,0.0,1.0,0.0,3.0,19.0,2.0,3.0,5.0,3.0,0.0,17.0,0.0,2.0,142.0
1.0,2.0,0.0,0.0,1.0,0.0,0.0,0.0,0.0,1.0,0.0,0.0,0.0,0.0,0.0,0.0,1.0,0.0,8.0,1.0,31.0,2.0,4.0,1.0,5.0,0.0,14.0,1.0,2.0,137.0
0.0,1.0,0.0,0.0,0.0,1.0,0.0,0.0,0.0,1.0,1.0,0.0,0.0,0.0,0.0,0.0,0.0,0.0,10.0,1.0,12.0,3.0,4.0,3.0,1.0,0.0,12.0,0.0,3.0,122.0
1.0,1.0,0.0,0.0,1.0,0.0,0.0,0.0,1.0,0.0,0.0,0.0,0.0,0.0,0.0,1.0,0.0,0.0,10.0,3.0,8.0,3.0,3.0,3.0,5.0,1.0,11.0,0.0,0.0,196.0
0.0,2.0,0.0,0.0,0.0,1.0,0.0,0.0,0.0,1.0,0.0,0.0,0.0,0.0,1.0,0.0,0.0,0.0,0.0,1.0,6.0,3.0,4.0,4.0,2.0,0.0,13.0,0.0,0.0,128.0
0.0,1.0,0.0,0.0,1.0,0.0,0.0,0.0,0.0,1.0,0.0,0.0,0.0,0.0,1.0,0.0,0.0,0.0,15.0,1.0,8.0,2.0,3.0,1.0,2.0,0.0,13.0,0.0,2.0,141.0
0.0,2.0,0.0,0.0,0.0,1.0,0.0,0.0,0.0,1.0,0.0,0.0,0.0,0.0,1.0,0.0,0.0,0.0,11.0,1.0,16.0,2.0,3.0,5.0,4.0,0.0,17.0,0.0,0.0,126.0
1.0,1.0,0.0,0.0,1.0,0.0,0.0,1.0,0.0,0.0,0.0,0.0,0.0,1.0,0.0,0.0,0.0,0.0,16.0,1.0,15.0,3.0,3.0,3.0,4.0,1.0,13.0,1.0,7.0,157.0
0.0,2.0,0.0,0.0,1.0,0.0,0.0,0.0,1.0,0.0,0.0,0.0,0.0,0.0,1.0,0.0,0.0,0.0,17.0,2.0,6.0,2.0,4.0,3.0,5.0,0.0,11.0,1.0,2.0,160.0
0.0,1.0,0.0,0.0,0.0,1.0,0.0,0.0,0.0,1.0,0.0,1.0,0.0,0.0,0.0,0.0,0.0,0.0,7.0,3.0,16.0,2.0,3.0,3.0,2.0,1.0,18.0,1.0,6.0,126.0
1.0,1.0,0.0,0.0,0.0,1.0,0.0,0.0,0.0,1.0,0.0,0.0,0.0,0.0,0.0,1.0,0.0,1.0,0.0,3.0,8.0,3.0,3.0,5.0,1.0,0.0,11.0,1.0,2.0,130.0
1.0,2.0,0.0,0.0,0.0,1.0,0.0,0.0,0.0,1.0,0.0,1.0,0.0,0.0,0.0,0.0,0.0,0.0,0.0,3.0,28.0,2.0,3.0,3.0,2.0,0.0,11.0,0.0,2.0,134.0
1.0,1.0,0.0,0.0,0.0,1.0,0.0,0.0,0.0,1.0,1.0,0.0,0.0,0.0,0.0,0.0,0.0,0.0,0.0,1.0,12.0,3.0,3.0,3.0,1.0,0.0,20.0,1.0,2.0,128.0
1.0,1.0,0.0,0.0,1.0,0.0,0.0,0.0,1.0,0.0,0.0,0.0,0.0,0.0,0.0,1.0,0.0,0.0,6.0,3.0,14.0,2.0,3.0,3.0,1.0,0.0,12.0,0.0,2.0,171.0
0.0,1.0,0.0,0.0,1.0,0.0,0.0,0.0,1.0,0.0,0.0,0.0,0.0,0.0,1.0,0.0,0.0,0.0,5.0,1.0,15.0,3.0,3.0,1.0,2.0,1.0,12.0,1.0,5.0,163.0
0.0,1.0,0.0,0.0,0.0,1.0,0.0,1.0,0.0,0.0,1.0,0.0,0.0,0.0,0.0,0.0,0.0,0.0,10.0,1.0,9.0,3.0,3.0,3.0,2.0,0.0,20.0,1.0,0.0,121.0
1.0,1.0,0.0,0.0,0.0,1.0,0.0,0.0,0.0,1.0,0.0,0.0,0.0,0.0,1.0,0.0,0.0,0.0,7.0,1.0,6.0,3.0,3.0,1.0,2.0,0.0,12.0,1.0,8.0,127.0
0.0,1.0,0.0,0.0,1.0,0.0,0.0,1.0,0.0,0.0,0.0,0.0,0.0,0.0,1.0,0.0,0.0,1.0,8.0,3.0,32.0,3.0,3.0,5.0,3.0,0.0,14.0,0.0,0.0,143.0
0.0,1.0,0.0,0.0,1.0,0.0,0.0,0.0,1.0,0.0,0.0,0.0,0.0,1.0,0.0,0.0,0.0,0.0,2.0,3.0,9.0,3.0,3.0,3.0,2.0,0.0,14.0,0.0,2.0,156.0
1.0,2.0,0.0,0.0,1.0,0.0,0.0,0.0,1.0,0.0,0.0,0.0,0.0,0.0,1.0,0.0,0.0,0.0,8.0,1.0,12.0,2.0,5.0,1.0,2.0,0.0,13.0,0.0,8.0,166.0
1.0,1.0,0.0,0.0,1.0,0.0,0.0,1.0,0.0,0.0,0.0,0.0,0.0,0.0,1.0,0.0,0.0,0.0,6.0,1.0,12.0,1.0,3.0,1.0,4.0,0.0,23.0,3.0,7.0,177.0
1.0,1.0,1.0,0.0,0.0,0.0,0.0,0.0,1.0,0.0,0.0,0.0,0.0,1.0,0.0,0.0,0.0,0.0,27.0,2.0,25.0,2.0,3.0,4.0,3.0,0.0,15.0,2.0,1.0,207.0
1.0,1.0,0.0,0.0,1.0,0.0,0.0,0.0,1.0,0.0,0.0,0.0,0.0,1.0,0.0,0.0,0.0,0.0,9.0,1.0,15.0,2.0,4.0,4.0,3.0,1.0,11.0,0.0,2.0,188.0
1.0,2.0,0.0,0.0,0.0,1.0,0.0,0.0,0.0,1.0,1.0,0.0,0.0,0.0,0.0,0.0,0.0,0.0,10.0,1.0,9.0,2.0,4.0,1.0,1.0,0.0,13.0,1.0,1.0,120.0
1.0,2.0,0.0,0.0,0.0,0.0,1.0,0.0,1.0,0.0,0.0,0.0,0.0,1.0,0.0,0.0,0.0,1.0,0.0,1.0,16.0,2.0,3.0,3.0,2.0,1.0,11.0,1.0,1.0,110.0
1.0,1.0,0.0,0.0,0.0,0.0,1.0,1.0,0.0,0.0,0.0,0.0,0.0,0.0,1.0,0.0,0.0,0.0,10.0,1.0,9.0,2.0,4.0,3.0,2.0,0.0,18.0,1.0,0.0,113.0
0.0,2.0,0.0,0.0,1.0,0.0,0.0,0.0,0.0,1.0,0.0,0.0,0.0,0.0,0.0,1.0,0.0,0.0,11.0,3.0,13.0,2.0,4.0,1.0,1.0,0.0,20.0,1.0,5.0,140.0
1.0,1.0,0.0,0.0,0.0,1.0,0.0,1.0,0.0,0.0,0.0,0.0,0.0,0.0,1.0,0.0,0.0,0.0,2.0,1.0,6.0,3.0,5.0,1.0,2.0,0.0,18.0,0.0,8.0,127.0
0.0,2.0,0.0,0.0,1.0,0.0,0.0,0.0,0.0,1.0,0.0,0.0,0.0,0.0,1.0,0.0,0.0,1.0,0.0,3.0,9.0,3.0,3.0,3.0,10.0,0.0,14.0,1.0,0.0,146.0
0.0,2.0,0.0,0.0,1.0,0.0,0.0,0.0,0.0,1.0,0.0,1.0,0.0,0.0,0.0,0.0,0.0,0.0,12.0,1.0,8.0,3.0,4.0,3.0,2.0,0.0,11.0,1.0,10.0,146.0
1.0,2.0,0.0,0.0,1.0,0.0,0.0,0.0,1.0,0.0,0.0,0.0,0.0,0.0,0.0,1.0,0.0,0.0,5.0,3.0,16.0,2.0,3.0,1.0,2.0,0.0,12.0,1.0,8.0,154.0
1.0,1.0,0.0,0.0,1.0,0.0,0.0,1.0,0.0,0.0,0.0,1.0,0.0,0.0,0.0,0.0,0.0,1.0,13.0,3.0,14.0,2.0,3.0,3.0,4.0,1.0,14.0,0.0,3.0,168.0
0.0,1.0,1.0,0.0,0.0,0.0,0.0,0.0,1.0,0.0,0.0,0.0,0.0,0.0,1.0,0.0,0.0,0.0,0.0,1.0,6.0,3.0,3.0,5.0,2.0,0.0,11.0,0.0,7.0,174.0
1.0,2.0,0.0,0.0,1.0,0.0,0.0,0.0,1.0,0.0,0.0,0.0,0.0,0.0,0.0,1.0,0.0,0.0,20.0,3.0,20.0,2.0,3.0,5.0,3.0,0.0,12.0,1.0,7.0,150.0
1.0,1.0,1.0,0.0,0.0,0.0,0.0,1.0,0.0,0.0,0.0,0.0,0.0,0.0,1.0,0.0,0.0,0.0,13.0,3.0,11.0,2.0,4.0,5.0,6.0,1.0,21.0,0.0,12.0,205.0
1.0,2.0,0.0,0.0,1.0,0.0,0.0,0.0,1.0,0.0,0.0,0.0,0.0,0.0,0.0,1.0,0.0,0.0,30.0,3.0,22.0,2.0,3.0,5.0,9.0,0.0,14.0,2.0,2.0,154.0
1.0,1.0,1.0,0.0,0.0,0.0,0.0,1.0,0.0,0.0,0.0,0.0,0.0,0.0,1.0,0.0,0.0,0.0,0.0,1.0,16.0,2.0,3.0,5.0,2.0,0.0,21.0,0.0,7.0,188.0
1.0,1.0,0.0,0.0,0.0,0.0,1.0,0.0,0.0,1.0,0.0,0.0,0.0,0.0,0.0,1.0,0.0,0.0,23.0,3.0,14.0,2.0,3.0,4.0,8.0,0.0,15.0,0.0,2.0,139.0
0.0,2.0,0.0,0.0,0.0,1.0,0.0,0.0,0.0,1.0,0.0,0.0,0.0,0.0,1.0,0.0,0.0,1.0,10.0,1.0,6.0,3.0,5.0,4.0,8.0,1.0,13.0,1.0,7.0,122.0
0.0,2.0,1.0,0.0,0.0,0.0,0.0,0.0,1.0,0.0,0.0,0.0,0.0,0.0,1.0,0.0,0.0,0.0,11.0,1.0,6.0,2.0,3.0,3.0,5.0,1.0,14.0,0.0,0.0,179.0
1.0,2.0,0.0,0.0,0.0,0.0,1.0,1.0,0.0,0.0,0.0,0.0,0.0,1.0,0.0,0.0,0.0,0.0,17.0,1.0,30.0,2.0,5.0,3.0,3.0,0.0,14.0,0.0,4.0,137.0
1.0,1.0,0.0,0.0,1.0,0.0,0.0,0.0,1.0,0.0,0.0,0.0,0.0,0.0,0.0,1.0,0.0,0.0,3.0,3.0,33.0,3.0,3.0,1.0,8.0,0.0,23.0,2.0,7.0,153.0
1.0,2.0,0.0,0.0,0.0,1.0,0.0,0.0,0.0,1.0,0.0,0.0,0.0,0.0,1.0,0.0,0.0,0.0,2.0,3.0,16.0,3.0,3.0,3.0,2.0,0.0,11.0,1.0,0.0,126.0
1.0,1.0,0.0,0.0,1.0,0.0,0.0,1.0,0.0,0.0,0.0,0.0,0.0,0.0,1.0,0.0,0.0,0.0,16.0,3.0,21.0,2.0,4.0,1.0,4.0,0.0,18.0,1.0,2.0,168.0
0.0,2.0,0.0,0.0,1.0,0.0,0.0,0.0,1.0,0.0,0.0,0.0,0.0,1.0,0.0,0.0,0.0,0.0,7.0,1.0,14.0,3.0,3.0,3.0,4.0,0.0,11.0,0.0,3.0,161.0
1.0,1.0,0.0,0.0,0.0,1.0,0.0,0.0,0.0,1.0,1.0,0.0,0.0,0.0,0.0,0.0,0.0,0.0,0.0,1.0,16.0,2.0,3.0,5.0,2.0,0.0,14.0,1.0,2.0,125.0
1.0,1.0,0.0,1.0,0.0,0.0,0.0,0.0,1.0,0.0,0.0,0.0,0.0,1.0,0.0,0.0,0.0,0.0,29.0,1.0,15.0,2.0,3.0,1.0,8.0,0.0,11.0,0.0,5.0,211.0
0.0,2.0,0.0,0.0,0.0,1.0,0.0,0.0,0.0,1.0,1.0,0.0,0.0,0.0,0.0,0.0,0.0,0.0,13.0,1.0,16.0,2.0,4.0,1.0,1.0,1.0,20.0,0.0,3.0,123.0
0.0,2.0,0.0,0.0,1.0,0.0,0.0,0.0,1.0,0.0,0.0,0.0,0.0,1.0,0.0,0.0,0.0,0.0,0.0,1.0,13.0,2.0,4.0,5.0,9.0,0.0,19.0,1.0,7.0,168.0
1.0,1.0,0.0,0.0,0.0,1.0,0.0,0.0,0.0,1.0,0.0,0.0,0.0,0.0,0.0,1.0,0.0,0.0,10.0,3.0,16.0,2.0,3.0,4.0,2.0,0.0,14.0,2.0,2.0,123.0
1.0,2.0,0.0,0.0,1.0,0.0,0.0,0.0,0.0,1.0,0.0,0.0,0.0,0.0,1.0,0.0,0.0,0.0,26.0,1.0,16.0,2.0,3.0,1.0,3.0,0.0,17.0,2.0,2.0,125.0
0.0,1.0,0.0,0.0,1.0,0.0,0.0,1.0,0.0,0.0,0.0,0.0,0.0,0.0,1.0,0.0,0.0,0.0,8.0,1.0,8.0,3.0,3.0,5.0,3.0,0.0,11.0,1.0,0.0,151.0
1.0,1.0,0.0,0.0,1.0,0.0,0.0,1.0,0.0,0.0,0.0,0.0,0.0,0.0,1.0,0.0,0.0,0.0,5.0,1.0,30.0,3.0,3.0,1.0,2.0,0.0,15.0,1.0,7.0,153.0
1.0,1.0,0.0,0.0,0.0,1.0,0.0,0.0,0.0,1.0,1.0,0.0,0.0,0.0,0.0,0.0,0.0,0.0,11.0,1.0,8.0,3.0,3.0,3.0,7.0,1.0,13.0,0.0,1.0,131.0
0.0,1.0,0.0,0.0,1.0,0.0,0.0,0.0,1.0,0.0,0.0,0.0,0.0,0.0,1.0,0.0,0.0,0.0,7.0,1.0,14.0,2.0,3.0,5.0,4.0,0.0,14.0,1.0,0.0,151.0
0.0,2.0,0.0,0.0,1.0,0.0,0.0,0.0,1.0,0.0,0.0,0.0,0.0,1.0,0.0,0.0,0.0,0.0,0.0,3.0,32.0,2.0,3.0,1.0,2.0,0.0,23.0,0.0,4.0,162.0
1.0,2.0,0.0,0.0,1.0,0.0,0.0,0.0,1.0,0.0,0.0,1.0,0.0,0.0,0.0,0.0,0.0,0.0,18.0,3.0,8.0,2.0,5.0,3.0,1.0,0.0,13.0,1.0,1.0,166.0
1.0,2.0,0.0,0.0,1.0,0.0,0.0,0.0,1.0,0.0,0.0,0.0,0.0,0.0,0.0,0.0,1.0,0.0,7.0,3.0,8.0,2.0,3.0,1.0,2.0,0.0,22.0,0.0,4.0,163.0
1.0,2.0,1.0,0.0,0.0,0.0,0.0,1.0,0.0,0.0,0.0,0.0,0.0,0.0,1.0,0.0,0.0,0.0,9.0,3.0,14.0,3.0,4.0,5.0,2.0,0.0,15.0,0.0,9.0,176.0
1.0,1.0,0.0,0.0,0.0,0.0,1.0,1.0,0.0,0.0,0.0,0.0,0.0,1.0,0.0,0.0,0.0,0.0,25.0,1.0,25.0,2.0,3.0,1.0,1.0,0.0,18.0,1.0,2.0,143.0
0.0,1.0,0.0,0.0,0.0,0.0,1.0,1.0,0.0,0.0,0.0,0.0,0.0,0.0,1.0,0.0,0.0,0.0,0.0,1.0,6.0,3.0,5.0,1.0,4.0,0.0,14.0,2.0,0.0,144.0
0.0,1.0,0.0,0.0,1.0,0.0,0.0,0.0,0.0,1.0,0.0,0.0,0.0,1.0,0.0,0.0,0.0,0.0,2.0,1.0,33.0,3.0,3.0,3.0,5.0,0.0,12.0,0.0,1.0,143.0
1.0,2.0,0.0,0.0,1.0,0.0,0.0,0.0,1.0,0.0,0.0,1.0,0.0,0.0,0.0,0.0,0.0,1.0,0.0,3.0,14.0,2.0,4.0,5.0,7.0,0.0,17.0,0.0,2.0,153.0
0.0,1.0,0.0,0.0,1.0,0.0,0.0,0.0,1.0,0.0,0.0,0.0,0.0,1.0,0.0,0.0,0.0,0.0,27.0,1.0,25.0,3.0,3.0,5.0,10.0,1.0,11.0,0.0,4.0,155.0
1.0,1.0,0.0,0.0,1.0,0.0,0.0,1.0,0.0,0.0,0.0,0.0,0.0,0.0,0.0,1.0,0.0,0.0,0.0,3.0,14.0,2.0,3.0,1.0,1.0,0.0,19.0,1.0,1.0,143.0
0.0,2.0,0.0,0.0,0.0,0.0,1.0,0.0,0.0,1.0,0.0,0.0,0.0,1.0,0.0,0.0,0.0,0.0,7.0,1.0,8.0,2.0,4.0,5.0,2.0,0.0,11.0,1.0,3.0,144.0
0.0,1.0,0.0,0.0,0.0,1.0,0.0,0.0,0.0,1.0,0.0,0.0,0.0,0.0,1.0,0.0,0.0,0.0,8.0,3.0,16.0,3.0,3.0,1.0,2.0,0.0,16.0,1.0,2.0,126.0
1.0,1.0,0.0,0.0,0.0,0.0,1.0,0.0,0.0,1.0,0.0,0.0,0.0,0.0,1.0,0.0,0.0,0.0,3.0,1.0,6.0,2.0,5.0,3.0,4.0,0.0,21.0,1.0,2.0,138.0
0.0,1.0,0.0,0.0,1.0,0.0,0.0,0.0,1.0,0.0,0.0,0.0,0.0,0.0,1.0,0.0,0.0,0.0,7.0,3.0,14.0,3.0,3.0,5.0,6.0,0.0,17.0,1.0,2.0,165.0
1.0,1.0,0.0,0.0,0.0,1.0,0.0,1.0,0.0,0.0,0.0,0.0,0.0,0.0,1.0,0.0,0.0,0.0,0.0,1.0,15.0,3.0,4.0,4.0,2.0,0.0,11.0,0.0,0.0,127.0
0.0,1.0,0.0,0.0,1.0,0.0,0.0,0.0,0.0,1.0,0.0,0.0,0.0,0.0,1.0,0.0,0.0,0.0,25.0,1.0,17.0,3.0,3.0,3.0,9.0,0.0,20.0,1.0,4.0,131.0
0.0,1.0,0.0,0.0,0.0,1.0,0.0,0.0,0.0,1.0,0.0,0.0,0.0,0.0,1.0,0.0,0.0,1.0,0.0,1.0,16.0,2.0,4.0,5.0,2.0,1.0,11.0,0.0,0.0,123.0
1.0,1.0,1.0,0.0,0.0,0.0,0.0,0.0,1.0,0.0,0.0,0.0,0.0,1.0,0.0,0.0,0.0,0.0,6.0,1.0,13.0,2.0,3.0,3.0,1.0,0.0,11.0,1.0,5.0,217.0
0.0,2.0,0.0,0.0,1.0,0.0,0.0,0.0,1.0,0.0,0.0,0.0,0.0,0.0,0.0,1.0,0.0,1.0,0.0,3.0,22.0,3.0,3.0,5.0,6.0,0.0,15.0,1.0,2.0,153.0
0.0,1.0,0.0,0.0,1.0,0.0,0.0,0.0,1.0,0.0,0.0,0.0,0.0,0.0,0.0,0.0,1.0,0.0,9.0,1.0,6.0,2.0,3.0,4.0,1.0,0.0,15.0,1.0,5.0,152.0
0.0,1.0,0.0,0.0,1.0,0.0,0.0,0.0,1.0,0.0,0.0,0.0,0.0,0.0,1.0,0.0,0.0,0.0,15.0,1.0,6.0,2.0,4.0,1.0,10.0,1.0,13.0,0.0,2.0,161.0
1.0,2.0,0.0,0.0,0.0,0.0,1.0,0.0,0.0,1.0,0.0,0.0,0.0,1.0,0.0,0.0,0.0,1.0,0.0,1.0,8.0,2.0,3.0,3.0,7.0,0.0,17.0,2.0,1.0,144.0
1.0,1.0,0.0,0.0,0.0,1.0,0.0,0.0,0.0,1.0,0.0,0.0,0.0,0.0,0.0,0.0,1.0,0.0,10.0,2.0,19.0,2.0,3.0,4.0,5.0,0.0,13.0,1.0,4.0,121.0
1.0,2.0,0.0,0.0,1.0,0.0,0.0,1.0,0.0,0.0,0.0,0.0,0.0,1.0,0.0,0.0,0.0,0.0,13.0,1.0,22.0,2.0,4.0,3.0,7.0,0.0,14.0,0.0,0.0,151.0
0.0,2.0,0.0,0.0,1.0,0.0,0.0,0.0,1.0,0.0,0.0,0.0,0.0,1.0,0.0,0.0,0.0,0.0,3.0,1.0,8.0,2.0,4.0,1.0,6.0,1.0,24.0,1.0,0.0,169.0
0.0,2.0,0.0,0.0,0.0,1.0,0.0,0.0,0.0,1.0,0.0,0.0,0.0,0.0,1.0,0.0,0.0,0.0,10.0,1.0,8.0,3.0,4.0,3.0,2.0,0.0,14.0,1.0,0.0,123.0
0.0,2.0,0.0,0.0,0.0,1.0,0.0,1.0,0.0,0.0,0.0,0.0,0.0,0.0,1.0,0.0,0.0,0.0,7.0,1.0,16.0,3.0,4.0,1.0,2.0,0.0,16.0,1.0,3.0,126.0
0.0,1.0,1.0,0.0,0.0,0.0,0.0,0.0,1.0,0.0,0.0,0.0,0.0,0.0,0.0,1.0,0.0,1.0,12.0,3.0,17.0,2.0,3.0,1.0,2.0,0.0,18.0,0.0,7.0,177.0
1.0,2.0,0.0,0.0,1.0,0.0,0.0,0.0,1.0,0.0,0.0,0.0,0.0,1.0,0.0,0.0,0.0,1.0,18.0,3.0,8.0,2.0,3.0,1.0,5.0,0.0,16.0,1.0,3.0,152.0
1.0,2.0,1.0,0.0,0.0,0.0,0.0,0.0,1.0,0.0,0.0,0.0,0.0,0.0,0.0,0.0,1.0,0.0,8.0,1.0,13.0,2.0,3.0,3.0,4.0,0.0,21.0,0.0,6.0,202.0
1.0,1.0,0.0,0.0,0.0,0.0,1.0,0.0,0.0,1.0,0.0,0.0,0.0,0.0,0.0,0.0,1.0,0.0,7.0,2.0,9.0,2.0,3.0,1.0,1.0,0.0,19.0,1.0,2.0,137.0
0.0,1.0,0.0,0.0,0.0,1.0,0.0,1.0,0.0,0.0,1.0,0.0,0.0,0.0,0.0,0.0,0.0,1.0,0.0,1.0,16.0,2.0,4.0,3.0,2.0,1.0,14.0,0.0,7.0,124.0
1.0,1.0,0.0,0.0,0.0,0.0,1.0,1.0,0.0,0.0,0.0,0.0,0.0,1.0,0.0,0.0,0.0,0.0,10.0,1.0,9.0,2.0,3.0,1.0,2.0,0.0,11.0,0.0,0.0,117.0
1.0,2.0,0.0,0.0,1.0,0.0,0.0,0.0,1.0,0.0,0.0,0.0,0.0,1.0,0.0,0.0,0.0,0.0,17.0,1.0,10.0,2.0,3.0,4.0,10.0,0.0,12.0,1.0,3.0,159.0
0.0,2.0,0.0,0.0,0.0,1.0,0.0,0.0,0.0,1.0,1.0,0.0,0.0,0.0,0.0,0.0,0.0,0.0,8.0,1.0,16.0,2.0,4.0,5.0,2.0,0.0,11.0,0.0,1.0,126.0
1.0,1.0,0.0,0.0,1.0,0.0,0.0,0.0,1.0,0.0,0.0,0.0,0.0,0.0,1.0,0.0,0.0,0.0,9.0,3.0,6.0,2.0,3.0,1.0,2.0,1.0,14.0,3.0,11.0,162.0
1.0,1.0,0.0,0.0,1.0,0.0,0.0,0.0,0.0,1.0,0.0,0.0,0.0,0.0,1.0,0.0,0.0,0.0,5.0,3.0,19.0,3.0,3.0,1.0,3.0,0.0,11.0,0.0,3.0,144.0
1.0,1.0,0.0,0.0,0.0,0.0,1.0,1.0,0.0,0.0,0.0,0.0,0.0,0.0,1.0,0.0,0.0,0.0,3.0,1.0,11.0,3.0,4.0,1.0,10.0,0.0,12.0,0.0,3.0,138.0
0.0,1.0,1.0,0.0,0.0,0.0,0.0,0.0,1.0,0.0,0.0,0.0,0.0,0.0,0.0,1.0,0.0,0.0,26.0,3.0,13.0,3.0,4.0,1.0,8.0,1.0,18.0,0.0,5.0,209.0
1.0,1.0,1.0,0.0,0.0,0.0,0.0,0.0,1.0,0.0,0.0,0.0,0.0,0.0,0.0,1.0,0.0,0.0,18.0,3.0,15.0,3.0,3.0,5.0,5.0,1.0,12.0,0.0,2.0,208.0
1.0,1.0,0.0,0.0,1.0,0.0,0.0,0.0,1.0,0.0,0.0,0.0,0.0,0.0,0.0,1.0,0.0,0.0,10.0,3.0,22.0,3.0,4.0,3.0,5.0,0.0,19.0,1.0,0.0,163.0
1.0,1.0,0.0,0.0,0.0,0.0,1.0,0.0,0.0,1.0,0.0,0.0,0.0,1.0,0.0,0.0,0.0,0.0,1.0,2.0,14.0,3.0,4.0,1.0,2.0,0.0,13.0,1.0,4.0,149.0
1.0,1.0,0.0,0.0,1.0,0.0,0.0,0.0,0.0,1.0,0.0,0.0,0.0,0.0,1.0,0.0,0.0,0.0,0.0,1.0,6.0,2.0,4.0,1.0,7.0,0.0,22.0,2.0,2.0,148.0
1.0,2.0,0.0,0.0,0.0,1.0,0.0,1.0,0.0,0.0,1.0,0.0,0.0,0.0,0.0,0.0,0.0,0.0,15.0,1.0,16.0,2.0,3.0,1.0,6.0,1.0,14.0,1.0,2.0,125.0
1.0,1.0,0.0,0.0,0.0,1.0,0.0,0.0,0.0,1.0,0.0,0.0,0.0,0.0,1.0,0.0,0.0,0.0,9.0,2.0,16.0,3.0,4.0,5.0,1.0,0.0,21.0,0.0,3.0,123.0
1.0,1.0,0.0,0.0,1.0,0.0,0.0,0.0,0.0,1.0,0.0,0.0,0.0,0.0,0.0,0.0,1.0,0.0,0.0,3.0,9.0,3.0,3.0,5.0,2.0,1.0,18.0,0.0,3.0,142.0
1.0,1.0,0.0,0.0,0.0,1.0,0.0,1.0,0.0,0.0,0.0,0.0,0.0,0.0,1.0,0.0,0.0,0.0,5.0,1.0,6.0,3.0,3.0,1.0,1.0,0.0,12.0,1.0,2.0,123.0
1.0,1.0,0.0,0.0,1.0,0.0,0.0,0.0,0.0,1.0,0.0,0.0,0.0,0.0,0.0,1.0,0.0,0.0,0.0,3.0,10.0,2.0,4.0,5.0,2.0,0.0,12.0,1.0,3.0,143.0
0.0,1.0,0.0,0.0,0.0,0.0,1.0,0.0,0.0,1.0,0.0,1.0,0.0,0.0,0.0,0.0,0.0,0.0,22.0,1.0,6.0,2.0,3.0,5.0,3.0,0.0,16.0,0.0,2.0,136.0
1.0,1.0,0.0,0.0,0.0,1.0,0.0,1.0,0.0,0.0,0.0,0.0,0.0,0.0,1.0,0.0,0.0,0.0,0.0,1.0,10.0,2.0,4.0,1.0,1.0,0.0,17.0,0.0,4.0,132.0
1.0,1.0,0.0,0.0,1.0,0.0,0.0,1.0,0.0,0.0,0.0,0.0,0.0,0.0,1.0,0.0,0.0,0.0,5.0,3.0,11.0,2.0,3.0,4.0,2.0,0.0,14.0,2.0,3.0,165.0
1.0,1.0,0.0,0.0,0.0,1.0,0.0,0.0,0.0,1.0,0.0,0.0,0.0,0.0,0.0,1.0,0.0,0.0,11.0,3.0,15.0,3.0,4.0,4.0,1.0,0.0,19.0,0.0,2.0,129.0
1.0,1.0,0.0,0.0,0.0,1.0,0.0,0.0,0.0,1.0,0.0,0.0,0.0,0.0,1.0,0.0,0.0,0.0,4.0,1.0,16.0,2.0,3.0,1.0,4.0,1.0,19.0,0.0,2.0,124.0
0.0,1.0,0.0,0.0,0.0,1.0,0.0,0.0,0.0,1.0,1.0,0.0,0.0,0.0,0.0,0.0,0.0,1.0,0.0,3.0,6.0,3.0,4.0,3.0,7.0,1.0,19.0,1.0,2.0,128.0
1.0,1.0,0.0,1.0,0.0,0.0,0.0,0.0,1.0,0.0,0.0,0.0,0.0,0.0,0.0,1.0,0.0,0.0,26.0,3.0,14.0,3.0,3.0,1.0,6.0,0.0,14.0,2.0,5.0,218.0
1.0,1.0,1.0,0.0,0.0,0.0,0.0,0.0,1.0,0.0,0.0,0.0,1.0,0.0,0.0,0.0,0.0,0.0,8.0,1.0,31.0,3.0,4.0,4.0,4.0,0.0,16.0,2.0,8.0,209.0
0.0,1.0,0.0,0.0,0.0,1.0,0.0,1.0,0.0,0.0,1.0,0.0,0.0,0.0,0.0,0.0,0.0,0.0,10.0,3.0,27.0,3.0,3.0,1.0,6.0,0.0,15.0,1.0,0.0,130.0
0.0,1.0,0.0,0.0,1.0,0.0,0.0,1.0,0.0,0.0,0.0,0.0,0.0,0.0,1.0,0.0,0.0,0.0,16.0,1.0,6.0,2.0,3.0,1.0,5.0,0.0,13.0,1.0,2.0,156.0
0.0,1.0,0.0,0.0,1.0,0.0,0.0,0.0,0.0,1.0,0.0,0.0,0.0,0.0,0.0,1.0,0.0,0.0,20.0,3.0,8.0,2.0,3.0,1.0,1.0,1.0,22.0,3.0,7.0,145.0
1.0,2.0,1.0,0.0,0.0,0.0,0.0,1.0,0.0,0.0,0.0,0.0,0.0,1.0,0.0,0.0,0.0,0.0,10.0,3.0,25.0,2.0,3.0,4.0,2.0,1.0,13.0,0.0,9.0,176.0
0.0,1.0,0.0,0.0,1.0,0.0,0.0,0.0,1.0,0.0,0.0,0.0,0.0,0.0,1.0,0.0,0.0,0.0,12.0,2.0,8.0,2.0,4.0,1.0,9.0,0.0,11.0,1.0,4.0,152.0
1.0,1.0,0.0,0.0,0.0,1.0,0.0,0.0,0.0,1.0,0.0,0.0,0.0,0.0,0.0,0.0,1.0,0.0,10.0,2.0,9.0,2.0,3.0,4.0,4.0,1.0,11.0,0.0,3.0,123.0
1.0,2.0,0.0,0.0,0.0,1.0,0.0,0.0,0.0,1.0,0.0,0.0,0.0,0.0,1.0,0.0,0.0,1.0,0.0,1.0,31.0,3.0,3.0,1.0,2.0,1.0,24.0,0.0,1.0,128.0
0.0,1.0,0.0,0.0,0.0,1.0,0.0,0.0,0.0,1.0,1.0,0.0,0.0,0.0,0.0,0.0,0.0,0.0,2.0,1.0,16.0,3.0,4.0,1.0,7.0,0.0,14.0,1.0,3.0,125.0
1.0,2.0,0.0,0.0,1.0,0.0,0.0,0.0,0.0,1.0,0.0,0.0,0.0,1.0,0.0,0.0,0.0,0.0,1.0,3.0,11.0,3.0,3.0,1.0,2.0,0.0,14.0,0.0,2.0,149.0
1.0,1.0,0.0,0.0,0.0,1.0,0.0,1.0,0.0,0.0,0.0,0.0,0.0,0.0,1.0,0.0,0.0,1.0,20.0,1.0,16.0,2.0,4.0,1.0,10.0,1.0,14.0,1.0,0.0,124.0
0.0,1.0,0.0,0.0,1.0,0.0,0.0,0.0,0.0,1.0,0.0,0.0,0.0,0.0,1.0,0.0,0.0,0.0,16.0,1.0,14.0,2.0,3.0,4.0,5.0,0.0,21.0,1.0,0.0,148.0
0.0,2.0,0.0,0.0,0.0,1.0,0.0,0.0,0.0,1.0,1.0,0.0,0.0,0.0,0.0,0.0,0.0,1.0,10.0,3.0,8.0,2.0,4.0,3.0,2.0,0.0,13.0,1.0,2.0,120.0
0.0,2.0,0.0,0.0,0.0,1.0,0.0,0.0,0.0,1.0,0.0,0.0,0.0,0.0,0.0,0.0,1.0,1.0,0.0,1.0,24.0,3.0,3.0,1.0,2.0,0.0,19.0,1.0,0.0,127.0
1.0,1.0,0.0,0.0,1.0,0.0,0.0,0.0,1.0,0.0,0.0,0.0,0.0,0.0,1.0,0.0,0.0,0.0,9.0,1.0,20.0,3.0,3.0,1.0,1.0,1.0,17.0,2.0,11.0,166.0
0.0,2.0,0.0,0.0,0.0,1.0,0.0,0.0,0.0,1.0,0.0,0.0,0.0,0.0,1.0,0.0,0.0,0.0,20.0,3.0,8.0,3.0,4.0,1.0,2.0,1.0,18.0,0.0,2.0,133.0
0.0,1.0,0.0,0.0,1.0,0.0,0.0,0.0,0.0,1.0,0.0,0.0,0.0,0.0,1.0,0.0,0.0,1.0,0.0,1.0,9.0,2.0,3.0,3.0,1.0,1.0,19.0,1.0,2.0,142.0
0.0,1.0,0.0,0.0,0.0,1.0,0.0,0.0,0.0,1.0,0.0,0.0,0.0,0.0,1.0,0.0,0.0,1.0,4.0,1.0,8.0,3.0,5.0,1.0,5.0,1.0,13.0,0.0,0.0,128.0
0.0,1.0,0.0,0.0,0.0,1.0,0.0,0.0,0.0,1.0,1.0,0.0,0.0,0.0,0.0,0.0,0.0,0.0,1.0,1.0,16.0,3.0,3.0,3.0,6.0,0.0,18.0,0.0,2.0,124.0
1.0,1.0,0.0,0.0,0.0,1.0,0.0,0.0,0.0,1.0,1.0,0.0,0.0,0.0,0.0,0.0,0.0,1.0,2.0,1.0,16.0,3.0,3.0,5.0,8.0,1.0,21.0,1.0,2.0,124.0
0.0,2.0,0.0,0.0,0.0,1.0,0.0,0.0,0.0,1.0,0.0,0.0,0.0,0.0,1.0,0.0,0.0,0.0,0.0,1.0,16.0,3.0,3.0,3.0,2.0,0.0,19.0,0.0,0.0,123.0
1.0,1.0,0.0,0.0,0.0,1.0,0.0,0.0,1.0,0.0,0.0,0.0,0.0,0.0,1.0,0.0,0.0,0.0,10.0,1.0,16.0,2.0,3.0,4.0,2.0,0.0,14.0,1.0,0.0,120.0
0.0,2.0,0.0,0.0,1.0,0.0,0.0,0.0,1.0,0.0,0.0,0.0,0.0,1.0,0.0,0.0,0.0,0.0,15.0,3.0,20.0,3.0,4.0,3.0,8.0,0.0,17.0,1.0,3.0,162.0
1.0,2.0,0.0,0.0,0.0,1.0,0.0,0.0,0.0,1.0,0.0,0.0,0.0,0.0,0.0,0.0,1.0,0.0,6.0,1.0,6.0,3.0,4.0,5.0,4.0,1.0,11.0,1.0,2.0,128.0
0.0,1.0,1.0,0.0,0.0,0.0,0.0,0.0,1.0,0.0,0.0,0.0,1.0,0.0,0.0,0.0,0.0,0.0,30.0,1.0,11.0,2.0,4.0,4.0,3.0,1.0,13.0,1.0,4.0,206.0
1.0,1.0,0.0,0.0,0.0,1.0,0.0,0.0,0.0,1.0,0.0,0.0,0.0,0.0,1.0,0.0,0.0,0.0,4.0,3.0,16.0,2.0,4.0,3.0,4.0,0.0,15.0,2.0,2.0,123.0
0.0,1.0,0.0,0.0,1.0,0.0,0.0,0.0,0.0,1.0,0.0,0.0,0.0,0.0,1.0,0.0,0.0,0.0,8.0,1.0,27.0,2.0,3.0,1.0,2.0,1.0,25.0,0.0,7.0,140.0
0.0,1.0,1.0,0.0,0.0,0.0,0.0,0.0,1.0,0.0,0.0,0.0,0.0,0.0,0.0,0.0,1.0,0.0,22.0,1.0,14.0,2.0,3.0,4.0,5.0,0.0,11.0,0.0,7.0,174.0
1.0,1.0,0.0,0.0,0.0,1.0,0.0,0.0,0.0,1.0,1.0,0.0,0.0,0.0,0.0,0.0,0.0,0.0,10.0,1.0,26.0,2.0,3.0,3.0,5.0,0.0,17.0,1.0,0.0,123.0
0.0,1.0,0.0,0.0,1.0,0.0,0.0,1.0,0.0,0.0,0.0,0.0,0.0,0.0,0.0,1.0,0.0,0.0,4.0,3.0,26.0,2.0,3.0,3.0,2.0,0.0,13.0,1.0,0.0,169.0
1.0,2.0,0.0,0.0,0.0,0.0,1.0,0.0,0.0,1.0,0.0,0.0,0.0,0.0,0.0,0.0,1.0,0.0,9.0,1.0,13.0,3.0,3.0,1.0,3.0,0.0,18.0,1.0,1.0,147.0
0.0,1.0,0.0,0.0,0.0,1.0,0.0,1.0,0.0,0.0,0.0,0.0,0.0,0.0,1.0,0.0,0.0,0.0,5.0,1.0,16.0,3.0,4.0,4.0,7.0,0.0,20.0,0.0,2.0,123.0
1.0,1.0,0.0,0.0,0.0,1.0,0.0,0.0,0.0,1.0,0.0,0.0,0.0,0.0,0.0,1.0,0.0,1.0,0.0,3.0,16.0,2.0,4.0,4.0,2.0,1.0,18.0,0.0,0.0,124.0
1.0,1.0,1.0,0.0,0.0,0.0,0.0,0.0,1.0,0.0,0.0,0.0,0.0,0.0,0.0,1.0,0.0,0.0,13.0,3.0,16.0,3.0,4.0,4.0,3.0,0.0,12.0,0.0,0.0,197.0
1.0,2.0,0.0,0.0,1.0,0.0,0.0,1.0,0.0,0.0,0.0,0.0,0.0,1.0,0.0,0.0,0.0,0.0,0.0,3.0,6.0,2.0,4.0,5.0,2.0,0.0,12.0,0.0,7.0,143.0
1.0,2.0,0.0,0.0,0.0,1.0,0.0,0.0,0.0,1.0,1.0,0.0,0.0,0.0,0.0,0.0,0.0,0.0,9.0,1.0,16.0,3.0,3.0,3.0,5.0,0.0,21.0,1.0,9.0,125.0
1.0,2.0,0.0,0.0,0.0,1.0,0.0,0.0,0.0,1.0,0.0,0.0,0.0,0.0,0.0,0.0,1.0,1.0,10.0,3.0,27.0,2.0,4.0,4.0,2.0,1.0,13.0,1.0,0.0,121.0
1.0,2.0,0.0,0.0,0.0,1.0,0.0,0.0,0.0,1.0,0.0,1.0,0.0,0.0,0.0,0.0,0.0,1.0,0.0,1.0,10.0,3.0,3.0,5.0,2.0,0.0,19.0,1.0,0.0,130.0
1.0,1.0,0.0,0.0,0.0,0.0,1.0,1.0,0.0,0.0,0.0,0.0,0.0,1.0,0.0,0.0,0.0,0.0,13.0,1.0,15.0,2.0,3.0,4.0,9.0,1.0,14.0,0.0,0.0,136.0
0.0,1.0,0.0,0.0,1.0,0.0,0.0,0.0,1.0,0.0,0.0,0.0,0.0,1.0,0.0,0.0,0.0,0.0,5.0,1.0,9.0,3.0,3.0,5.0,2.0,0.0,12.0,1.0,3.0,167.0
1.0,1.0,1.0,0.0,0.0,0.0,0.0,0.0,1.0,0.0,0.0,0.0,0.0,0.0,1.0,0.0,0.0,1.0,0.0,3.0,9.0,2.0,4.0,1.0,2.0,1.0,11.0,3.0,7.0,203.0
0.0,2.0,0.0,0.0,1.0,0.0,0.0,0.0,1.0,0.0,0.0,0.0,0.0,0.0,1.0,0.0,0.0,0.0,6.0,1.0,6.0,2.0,4.0,1.0,1.0,0.0,14.0,1.0,4.0,169.0
1.0,1.0,0.0,0.0,1.0,0.0,0.0,1.0,0.0,0.0,0.0,0.0,0.0,0.0,1.0,0.0,0.0,0.0,18.0,1.0,10.0,2.0,3.0,4.0,2.0,0.0,12.0,1.0,8.0,144.0
0.0,1.0,0.0,0.0,0.0,1.0,0.0,1.0,0.0,0.0,0.0,0.0,1.0,0.0,0.0,0.0,0.0,0.0,10.0,3.0,26.0,2.0,3.0,1.0,2.0,0.0,15.0,0.0,2.0,122.0
0.0,1.0,0.0,0.0,1.0,0.0,0.0,0.0,0.0,1.0,0.0,0.0,0.0,1.0,0.0,0.0,0.0,0.0,8.0,3.0,24.0,2.0,3.0,3.0,2.0,0.0,16.0,1.0,0.0,146.0
1.0,2.0,0.0,0.0,0.0,1.0,0.0,0.0,0.0,1.0,0.0,1.0,0.0,0.0,0.0,0.0,0.0,1.0,20.0,1.0,16.0,2.0,3.0,3.0,5.0,0.0,24.0,0.0,0.0,125.0
1.0,1.0,1.0,0.0,0.0,0.0,0.0,0.0,1.0,0.0,0.0,0.0,0.0,0.0,0.0,0.0,1.0,0.0,3.0,3.0,14.0,3.0,3.0,3.0,6.0,0.0,11.0,2.0,7.0,173.0
0.0,2.0,0.0,0.0,1.0,0.0,0.0,1.0,0.0,0.0,0.0,1.0,0.0,0.0,0.0,0.0,0.0,0.0,11.0,3.0,16.0,2.0,3.0,1.0,2.0,1.0,13.0,1.0,3.0,157.0
1.0,1.0,1.0,0.0,0.0,0.0,0.0,0.0,1.0,0.0,0.0,0.0,0.0,0.0,1.0,0.0,0.0,0.0,8.0,3.0,9.0,3.0,3.0,1.0,7.0,0.0,13.0,0.0,8.0,178.0
1.0,1.0,0.0,0.0,1.0,0.0,0.0,1.0,0.0,0.0,0.0,1.0,0.0,0.0,0.0,0.0,0.0,0.0,9.0,3.0,14.0,2.0,3.0,1.0,5.0,0.0,13.0,1.0,7.0,151.0
1.0,2.0,0.0,0.0,0.0,1.0,0.0,1.0,0.0,0.0,1.0,0.0,0.0,0.0,0.0,0.0,0.0,1.0,0.0,1.0,16.0,2.0,4.0,5.0,1.0,1.0,22.0,0.0,2.0,123.0
0.0,2.0,0.0,0.0,0.0,1.0,0.0,0.0,0.0,1.0,0.0,0.0,0.0,0.0,1.0,0.0,0.0,1.0,0.0,1.0,16.0,3.0,4.0,5.0,7.0,1.0,20.0,1.0,0.0,124.0
0.0,2.0,0.0,0.0,0.0,1.0,0.0,0.0,0.0,1.0,0.0,0.0,0.0,0.0,1.0,0.0,0.0,0.0,6.0,1.0,19.0,2.0,3.0,1.0,4.0,0.0,18.0,1.0,2.0,135.0
0.0,1.0,0.0,0.0,0.0,1.0,0.0,0.0,0.0,1.0,1.0,0.0,0.0,0.0,0.0,0.0,0.0,0.0,10.0,1.0,6.0,3.0,3.0,1.0,4.0,0.0,14.0,1.0,2.0,123.0
0.0,1.0,0.0,0.0,0.0,1.0,0.0,0.0,0.0,1.0,0.0,1.0,0.0,0.0,0.0,0.0,0.0,0.0,0.0,1.0,22.0,3.0,3.0,4.0,10.0,0.0,14.0,2.0,2.0,128.0
1.0,1.0,0.0,0.0,1.0,0.0,0.0,1.0,0.0,0.0,0.0,0.0,0.0,0.0,1.0,0.0,0.0,0.0,18.0,1.0,29.0,2.0,3.0,5.0,2.0,1.0,15.0,1.0,8.0,136.0
0.0,2.0,0.0,0.0,1.0,0.0,0.0,0.0,0.0,1.0,0.0,0.0,0.0,0.0,1.0,0.0,0.0,0.0,20.0,3.0,10.0,2.0,3.0,1.0,2.0,1.0,17.0,1.0,7.0,142.0
0.0,1.0,0.0,0.0,0.0,1.0,0.0,0.0,0.0,1.0,0.0,0.0,0.0,0.0,1.0,0.0,0.0,1.0,10.0,1.0,28.0,2.0,3.0,3.0,5.0,1.0,11.0,0.0,1.0,121.0
1.0,1.0,0.0,0.0,0.0,1.0,0.0,1.0,0.0,0.0,1.0,0.0,0.0,0.0,0.0,0.0,0.0,0.0,11.0,1.0,16.0,3.0,3.0,3.0,1.0,0.0,17.0,0.0,2.0,127.0
1.0,1.0,1.0,0.0,0.0,0.0,0.0,0.0,1.0,0.0,0.0,0.0,0.0,1.0,0.0,0.0,0.0,0.0,19.0,1.0,13.0,3.0,3.0,3.0,7.0,0.0,13.0,1.0,7.0,208.0
0.0,1.0,0.0,0.0,1.0,0.0,0.0,0.0,0.0,1.0,0.0,0.0,0.0,1.0,0.0,0.0,0.0,0.0,0.0,1.0,23.0,2.0,4.0,3.0,2.0,0.0,15.0,0.0,2.0,144.0
1.0,1.0,0.0,0.0,0.0,0.0,1.0,0.0,0.0,1.0,0.0,0.0,0.0,0.0,0.0,0.0,1.0,1.0,0.0,1.0,20.0,2.0,4.0,4.0,2.0,1.0,24.0,1.0,2.0,137.0
0.0,1.0,0.0,0.0,1.0,0.0,0.0,1.0,0.0,0.0,0.0,0.0,0.0,0.0,1.0,0.0,0.0,0.0,4.0,1.0,6.0,3.0,3.0,5.0,2.0,0.0,12.0,1.0,3.0,141.0
1.0,2.0,0.0,0.0,0.0,0.0,1.0,1.0,0.0,0.0,0.0,0.0,0.0,0.0,1.0,0.0,0.0,0.0,0.0,1.0,11.0,3.0,3.0,1.0,2.0,0.0,15.0,0.0,0.0,111.0
0.0,1.0,1.0,0.0,0.0,0.0,0.0,0.0,1.0,0.0,0.0,0.0,1.0,0.0,0.0,0.0,0.0,0.0,27.0,1.0,23.0,2.0,3.0,3.0,9.0,0.0,11.0,0.0,8.0,207.0
0.0,1.0,1.0,0.0,0.0,0.0,0.0,0.0,1.0,0.0,0.0,0.0,0.0,1.0,0.0,0.0,0.0,0.0,8.0,1.0,31.0,2.0,3.0,3.0,2.0,1.0,11.0,0.0,1.0,204.0
0.0,2.0,0.0,0.0,0.0,1.0,0.0,0.0,0.0,1.0,1.0,0.0,0.0,0.0,0.0,0.0,0.0,1.0,0.0,1.0,16.0,3.0,4.0,5.0,2.0,1.0,15.0,1.0,0.0,126.0
0.0,2.0,0.0,0.0,0.0,1.0,0.0,1.0,0.0,0.0,1.0,0.0,0.0,0.0,0.0,0.0,0.0,1.0,0.0,1.0,16.0,2.0,3.0,4.0,1.0,0.0,17.0,0.0,2.0,124.0
1.0,1.0,0.0,0.0,0.0,1.0,0.0,0.0,0.0,1.0,0.0,0.0,0.0,0.0,1.0,0.0,0.0,0.0,0.0,1.0,16.0,3.0,5.0,5.0,2.0,0.0,15.0,0.0,1.0,125.0
1.0,2.0,0.0,0.0,1.0,0.0,0.0,0.0,0.0,1.0,0.0,0.0,0.0,0.0,1.0,0.0,0.0,0.0,21.0,1.0,12.0,3.0,4.0,3.0,3.0,0.0,13.0,0.0,2.0,142.0
1.0,2.0,1.0,0.0,0.0,0.0,0.0,0.0,1.0,0.0,0.0,0.0,0.0,0.0,1.0,0.0,0.0,0.0,21.0,1.0,10.0,3.0,4.0,3.0,8.0,0.0,14.0,1.0,5.0,210.0
0.0,2.0,0.0,0.0,1.0,0.0,0.0,0.0,1.0,0.0,0.0,0.0,0.0,1.0,0.0,0.0,0.0,0.0,14.0,1.0,13.0,2.0,3.0,3.0,7.0,0.0,14.0,2.0,1.0,150.0
0.0,1.0,0.0,0.0,1.0,0.0,0.0,0.0,0.0,1.0,0.0,0.0,0.0,0.0,1.0,0.0,0.0,0.0,0.0,1.0,8.0,2.0,3.0,1.0,1.0,0.0,18.0,2.0,2.0,142.0
1.0,1.0,0.0,0.0,0.0,0.0,1.0,0.0,0.0,1.0,0.0,0.0,0.0,0.0,0.0,0.0,1.0,0.0,8.0,1.0,16.0,2.0,3.0,1.0,2.0,0.0,20.0,0.0,2.0,139.0
1.0,1.0,0.0,0.0,0.0,1.0,0.0,0.0,0.0,1.0,0.0,0.0,0.0,0.0,1.0,0.0,0.0,0.0,23.0,1.0,16.0,3.0,3.0,1.0,5.0,0.0,18.0,1.0,0.0,124.0
0.0,1.0,0.0,0.0,1.0,0.0,0.0,0.0,0.0,1.0,0.0,0.0,0.0,1.0,0.0,0.0,0.0,1.0,0.0,1.0,17.0,3.0,5.0,4.0,6.0,0.0,15.0,1.0,0.0,148.0
1.0,1.0,0.0,0.0,1.0,0.0,0.0,1.0,0.0,0.0,0.0,0.0,0.0,1.0,0.0,0.0,0.0,0.0,28.0,1.0,24.0,3.0,3.0,4.0,4.0,1.0,14.0,2.0,7.0,164.0
1.0,2.0,0.0,0.0,1.0,0.0,0.0,0.0,1.0,0.0,0.0,0.0,0.0,0.0,1.0,0.0,0.0,0.0,11.0,3.0,9.0,2.0,3.0,1.0,9.0,1.0,12.0,1.0,0.0,169.0
1.0,2.0,0.0,0.0,1.0,0.0,0.0,1.0,0.0,0.0,0.0,0.0,0.0,1.0,0.0,0.0,0.0,1.0,0.0,3.0,35.0,3.0,5.0,5.0,9.0,0.0,18.0,1.0,2.0,150.0
0.0,1.0,0.0,0.0,1.0,0.0,0.0,1.0,0.0,0.0,0.0,0.0,0.0,0.0,1.0,0.0,0.0,0.0,23.0,3.0,6.0,3.0,3.0,3.0,1.0,0.0,12.0,0.0,13.0,163.0
0.0,2.0,1.0,0.0,0.0,0.0,0.0,1.0,0.0,0.0,0.0,0.0,0.0,1.0,0.0,0.0,0.0,0.0,12.0,1.0,28.0,2.0,3.0,5.0,2.0,1.0,13.0,1.0,8.0,209.0
0.0,2.0,0.0,0.0,0.0,1.0,0.0,1.0,0.0,0.0,0.0,0.0,0.0,0.0,1.0,0.0,0.0,0.0,6.0,3.0,16.0,2.0,4.0,1.0,1.0,0.0,19.0,0.0,2.0,123.0
1.0,1.0,1.0,0.0,0.0,0.0,0.0,0.0,1.0,0.0,0.0,0.0,1.0,0.0,0.0,0.0,0.0,0.0,30.0,3.0,6.0,3.0,3.0,1.0,4.0,1.0,14.0,1.0,5.0,219.0
1.0,2.0,0.0,0.0,0.0,1.0,0.0,0.0,0.0,1.0,1.0,0.0,0.0,0.0,0.0,0.0,0.0,0.0,10.0,2.0,30.0,2.0,3.0,4.0,2.0,0.0,16.0,0.0,4.0,122.0
1.0,1.0,0.0,0.0,1.0,0.0,0.0,0.0,0.0,1.0,0.0,0.0,0.0,0.0,0.0,0.0,1.0,1.0,0.0,1.0,21.0,2.0,3.0,3.0,8.0,0.0,14.0,0.0,0.0,148.0
1.0,1.0,0.0,0.0,0.0,1.0,0.0,1.0,0.0,0.0,0.0,0.0,0.0,0.0,1.0,0.0,0.0,1.0,10.0,1.0,8.0,2.0,3.0,5.0,7.0,1.0,14.0,0.0,2.0,120.0
0.0,1.0,0.0,0.0,0.0,1.0,0.0,0.0,0.0,1.0,0.0,0.0,0.0,0.0,1.0,0.0,0.0,0.0,10.0,3.0,16.0,2.0,3.0,3.0,2.0,1.0,19.0,0.0,0.0,122.0
1.0,1.0,0.0,0.0,0.0,0.0,1.0,0.0,1.0,0.0,0.0,0.0,0.0,1.0,0.0,0.0,0.0,0.0,1.0,3.0,16.0,3.0,3.0,4.0,2.0,0.0,22.0,0.0,0.0,111.0
1.0,1.0,0.0,0.0,0.0,1.0,0.0,1.0,0.0,0.0,0.0,0.0,0.0,0.0,0.0,0.0,1.0,0.0,11.0,1.0,9.0,3.0,3.0,3.0,4.0,0.0,16.0,2.0,2.0,128.0
0.0,2.0,0.0,0.0,1.0,0.0,0.0,0.0,0.0,1.0,0.0,0.0,0.0,0.0,0.0,0.0,1.0,0.0,10.0,1.0,9.0,2.0,3.0,4.0,4.0,0.0,15.0,1.0,1.0,141.0
1.0,1.0,0.0,0.0,1.0,0.0,0.0,0.0,1.0,0.0,0.0,0.0,0.0,0.0,0.0,1.0,0.0,0.0,13.0,3.0,32.0,3.0,3.0,5.0,2.0,0.0,14.0,3.0,5.0,184.0
0.0,1.0,0.0,0.0,0.0,1.0,0.0,1.0,0.0,0.0,1.0,0.0,0.0,0.0,0.0,0.0,0.0,0.0,10.0,1.0,6.0,3.0,4.0,3.0,2.0,0.0,13.0,0.0,3.0,120.0
0.0,1.0,0.0,0.0,0.0,1.0,0.0,1.0,0.0,0.0,1.0,0.0,0.0,0.0,0.0,0.0,0.0,0.0,29.0,1.0,15.0,3.0,3.0,3.0,3.0,0.0,19.0,1.0,3.0,129.0
1.0,1.0,1.0,0.0,0.0,0.0,0.0,0.0,1.0,0.0,0.0,0.0,0.0,1.0,0.0,0.0,0.0,0.0,16.0,3.0,31.0,3.0,4.0,1.0,6.0,0.0,13.0,1.0,0.0,208.0
0.0,2.0,0.0,0.0,0.0,1.0,0.0,1.0,0.0,0.0,0.0,0.0,0.0,0.0,0.0,1.0,0.0,1.0,0.0,3.0,16.0,2.0,3.0,1.0,2.0,1.0,14.0,1.0,2.0,123.0
0.0,2.0,0.0,0.0,0.0,0.0,1.0,0.0,1.0,0.0,0.0,0.0,0.0,0.0,1.0,0.0,0.0,1.0,10.0,1.0,16.0,2.0,4.0,5.0,2.0,0.0,13.0,0.0,0.0,114.0
0.0,1.0,0.0,0.0,1.0,0.0,0.0,0.0,0.0,1.0,0.0,0.0,0.0,0.0,1.0,0.0,0.0,0.0,19.0,1.0,14.0,3.0,4.0,5.0,9.0,1.0,23.0,1.0,7.0,146.0
1.0,1.0,0.0,0.0,0.0,1.0,0.0,0.0,0.0,1.0,0.0,0.0,0.0,0.0,1.0,0.0,0.0,1.0,14.0,1.0,16.0,2.0,3.0,3.0,10.0,1.0,12.0,0.0,7.0,125.0
1.0,2.0,1.0,0.0,0.0,0.0,0.0,1.0,0.0,0.0,0.0,1.0,0.0,0.0,0.0,0.0,0.0,1.0,0.0,1.0,30.0,3.0,4.0,5.0,2.0,0.0,12.0,1.0,9.0,187.0
1.0,1.0,0.0,0.0,0.0,0.0,1.0,0.0,0.0,1.0,0.0,0.0,0.0,1.0,0.0,0.0,0.0,0.0,0.0,1.0,6.0,2.0,4.0,5.0,2.0,0.0,16.0,1.0,3.0,140.0
1.0,1.0,0.0,0.0,1.0,0.0,0.0,0.0,1.0,0.0,0.0,0.0,0.0,0.0,0.0,0.0,1.0,0.0,3.0,1.0,26.0,2.0,3.0,5.0,1.0,0.0,15.0,0.0,2.0,200.0
0.0,1.0,1.0,0.0,0.0,0.0,0.0,0.0,1.0,0.0,0.0,0.0,0.0,0.0,1.0,0.0,0.0,0.0,11.0,1.0,23.0,3.0,4.0,3.0,1.0,0.0,18.0,1.0,9.0,188.0
1.0,1.0,1.0,0.0,0.0,0.0,0.0,0.0,1.0,0.0,0.0,0.0,1.0,0.0,0.0,0.0,0.0,0.0,13.0,1.0,26.0,3.0,3.0,1.0,5.0,0.0,20.0,3.0,1.0,203.0
1.0,1.0,0.0,0.0,0.0,0.0,1.0,1.0,0.0,0.0,0.0,0.0,0.0,0.0,1.0,0.0,0.0,0.0,0.0,1.0,14.0,2.0,5.0,3.0,2.0,0.0,19.0,1.0,2.0,146.0
1.0,1.0,1.0,0.0,0.0,0.0,0.0,1.0,0.0,0.0,0.0,0.0,0.0,0.0,1.0,0.0,0.0,0.0,28.0,1.0,8.0,3.0,3.0,4.0,4.0,0.0,18.0,0.0,5.0,210.0
0.0,2.0,0.0,0.0,1.0,0.0,0.0,0.0,0.0,1.0,0.0,0.0,0.0,0.0,0.0,0.0,1.0,0.0,1.0,1.0,16.0,2.0,3.0,3.0,4.0,0.0,13.0,0.0,7.0,137.0
1.0,1.0,1.0,0.0,0.0,0.0,0.0,0.0,1.0,0.0,0.0,0.0,0.0,1.0,0.0,0.0,0.0,1.0,7.0,2.0,6.0,3.0,4.0,5.0,10.0,0.0,14.0,2.0,6.0,205.0
1.0,1.0,1.0,0.0,0.0,0.0,0.0,0.0,1.0,0.0,0.0,0.0,0.0,0.0,1.0,0.0,0.0,0.0,6.0,1.0,11.0,2.0,4.0,1.0,5.0,0.0,15.0,1.0,2.0,171.0
1.0,2.0,1.0,0.0,0.0,0.0,0.0,0.0,1.0,0.0,0.0,0.0,1.0,0.0,0.0,0.0,0.0,1.0,0.0,3.0,10.0,2.0,3.0,5.0,1.0,1.0,22.0,2.0,7.0,196.0
0.0,2.0,0.0,0.0,1.0,0.0,0.0,1.0,0.0,0.0,0.0,0.0,0.0,1.0,0.0,0.0,0.0,1.0,0.0,1.0,35.0,2.0,4.0,3.0,2.0,0.0,22.0,2.0,8.0,145.0
1.0,1.0,0.0,0.0,0.0,1.0,0.0,0.0,0.0,1.0,0.0,0.0,0.0,0.0,1.0,0.0,0.0,0.0,10.0,1.0,21.0,2.0,3.0,3.0,2.0,0.0,16.0,0.0,2.0,122.0
1.0,2.0,0.0,0.0,1.0,0.0,0.0,1.0,0.0,0.0,0.0,0.0,0.0,0.0,1.0,0.0,0.0,0.0,7.0,1.0,9.0,2.0,3.0,1.0,1.0,0.0,17.0,1.0,4.0,178.0
0.0,1.0,0.0,0.0,1.0,0.0,0.0,0.0,1.0,0.0,0.0,0.0,0.0,0.0,1.0,0.0,0.0,0.0,10.0,3.0,16.0,2.0,4.0,1.0,3.0,1.0,14.0,1.0,0.0,167.0
1.0,1.0,0.0,0.0,0.0,1.0,0.0,0.0,0.0,1.0,1.0,0.0,0.0,0.0,0.0,0.0,0.0,1.0,0.0,1.0,16.0,2.0,3.0,3.0,2.0,0.0,20.0,1.0,0.0,124.0
1.0,2.0,0.0,0.0,0.0,1.0,0.0,0.0,0.0,1.0,1.0,0.0,0.0,0.0,0.0,0.0,0.0,1.0,0.0,1.0,31.0,2.0,4.0,4.0,5.0,1.0,20.0,1.0,2.0,123.0
1.0,1.0,0.0,0.0,0.0,1.0,0.0,1.0,0.0,0.0,1.0,0.0,0.0,0.0,0.0,0.0,0.0,1.0,0.0,1.0,16.0,2.0,4.0,4.0,2.0,0.0,15.0,1.0,0.0,126.0
1.0,2.0,0.0,0.0,1.0,0.0,0.0,1.0,0.0,0.0,0.0,0.0,0.0,0.0,0.0,0.0,1.0,1.0,13.0,3.0,6.0,2.0,3.0,3.0,4.0,1.0,14.0,1.0,0.0,147.0
0.0,1.0,0.0,0.0,1.0,0.0,0.0,1.0,0.0,0.0,0.0,0.0,0.0,0.0,1.0,0.0,0.0,0.0,6.0,3.0,13.0,1.0,3.0,4.0,1.0,0.0,17.0,0.0,2.0,143.0
1.0,1.0,0.0,0.0,0.0,1.0,0.0,1.0,0.0,0.0,0.0,0.0,0.0,0.0,1.0,0.0,0.0,0.0,7.0,1.0,9.0,3.0,4.0,1.0,4.0,0.0,17.0,0.0,0.0,130.0
1.0,2.0,1.0,0.0,0.0,0.0,0.0,0.0,1.0,0.0,0.0,0.0,0.0,0.0,1.0,0.0,0.0,0.0,25.0,1.0,5.0,2.0,3.0,4.0,8.0,0.0,19.0,2.0,0.0,204.0
1.0,1.0,1.0,0.0,0.0,0.0,0.0,0.0,1.0,0.0,0.0,0.0,0.0,0.0,0.0,1.0,0.0,0.0,11.0,3.0,16.0,3.0,4.0,3.0,1.0,1.0,14.0,1.0,7.0,187.0
0.0,1.0,0.0,0.0,0.0,1.0,0.0,0.0,0.0,1.0,0.0,0.0,0.0,0.0,1.0,0.0,0.0,0.0,2.0,1.0,16.0,3.0,3.0,1.0,5.0,0.0,22.0,1.0,7.0,125.0
0.0,1.0,1.0,0.0,0.0,0.0,0.0,0.0,1.0,0.0,0.0,0.0,0.0,1.0,0.0,0.0,0.0,0.0,1.0,1.0,9.0,3.0,3.0,4.0,1.0,0.0,17.0,0.0,7.0,177.0
1.0,2.0,1.0,0.0,0.0,0.0,0.0,0.0,1.0,0.0,0.0,0.0,0.0,0.0,0.0,1.0,0.0,0.0,11.0,3.0,8.0,2.0,3.0,4.0,8.0,0.0,16.0,1.0,0.0,174.0
0.0,1.0,1.0,0.0,0.0,0.0,0.0,1.0,0.0,0.0,0.0,0.0,0.0,0.0,1.0,0.0,0.0,0.0,16.0,1.0,33.0,2.0,3.0,5.0,9.0,0.0,11.0,1.0,1.0,208.0
0.0,2.0,0.0,0.0,0.0,1.0,0.0,0.0,0.0,1.0,0.0,0.0,1.0,0.0,0.0,0.0,0.0,0.0,10.0,1.0,6.0,3.0,4.0,4.0,2.0,1.0,11.0,1.0,2.0,121.0
1.0,2.0,0.0,0.0,1.0,0.0,0.0,1.0,0.0,0.0,0.0,0.0,0.0,0.0,1.0,0.0,0.0,0.0,12.0,1.0,15.0,3.0,3.0,4.0,10.0,0.0,15.0,1.0,3.0,168.0
1.0,2.0,0.0,0.0,1.0,0.0,0.0,1.0,0.0,0.0,0.0,0.0,0.0,0.0,1.0,0.0,0.0,0.0,9.0,1.0,24.0,3.0,3.0,1.0,3.0,0.0,20.0,0.0,9.0,178.0
1.0,1.0,0.0,0.0,0.0,1.0,0.0,0.0,0.0,1.0,0.0,0.0,0.0,0.0,1.0,0.0,0.0,0.0,1.0,1.0,8.0,3.0,4.0,4.0,1.0,0.0,17.0,0.0,4.0,132.0
1.0,1.0,0.0,0.0,1.0,0.0,0.0,1.0,0.0,0.0,0.0,0.0,0.0,0.0,0.0,1.0,0.0,0.0,8.0,3.0,17.0,2.0,3.0,1.0,2.0,0.0,11.0,1.0,2.0,150.0
1.0,2.0,0.0,0.0,1.0,0.0,0.0,1.0,0.0,0.0,0.0,0.0,0.0,0.0,1.0,0.0,0.0,0.0,7.0,1.0,8.0,3.0,3.0,3.0,3.0,0.0,11.0,1.0,2.0,140.0
0.0,1.0,0.0,0.0,0.0,1.0,0.0,1.0,0.0,0.0,0.0,0.0,0.0,0.0,1.0,0.0,0.0,0.0,2.0,1.0,16.0,3.0,3.0,4.0,1.0,0.0,14.0,0.0,1.0,133.0
1.0,2.0,0.0,0.0,1.0,0.0,0.0,0.0,0.0,1.0,0.0,0.0,0.0,1.0,0.0,0.0,0.0,0.0,15.0,1.0,35.0,2.0,5.0,1.0,5.0,0.0,19.0,1.0,0.0,143.0
1.0,1.0,0.0,0.0,1.0,0.0,0.0,0.0,1.0,0.0,0.0,0.0,0.0,1.0,0.0,0.0,0.0,0.0,2.0,1.0,14.0,3.0,4.0,1.0,2.0,1.0,15.0,1.0,2.0,151.0
1.0,1.0,0.0,0.0,0.0,1.0,0.0,1.0,0.0,0.0,0.0,0.0,0.0,0.0,1.0,0.0,0.0,0.0,1.0,1.0,12.0,3.0,4.0,3.0,2.0,1.0,14.0,1.0,2.0,127.0
1.0,2.0,0.0,0.0,0.0,1.0,0.0,1.0,0.0,0.0,1.0,0.0,0.0,0.0,0.0,0.0,0.0,1.0,10.0,1.0,14.0,3.0,3.0,3.0,2.0,0.0,12.0,1.0,0.0,119.0
0.0,2.0,0.0,0.0,1.0,0.0,0.0,0.0,1.0,0.0,0.0,0.0,0.0,0.0,0.0,1.0,0.0,1.0,0.0,3.0,15.0,3.0,3.0,5.0,4.0,1.0,17.0,0.0,3.0,182.0
1.0,1.0,0.0,0.0,0.0,0.0,1.0,0.0,0.0,1.0,0.0,0.0,0.0,0.0,1.0,0.0,0.0,0.0,14.0,1.0,18.0,2.0,3.0,1.0,4.0,1.0,11.0,1.0,0.0,148.0
1.0,1.0,0.0,0.0,0.0,1.0,0.0,1.0,0.0,0.0,1.0,0.0,0.0,0.0,0.0,0.0,0.0,1.0,0.0,1.0,16.0,3.0,3.0,3.0,2.0,0.0,12.0,1.0,2.0,126.0
0.0,1.0,0.0,0.0,1.0,0.0,0.0,0.0,1.0,0.0,0.0,0.0,0.0,1.0,0.0,0.0,0.0,0.0,10.0,1.0,31.0,2.0,4.0,1.0,8.0,0.0,13.0,1.0,3.0,157.0
1.0,1.0,0.0,0.0,0.0,1.0,0.0,0.0,0.0,1.0,0.0,0.0,0.0,0.0,1.0,0.0,0.0,0.0,0.0,1.0,16.0,2.0,4.0,3.0,2.0,0.0,13.0,1.0,2.0,125.0
0.0,1.0,0.0,0.0,1.0,0.0,0.0,0.0,1.0,0.0,0.0,0.0,0.0,0.0,1.0,0.0,0.0,0.0,7.0,3.0,15.0,3.0,3.0,3.0,2.0,0.0,20.0,0.0,3.0,157.0
1.0,2.0,0.0,0.0,0.0,0.0,1.0,0.0,0.0,1.0,0.0,1.0,0.0,0.0,0.0,0.0,0.0,0.0,8.0,2.0,14.0,3.0,3.0,3.0,2.0,0.0,17.0,0.0,4.0,143.0
0.0,1.0,1.0,0.0,0.0,0.0,0.0,0.0,1.0,0.0,0.0,0.0,0.0,0.0,1.0,0.0,0.0,1.0,0.0,3.0,29.0,2.0,4.0,5.0,2.0,0.0,13.0,1.0,10.0,173.0
1.0,2.0,0.0,0.0,1.0,0.0,0.0,0.0,1.0,0.0,0.0,0.0,0.0,0.0,0.0,1.0,0.0,0.0,15.0,3.0,10.0,2.0,3.0,5.0,8.0,0.0,13.0,1.0,5.0,152.0
1.0,1.0,0.0,0.0,0.0,1.0,0.0,0.0,0.0,1.0,1.0,0.0,0.0,0.0,0.0,0.0,0.0,0.0,10.0,1.0,6.0,2.0,4.0,3.0,7.0,0.0,12.0,1.0,7.0,123.0
1.0,2.0,0.0,0.0,0.0,0.0,1.0,0.0,0.0,1.0,0.0,0.0,0.0,1.0,0.0,0.0,0.0,0.0,0.0,1.0,30.0,2.0,3.0,4.0,9.0,0.0,22.0,0.0,2.0,136.0
0.0,1.0,0.0,0.0,0.0,1.0,0.0,0.0,0.0,1.0,0.0,0.0,0.0,0.0,1.0,0.0,0.0,1.0,0.0,1.0,16.0,3.0,3.0,1.0,2.0,1.0,11.0,1.0,0.0,125.0
1.0,1.0,0.0,0.0,1.0,0.0,0.0,0.0,1.0,0.0,0.0,0.0,0.0,0.0,0.0,1.0,0.0,0.0,3.0,3.0,16.0,3.0,4.0,3.0,2.0,0.0,18.0,0.0,4.0,166.0
0.0,1.0,0.0,0.0,1.0,0.0,0.0,1.0,0.0,0.0,0.0,0.0,0.0,1.0,0.0,0.0,0.0,0.0,13.0,1.0,32.0,3.0,4.0,1.0,4.0,1.0,13.0,0.0,0.0,144.0
1.0,1.0,1.0,0.0,0.0,0.0,0.0,0.0,1.0,0.0,0.0,0.0,0.0,0.0,1.0,0.0,0.0,0.0,8.0,1.0,8.0,2.0,4.0,4.0,3.0,0.0,18.0,2.0,4.0,203.0
1.0,2.0,0.0,0.0,1.0,0.0,0.0,1.0,0.0,0.0,0.0,0.0,0.0,1.0,0.0,0.0,0.0,0.0,7.0,1.0,7.0,3.0,4.0,5.0,1.0,0.0,20.0,0.0,9.0,153.0
1.0,1.0,0.0,0.0,0.0,1.0,0.0,1.0,0.0,0.0,0.0,0.0,0.0,0.0,0.0,0.0,1.0,0.0,8.0,1.0,16.0,2.0,4.0,1.0,2.0,0.0,13.0,1.0,2.0,124.0
0.0,2.0,0.0,0.0,1.0,0.0,0.0,0.0,1.0,0.0,0.0,0.0,0.0,0.0,0.0,1.0,0.0,1.0,6.0,3.0,15.0,2.0,5.0,3.0,9.0,0.0,13.0,0.0,3.0,153.0
0.0,1.0,0.0,0.0,0.0,1.0,0.0,1.0,0.0,0.0,0.0,0.0,0.0,0.0,1.0,0.0,0.0,0.0,5.0,3.0,8.0,3.0,3.0,5.0,2.0,0.0,12.0,1.0,0.0,128.0
0.0,1.0,0.0,0.0,0.0,1.0,0.0,0.0,0.0,1.0,1.0,0.0,0.0,0.0,0.0,0.0,0.0,0.0,2.0,1.0,12.0,3.0,3.0,1.0,2.0,0.0,13.0,0.0,8.0,131.0
1.0,2.0,0.0,0.0,0.0,1.0,0.0,0.0,0.0,1.0,0.0,0.0,0.0,0.0,1.0,0.0,0.0,0.0,0.0,1.0,16.0,2.0,3.0,5.0,2.0,0.0,25.0,0.0,0.0,126.0
0.0,1.0,0.0,0.0,0.0,0.0,1.0,0.0,0.0,1.0,0.0,0.0,0.0,1.0,0.0,0.0,0.0,0.0,18.0,1.0,13.0,2.0,3.0,3.0,5.0,1.0,19.0,0.0,2.0,145.0
0.0,1.0,0.0,0.0,1.0,0.0,0.0,0.0,1.0,0.0,0.0,0.0,0.0,0.0,1.0,0.0,0.0,0.0,10.0,1.0,7.0,2.0,4.0,1.0,2.0,0.0,13.0,0.0,11.0,165.0
1.0,2.0,0.0,0.0,0.0,1.0,0.0,0.0,0.0,1.0,0.0,0.0,0.0,0.0,1.0,0.0,0.0,0.0,0.0,1.0,5.0,3.0,4.0,3.0,2.0,0.0,12.0,0.0,2.0,130.0
1.0,2.0,0.0,0.0,0.0,1.0,0.0,0.0,0.0,1.0,0.0,0.0,0.0,0.0,1.0,0.0,0.0,1.0,7.0,1.0,16.0,3.0,3.0,3.0,2.0,1.0,11.0,1.0,2.0,129.0
0.0,1.0,0.0,0.0,0.0,1.0,0.0,0.0,0.0,1.0,0.0,0.0,0.0,0.0,1.0,0.0,0.0,0.0,10.0,1.0,21.0,3.0,5.0,1.0,1.0,1.0,18.0,1.0,3.0,122.0
1.0,1.0,0.0,0.0,0.0,1.0,0.0,1.0,0.0,0.0,0.0,0.0,0.0,0.0,1.0,0.0,0.0,1.0,0.0,1.0,9.0,3.0,4.0,1.0,1.0,1.0,11.0,0.0,0.0,129.0
1.0,2.0,0.0,0.0,0.0,1.0,0.0,1.0,0.0,0.0,0.0,0.0,0.0,0.0,1.0,0.0,0.0,0.0,10.0,1.0,23.0,3.0,5.0,3.0,3.0,0.0,13.0,1.0,0.0,123.0
1.0,1.0,0.0,0.0,0.0,0.0,1.0,0.0,0.0,1.0,0.0,0.0,0.0,0.0,0.0,0.0,1.0,0.0,6.0,2.0,8.0,3.0,3.0,3.0,2.0,0.0,13.0,1.0,4.0,136.0
1.0,1.0,0.0,0.0,0.0,1.0,0.0,1.0,0.0,0.0,0.0,0.0,0.0,0.0,1.0,0.0,0.0,1.0,10.0,1.0,11.0,3.0,4.0,5.0,7.0,0.0,17.0,0.0,0.0,121.0
1.0,1.0,0.0,0.0,1.0,0.0,0.0,0.0,0.0,1.0,0.0,0.0,0.0,0.0,1.0,0.0,0.0,0.0,3.0,3.0,35.0,3.0,3.0,5.0,9.0,0.0,19.0,1.0,3.0,141.0
1.0,1.0,0.0,0.0,1.0,0.0,0.0,1.0,0.0,0.0,0.0,0.0,0.0,1.0,0.0,0.0,0.0,0.0,13.0,3.0,8.0,3.0,3.0,4.0,6.0,0.0,12.0,1.0,0.0,143.0
1.0,1.0,0.0,0.0,0.0,1.0,0.0,0.0,0.0,1.0,1.0,0.0,0.0,0.0,0.0,0.0,0.0,0.0,1.0,1.0,25.0,3.0,4.0,5.0,2.0,0.0,12.0,1.0,3.0,132.0
1.0,1.0,0.0,0.0,1.0,0.0,0.0,0.0,1.0,0.0,0.0,0.0,0.0,0.0,1.0,0.0,0.0,0.0,8.0,3.0,23.0,3.0,3.0,5.0,4.0,1.0,15.0,0.0,7.0,190.0
0.0,1.0,0.0,0.0,0.0,1.0,0.0,0.0,0.0,1.0,0.0,0.0,0.0,0.0,1.0,0.0,0.0,1.0,10.0,1.0,23.0,3.0,3.0,4.0,2.0,0.0,13.0,1.0,0.0,122.0
0.0,1.0,0.0,0.0,1.0,0.0,0.0,1.0,0.0,0.0,0.0,0.0,0.0,1.0,0.0,0.0,0.0,0.0,6.0,3.0,31.0,2.0,3.0,3.0,2.0,0.0,12.0,0.0,1.0,145.0
1.0,1.0,0.0,0.0,0.0,1.0,0.0,0.0,0.0,1.0,0.0,0.0,0.0,0.0,1.0,0.0,0.0,0.0,9.0,1.0,12.0,3.0,5.0,3.0,2.0,0.0,14.0,1.0,7.0,127.0
1.0,1.0,0.0,0.0,1.0,0.0,0.0,0.0,1.0,0.0,0.0,1.0,0.0,0.0,0.0,0.0,0.0,0.0,19.0,1.0,8.0,2.0,3.0,1.0,3.0,0.0,11.0,0.0,4.0,174.0
0.0,1.0,0.0,0.0,0.0,1.0,0.0,1.0,0.0,0.0,0.0,0.0,0.0,0.0,0.0,0.0,1.0,0.0,5.0,1.0,19.0,3.0,4.0,4.0,2.0,0.0,20.0,2.0,2.0,134.0
0.0,2.0,0.0,0.0,1.0,0.0,0.0,1.0,0.0,0.0,0.0,0.0,0.0,0.0,1.0,0.0,0.0,0.0,5.0,1.0,8.0,2.0,3.0,3.0,5.0,1.0,14.0,1.0,7.0,150.0
1.0,1.0,0.0,0.0,0.0,1.0,0.0,0.0,0.0,1.0,1.0,0.0,0.0,0.0,0.0,0.0,0.0,0.0,6.0,1.0,15.0,3.0,3.0,1.0,1.0,0.0,13.0,0.0,10.0,128.0
0.0,1.0,0.0,0.0,1.0,0.0,0.0,0.0,1.0,0.0,0.0,1.0,0.0,0.0,0.0,0.0,0.0,0.0,13.0,3.0,16.0,2.0,4.0,4.0,8.0,0.0,12.0,1.0,3.0,169.0
1.0,2.0,0.0,0.0,1.0,0.0,0.0,0.0,0.0,1.0,0.0,0.0,0.0,0.0,1.0,0.0,0.0,0.0,0.0,3.0,16.0,2.0,3.0,1.0,1.0,0.0,14.0,1.0,1.0,150.0
1.0,1.0,0.0,0.0,0.0,0.0,1.0,0.0,0.0,1.0,0.0,0.0,0.0,1.0,0.0,0.0,0.0,0.0,3.0,1.0,7.0,3.0,3.0,4.0,1.0,1.0,21.0,3.0,7.0,136.0
0.0,1.0,1.0,0.0,0.0,0.0,0.0,1.0,0.0,0.0,0.0,0.0,0.0,0.0,0.0,1.0,0.0,0.0,8.0,3.0,14.0,3.0,4.0,1.0,5.0,1.0,11.0,3.0,12.0,204.0
0.0,1.0,1.0,0.0,0.0,0.0,0.0,1.0,0.0,0.0,0.0,0.0,0.0,0.0,1.0,0.0,0.0,0.0,27.0,1.0,7.0,2.0,3.0,3.0,8.0,0.0,17.0,0.0,4.0,205.0
0.0,2.0,0.0,0.0,0.0,0.0,1.0,1.0,0.0,0.0,1.0,0.0,0.0,0.0,0.0,0.0,0.0,1.0,10.0,1.0,16.0,3.0,4.0,4.0,2.0,1.0,25.0,0.0,0.0,119.0
0.0,1.0,0.0,0.0,0.0,0.0,1.0,0.0,0.0,1.0,0.0,0.0,0.0,0.0,1.0,0.0,0.0,0.0,2.0,1.0,7.0,3.0,3.0,1.0,2.0,0.0,15.0,1.0,2.0,138.0
1.0,1.0,0.0,0.0,1.0,0.0,0.0,0.0,1.0,0.0,0.0,0.0,0.0,1.0,0.0,0.0,0.0,0.0,4.0,1.0,17.0,3.0,3.0,5.0,2.0,1.0,12.0,1.0,1.0,168.0
0.0,2.0,0.0,0.0,1.0,0.0,0.0,0.0,1.0,0.0,0.0,0.0,0.0,1.0,0.0,0.0,0.0,0.0,4.0,1.0,30.0,3.0,4.0,5.0,2.0,0.0,19.0,1.0,8.0,168.0
0.0,2.0,0.0,0.0,1.0,0.0,0.0,0.0,1.0,0.0,0.0,0.0,0.0,0.0,1.0,0.0,0.0,0.0,30.0,3.0,9.0,2.0,4.0,1.0,6.0,0.0,17.0,0.0,5.0,152.0
1.0,1.0,0.0,0.0,0.0,0.0,1.0,1.0,0.0,0.0,0.0,1.0,0.0,0.0,0.0,0.0,0.0,0.0,9.0,1.0,9.0,2.0,3.0,4.0,2.0,0.0,12.0,0.0,7.0,137.0
1.0,1.0,0.0,0.0,0.0,1.0,0.0,0.0,0.0,1.0,0.0,0.0,0.0,0.0,1.0,0.0,0.0,0.0,0.0,1.0,16.0,3.0,3.0,3.0,2.0,0.0,11.0,1.0,3.0,125.0
1.0,1.0,0.0,0.0,1.0,0.0,0.0,0.0,1.0,0.0,0.0,0.0,0.0,0.0,1.0,0.0,0.0,0.0,2.0,1.0,13.0,2.0,3.0,1.0,2.0,1.0,11.0,1.0,0.0,166.0
1.0,1.0,0.0,0.0,0.0,0.0,1.0,0.0,1.0,0.0,0.0,0.0,0.0,0.0,1.0,0.0,0.0,0.0,10.0,1.0,7.0,2.0,3.0,3.0,2.0,0.0,22.0,1.0,1.0,112.0
1.0,2.0,0.0,0.0,0.0,0.0,1.0,1.0,0.0,0.0,0.0,0.0,0.0,0.0,1.0,0.0,0.0,1.0,0.0,3.0,30.0,3.0,5.0,1.0,2.0,1.0,14.0,1.0,0.0,111.0
1.0,2.0,0.0,0.0,0.0,1.0,0.0,0.0,0.0,1.0,0.0,0.0,0.0,0.0,1.0,0.0,0.0,0.0,0.0,1.0,10.0,3.0,3.0,1.0,2.0,1.0,20.0,2.0,2.0,129.0
0.0,2.0,0.0,0.0,0.0,1.0,0.0,1.0,0.0,0.0,0.0,0.0,0.0,0.0,1.0,0.0,0.0,1.0,0.0,1.0,16.0,2.0,4.0,3.0,2.0,0.0,20.0,1.0,2.0,126.0
0.0,2.0,0.0,0.0,1.0,0.0,0.0,0.0,0.0,1.0,0.0,0.0,0.0,0.0,0.0,1.0,0.0,0.0,7.0,3.0,8.0,2.0,3.0,5.0,1.0,1.0,12.0,1.0,2.0,145.0
1.0,2.0,1.0,0.0,0.0,0.0,0.0,0.0,1.0,0.0,0.0,0.0,0.0,1.0,0.0,0.0,0.0,0.0,30.0,1.0,24.0,3.0,3.0,1.0,7.0,0.0,12.0,3.0,4.0,205.0
0.0,1.0,0.0,0.0,1.0,0.0,0.0,1.0,0.0,0.0,0.0,0.0,0.0,1.0,0.0,0.0,0.0,0.0,7.0,1.0,25.0,2.0,3.0,4.0,5.0,0.0,13.0,0.0,10.0,144.0
1.0,2.0,0.0,0.0,0.0,1.0,0.0,1.0,0.0,0.0,1.0,0.0,0.0,0.0,0.0,0.0,0.0,0.0,10.0,1.0,7.0,2.0,3.0,3.0,1.0,1.0,11.0,1.0,2.0,122.0
1.0,1.0,0.0,0.0,1.0,0.0,0.0,1.0,0.0,0.0,0.0,0.0,0.0,0.0,1.0,0.0,0.0,0.0,7.0,2.0,17.0,2.0,4.0,4.0,5.0,0.0,11.0,0.0,8.0,145.0
1.0,1.0,0.0,0.0,0.0,1.0,0.0,0.0,0.0,1.0,0.0,0.0,0.0,0.0,1.0,0.0,0.0,0.0,8.0,1.0,12.0,3.0,3.0,3.0,1.0,1.0,14.0,1.0,2.0,135.0
0.0,1.0,1.0,0.0,0.0,0.0,0.0,0.0,1.0,0.0,0.0,0.0,0.0,1.0,0.0,0.0,0.0,1.0,7.0,1.0,21.0,3.0,3.0,1.0,2.0,0.0,11.0,0.0,5.0,180.0
1.0,1.0,0.0,0.0,0.0,0.0,1.0,1.0,0.0,0.0,0.0,0.0,0.0,0.0,1.0,0.0,0.0,0.0,1.0,1.0,8.0,2.0,4.0,1.0,2.0,1.0,12.0,0.0,2.0,139.0
0.0,2.0,0.0,0.0,0.0,1.0,0.0,1.0,0.0,0.0,1.0,0.0,0.0,0.0,0.0,0.0,0.0,0.0,24.0,1.0,12.0,3.0,4.0,3.0,1.0,0.0,14.0,3.0,7.0,128.0
0.0,2.0,0.0,0.0,1.0,0.0,0.0,1.0,0.0,0.0,0.0,0.0,0.0,1.0,0.0,0.0,0.0,0.0,3.0,1.0,15.0,3.0,3.0,3.0,8.0,1.0,18.0,0.0,7.0,147.0
1.0,2.0,0.0,0.0,0.0,1.0,0.0,0.0,0.0,1.0,0.0,0.0,1.0,0.0,0.0,0.0,0.0,0.0,10.0,1.0,7.0,2.0,3.0,5.0,3.0,0.0,11.0,1.0,2.0,121.0
0.0,2.0,0.0,0.0,0.0,1.0,0.0,0.0,0.0,1.0,1.0,0.0,0.0,0.0,0.0,0.0,0.0,0.0,10.0,1.0,7.0,2.0,3.0,4.0,2.0,0.0,18.0,1.0,1.0,121.0
1.0,1.0,0.0,0.0,0.0,1.0,0.0,0.0,0.0,1.0,0.0,0.0,0.0,0.0,1.0,0.0,0.0,0.0,30.0,1.0,16.0,2.0,3.0,3.0,2.0,0.0,12.0,1.0,2.0,124.0
1.0,1.0,0.0,0.0,1.0,0.0,0.0,0.0,0.0,1.0,0.0,0.0,0.0,0.0,1.0,0.0,0.0,1.0,0.0,1.0,13.0,3.0,3.0,3.0,2.0,0.0,18.0,0.0,1.0,149.0
1.0,2.0,0.0,0.0,0.0,0.0,1.0,0.0,0.0,1.0,0.0,0.0,0.0,1.0,0.0,0.0,0.0,1.0,2.0,1.0,29.0,3.0,3.0,5.0,1.0,0.0,13.0,0.0,3.0,139.0
0.0,1.0,1.0,0.0,0.0,0.0,0.0,0.0,1.0,0.0,0.0,1.0,0.0,0.0,0.0,0.0,0.0,0.0,9.0,1.0,16.0,3.0,3.0,3.0,4.0,0.0,12.0,1.0,7.0,171.0
0.0,2.0,0.0,0.0,0.0,1.0,0.0,0.0,0.0,1.0,0.0,0.0,0.0,0.0,1.0,0.0,0.0,0.0,19.0,2.0,7.0,2.0,3.0,5.0,7.0,0.0,12.0,2.0,7.0,134.0
1.0,2.0,1.0,0.0,0.0,0.0,0.0,0.0,1.0,0.0,0.0,0.0,0.0,0.0,0.0,1.0,0.0,1.0,3.0,3.0,31.0,2.0,4.0,4.0,3.0,1.0,12.0,1.0,0.0,191.0
0.0,1.0,1.0,0.0,0.0,0.0,0.0,0.0,1.0,0.0,0.0,0.0,0.0,1.0,0.0,0.0,0.0,0.0,3.0,1.0,23.0,3.0,3.0,5.0,2.0,1.0,23.0,1.0,5.0,219.0
1.0,2.0,0.0,0.0,1.0,0.0,0.0,0.0,0.0,1.0,0.0,0.0,0.0,0.0,1.0,0.0,0.0,0.0,12.0,1.0,24.0,2.0,3.0,3.0,1.0,0.0,11.0,1.0,7.0,145.0
1.0,2.0,0.0,0.0,1.0,0.0,0.0,1.0,0.0,0.0,0.0,0.0,0.0,1.0,0.0,0.0,0.0,0.0,14.0,3.0,16.0,2.0,5.0,4.0,2.0,0.0,13.0,3.0,9.0,162.0
0.0,2.0,0.0,0.0,0.0,1.0,0.0,1.0,0.0,0.0,0.0,0.0,0.0,0.0,1.0,0.0,0.0,1.0,10.0,3.0,7.0,2.0,3.0,4.0,2.0,1.0,11.0,2.0,2.0,123.0
1.0,1.0,0.0,0.0,0.0,1.0,0.0,0.0,0.0,1.0,0.0,0.0,0.0,0.0,1.0,0.0,0.0,1.0,7.0,1.0,16.0,2.0,3.0,5.0,5.0,0.0,12.0,1.0,2.0,124.0
1.0,1.0,0.0,0.0,0.0,1.0,0.0,1.0,0.0,0.0,0.0,0.0,0.0,0.0,1.0,0.0,0.0,0.0,13.0,1.0,22.0,3.0,3.0,3.0,10.0,0.0,16.0,1.0,0.0,135.0
1.0,1.0,1.0,0.0,0.0,0.0,0.0,0.0,1.0,0.0,0.0,0.0,0.0,0.0,1.0,0.0,0.0,0.0,7.0,1.0,15.0,2.0,3.0,1.0,1.0,0.0,11.0,0.0,6.0,185.0
1.0,2.0,0.0,0.0,1.0,0.0,0.0,0.0,0.0,1.0,0.0,0.0,0.0,0.0,1.0,0.0,0.0,0.0,13.0,1.0,8.0,3.0,3.0,1.0,2.0,0.0,13.0,3.0,8.0,147.0
0.0,1.0,0.0,0.0,1.0,0.0,0.0,1.0,0.0,0.0,0.0,0.0,0.0,0.0,0.0,1.0,0.0,0.0,14.0,3.0,7.0,3.0,3.0,5.0,1.0,0.0,17.0,0.0,7.0,141.0
1.0,2.0,0.0,0.0,1.0,0.0,0.0,1.0,0.0,0.0,0.0,0.0,0.0,0.0,1.0,0.0,0.0,0.0,8.0,1.0,10.0,2.0,3.0,3.0,2.0,1.0,11.0,1.0,1.0,142.0
0.0,1.0,0.0,0.0,1.0,0.0,0.0,0.0,1.0,0.0,0.0,0.0,0.0,0.0,1.0,0.0,0.0,0.0,11.0,3.0,8.0,2.0,3.0,5.0,4.0,0.0,15.0,0.0,7.0,169.0
1.0,1.0,0.0,0.0,0.0,0.0,1.0,0.0,0.0,1.0,0.0,0.0,0.0,1.0,0.0,0.0,0.0,0.0,0.0,1.0,25.0,3.0,3.0,1.0,4.0,0.0,11.0,0.0,2.0,137.0
0.0,1.0,1.0,0.0,0.0,0.0,0.0,0.0,1.0,0.0,0.0,0.0,0.0,1.0,0.0,0.0,0.0,1.0,20.0,1.0,13.0,2.0,4.0,5.0,8.0,1.0,14.0,1.0,9.0,200.0
1.0,1.0,0.0,0.0,0.0,1.0,0.0,0.0,0.0,1.0,0.0,0.0,0.0,0.0,1.0,0.0,0.0,0.0,13.0,1.0,16.0,2.0,3.0,4.0,4.0,0.0,22.0,1.0,3.0,124.0
1.0,2.0,1.0,0.0,0.0,0.0,0.0,0.0,1.0,0.0,0.0,0.0,0.0,0.0,1.0,0.0,0.0,0.0,21.0,1.0,10.0,2.0,3.0,1.0,2.0,0.0,11.0,1.0,8.0,179.0
0.0,2.0,0.0,0.0,0.0,0.0,1.0,1.0,0.0,0.0,0.0,0.0,0.0,0.0,1.0,0.0,0.0,0.0,10.0,1.0,7.0,3.0,3.0,1.0,2.0,0.0,15.0,1.0,0.0,116.0
0.0,1.0,0.0,0.0,1.0,0.0,0.0,0.0,1.0,0.0,0.0,0.0,0.0,1.0,0.0,0.0,0.0,0.0,8.0,1.0,7.0,2.0,4.0,1.0,1.0,0.0,12.0,0.0,0.0,154.0
1.0,2.0,0.0,0.0,1.0,0.0,0.0,1.0,0.0,0.0,0.0,0.0,0.0,0.0,1.0,0.0,0.0,0.0,0.0,3.0,8.0,2.0,5.0,1.0,4.0,0.0,20.0,0.0,0.0,151.0
0.0,1.0,0.0,0.0,0.0,1.0,0.0,1.0,0.0,0.0,0.0,0.0,1.0,0.0,0.0,0.0,0.0,0.0,10.0,1.0,32.0,3.0,4.0,3.0,2.0,0.0,20.0,1.0,0.0,120.0
0.0,2.0,0.0,0.0,0.0,1.0,0.0,1.0,0.0,0.0,0.0,0.0,0.0,0.0,1.0,0.0,0.0,1.0,0.0,3.0,8.0,3.0,4.0,1.0,8.0,0.0,14.0,0.0,0.0,128.0
0.0,1.0,0.0,0.0,1.0,0.0,0.0,1.0,0.0,0.0,0.0,0.0,0.0,0.0,0.0,1.0,0.0,1.0,0.0,3.0,24.0,3.0,3.0,3.0,1.0,1.0,18.0,0.0,2.0,146.0
1.0,1.0,0.0,0.0,1.0,0.0,0.0,0.0,0.0,1.0,0.0,0.0,0.0,0.0,1.0,0.0,0.0,0.0,1.0,3.0,32.0,2.0,4.0,5.0,2.0,0.0,11.0,1.0,4.0,147.0
1.0,1.0,0.0,0.0,1.0,0.0,0.0,0.0,1.0,0.0,0.0,0.0,0.0,0.0,1.0,0.0,0.0,0.0,12.0,3.0,27.0,2.0,4.0,1.0,4.0,1.0,12.0,0.0,4.0,161.0
1.0,1.0,1.0,0.0,0.0,0.0,0.0,1.0,0.0,0.0,0.0,0.0,0.0,0.0,0.0,1.0,0.0,0.0,24.0,3.0,8.0,2.0,3.0,4.0,3.0,0.0,11.0,3.0,2.0,206.0
0.0,1.0,0.0,0.0,1.0,0.0,0.0,1.0,0.0,0.0,0.0,0.0,0.0,0.0,1.0,0.0,0.0,0.0,14.0,1.0,28.0,3.0,3.0,1.0,4.0,1.0,14.0,2.0,3.0,155.0
1.0,1.0,0.0,0.0,0.0,1.0,0.0,0.0,0.0,1.0,0.0,0.0,0.0,0.0,1.0,0.0,0.0,0.0,10.0,1.0,10.0,3.0,3.0,3.0,8.0,1.0,15.0,1.0,3.0,130.0
1.0,1.0,0.0,0.0,1.0,0.0,0.0,1.0,0.0,0.0,0.0,0.0,0.0,0.0,1.0,0.0,0.0,0.0,6.0,3.0,11.0,3.0,3.0,1.0,7.0,0.0,13.0,1.0,2.0,200.0
1.0,1.0,0.0,0.0,1.0,0.0,0.0,0.0,0.0,1.0,0.0,0.0,0.0,0.0,0.0,1.0,0.0,0.0,5.0,3.0,8.0,2.0,3.0,4.0,1.0,1.0,13.0,1.0,2.0,141.0
1.0,1.0,1.0,0.0,0.0,0.0,0.0,1.0,0.0,0.0,0.0,0.0,0.0,0.0,1.0,0.0,0.0,0.0,12.0,1.0,31.0,3.0,3.0,3.0,4.0,0.0,21.0,0.0,5.0,209.0
0.0,2.0,0.0,0.0,1.0,0.0,0.0,0.0,0.0,1.0,0.0,0.0,0.0,1.0,0.0,0.0,0.0,0.0,16.0,1.0,12.0,3.0,4.0,3.0,2.0,1.0,14.0,0.0,8.0,141.0
0.0,1.0,0.0,0.0,1.0,0.0,0.0,0.0,1.0,0.0,0.0,0.0,0.0,0.0,0.0,1.0,0.0,0.0,0.0,3.0,16.0,3.0,4.0,1.0,2.0,1.0,11.0,1.0,4.0,158.0
1.0,2.0,0.0,0.0,0.0,0.0,1.0,0.0,0.0,1.0,0.0,0.0,0.0,1.0,0.0,0.0,0.0,0.0,0.0,1.0,8.0,2.0,4.0,1.0,1.0,0.0,12.0,1.0,1.0,139.0
0.0,1.0,0.0,0.0,0.0,1.0,0.0,0.0,0.0,1.0,0.0,0.0,0.0,0.0,0.0,0.0,1.0,0.0,25.0,1.0,14.0,3.0,3.0,5.0,10.0,0.0,13.0,1.0,4.0,130.0
0.0,2.0,0.0,0.0,0.0,0.0,1.0,0.0,0.0,1.0,0.0,0.0,0.0,1.0,0.0,0.0,0.0,0.0,10.0,1.0,17.0,3.0,3.0,3.0,5.0,0.0,18.0,1.0,2.0,136.0
1.0,2.0,1.0,0.0,0.0,0.0,0.0,1.0,0.0,0.0,0.0,0.0,0.0,0.0,1.0,0.0,0.0,0.0,8.0,1.0,24.0,2.0,3.0,1.0,3.0,0.0,11.0,2.0,2.0,194.0
1.0,1.0,0.0,0.0,0.0,1.0,0.0,0.0,0.0,1.0,0.0,1.0,0.0,0.0,0.0,0.0,0.0,0.0,0.0,1.0,7.0,2.0,3.0,1.0,5.0,0.0,11.0,0.0,2.0,132.0
1.0,2.0,1.0,0.0,0.0,0.0,0.0,0.0,1.0,0.0,0.0,0.0,0.0,0.0,0.0,0.0,1.0,0.0,2.0,2.0,23.0,2.0,4.0,5.0,2.0,0.0,13.0,0.0,9.0,180.0
1.0,2.0,0.0,0.0,1.0,0.0,0.0,1.0,0.0,0.0,0.0,0.0,0.0,0.0,1.0,0.0,0.0,1.0,12.0,1.0,34.0,3.0,4.0,5.0,4.0,0.0,20.0,0.0,3.0,143.0
0.0,2.0,0.0,0.0,1.0,0.0,0.0,0.0,1.0,0.0,0.0,0.0,0.0,0.0,0.0,1.0,0.0,0.0,9.0,3.0,9.0,3.0,3.0,4.0,4.0,1.0,16.0,0.0,1.0,193.0
0.0,2.0,0.0,0.0,0.0,0.0,1.0,1.0,0.0,0.0,0.0,0.0,0.0,0.0,1.0,0.0,0.0,1.0,10.0,3.0,7.0,2.0,5.0,3.0,2.0,0.0,12.0,0.0,0.0,114.0
0.0,1.0,0.0,0.0,1.0,0.0,0.0,0.0,0.0,1.0,0.0,0.0,0.0,0.0,0.0,1.0,0.0,0.0,3.0,3.0,13.0,3.0,3.0,5.0,8.0,0.0,14.0,1.0,2.0,148.0
1.0,1.0,0.0,0.0,0.0,1.0,0.0,1.0,0.0,0.0,0.0,0.0,0.0,0.0,0.0,0.0,1.0,0.0,7.0,1.0,7.0,3.0,3.0,5.0,6.0,0.0,14.0,1.0,3.0,130.0
0.0,2.0,0.0,0.0,0.0,0.0,1.0,0.0,1.0,0.0,0.0,0.0,0.0,0.0,1.0,0.0,0.0,1.0,10.0,1.0,14.0,2.0,4.0,4.0,2.0,0.0,12.0,0.0,0.0,113.0
1.0,1.0,0.0,0.0,0.0,1.0,0.0,0.0,0.0,1.0,0.0,0.0,0.0,0.0,1.0,0.0,0.0,0.0,10.0,1.0,17.0,3.0,3.0,5.0,1.0,0.0,14.0,1.0,4.0,121.0
1.0,2.0,0.0,0.0,1.0,0.0,0.0,0.0,1.0,0.0,0.0,0.0,0.0,0.0,1.0,0.0,0.0,0.0,9.0,1.0,10.0,2.0,4.0,1.0,2.0,0.0,16.0,0.0,8.0,158.0
0.0,1.0,0.0,0.0,1.0,0.0,0.0,0.0,1.0,0.0,0.0,0.0,0.0,0.0,0.0,1.0,0.0,0.0,9.0,3.0,22.0,3.0,4.0,5.0,5.0,0.0,13.0,1.0,2.0,156.0
1.0,1.0,0.0,0.0,0.0,1.0,0.0,0.0,0.0,1.0,0.0,1.0,0.0,0.0,0.0,0.0,0.0,0.0,20.0,1.0,7.0,3.0,3.0,1.0,8.0,0.0,12.0,1.0,2.0,134.0
1.0,1.0,0.0,0.0,0.0,0.0,1.0,0.0,0.0,1.0,0.0,0.0,0.0,0.0,1.0,0.0,0.0,1.0,0.0,3.0,15.0,3.0,4.0,5.0,4.0,0.0,12.0,2.0,2.0,144.0
0.0,1.0,0.0,0.0,0.0,1.0,0.0,0.0,0.0,1.0,0.0,0.0,0.0,0.0,1.0,0.0,0.0,0.0,10.0,1.0,7.0,2.0,3.0,5.0,3.0,0.0,22.0,0.0,0.0,121.0
0.0,1.0,0.0,0.0,1.0,0.0,0.0,0.0,0.0,1.0,0.0,0.0,0.0,1.0,0.0,0.0,0.0,0.0,0.0,3.0,10.0,2.0,3.0,3.0,2.0,1.0,12.0,1.0,3.0,142.0
1.0,1.0,0.0,0.0,1.0,0.0,0.0,0.0,1.0,0.0,0.0,0.0,0.0,0.0,0.0,1.0,0.0,0.0,5.0,3.0,13.0,3.0,3.0,1.0,5.0,0.0,12.0,0.0,3.0,192.0
0.0,1.0,0.0,0.0,0.0,1.0,0.0,0.0,0.0,1.0,0.0,0.0,0.0,0.0,1.0,0.0,0.0,0.0,7.0,1.0,7.0,2.0,4.0,4.0,6.0,0.0,17.0,1.0,2.0,133.0
1.0,1.0,0.0,0.0,1.0,0.0,0.0,1.0,0.0,0.0,0.0,0.0,0.0,0.0,0.0,0.0,1.0,0.0,13.0,1.0,15.0,2.0,3.0,3.0,4.0,0.0,11.0,0.0,7.0,140.0
1.0,1.0,1.0,0.0,0.0,0.0,0.0,0.0,1.0,0.0,0.0,0.0,0.0,0.0,1.0,0.0,0.0,0.0,4.0,3.0,14.0,2.0,3.0,1.0,2.0,0.0,18.0,2.0,9.0,208.0
0.0,2.0,0.0,0.0,0.0,0.0,1.0,1.0,0.0,0.0,0.0,0.0,0.0,0.0,1.0,0.0,0.0,1.0,2.0,1.0,8.0,2.0,4.0,5.0,3.0,1.0,23.0,0.0,0.0,136.0
1.0,1.0,1.0,0.0,0.0,0.0,0.0,0.0,1.0,0.0,0.0,0.0,0.0,1.0,0.0,0.0,0.0,0.0,18.0,1.0,26.0,3.0,5.0,5.0,3.0,1.0,18.0,1.0,7.0,209.0
1.0,1.0,0.0,0.0,0.0,0.0,1.0,1.0,0.0,0.0,0.0,0.0,0.0,0.0,1.0,0.0,0.0,1.0,0.0,1.0,8.0,3.0,3.0,1.0,7.0,1.0,13.0,0.0,2.0,137.0
1.0,1.0,1.0,0.0,0.0,0.0,0.0,0.0,1.0,0.0,0.0,0.0,1.0,0.0,0.0,0.0,0.0,0.0,18.0,1.0,35.0,2.0,3.0,1.0,5.0,1.0,18.0,1.0,2.0,194.0
1.0,1.0,0.0,0.0,1.0,0.0,0.0,0.0,1.0,0.0,0.0,0.0,0.0,0.0,0.0,1.0,0.0,0.0,21.0,3.0,13.0,3.0,3.0,5.0,5.0,0.0,11.0,0.0,2.0,155.0
0.0,1.0,0.0,0.0,0.0,1.0,0.0,0.0,0.0,1.0,0.0,1.0,0.0,0.0,0.0,0.0,0.0,1.0,0.0,2.0,15.0,3.0,3.0,3.0,2.0,0.0,15.0,2.0,2.0,127.0
1.0,2.0,0.0,0.0,1.0,0.0,0.0,0.0,1.0,0.0,0.0,0.0,0.0,1.0,0.0,0.0,0.0,0.0,1.0,3.0,11.0,2.0,3.0,5.0,1.0,0.0,18.0,0.0,3.0,185.0
1.0,2.0,0.0,0.0,0.0,1.0,0.0,1.0,0.0,0.0,0.0,0.0,0.0,0.0,1.0,0.0,0.0,0.0,17.0,1.0,11.0,2.0,4.0,3.0,4.0,0.0,14.0,0.0,3.0,132.0
1.0,1.0,0.0,0.0,1.0,0.0,0.0,0.0,1.0,0.0,0.0,1.0,0.0,0.0,0.0,0.0,0.0,0.0,22.0,1.0,11.0,3.0,3.0,3.0,3.0,0.0,14.0,0.0,2.0,167.0
1.0,1.0,0.0,0.0,0.0,1.0,0.0,0.0,0.0,1.0,1.0,0.0,0.0,0.0,0.0,0.0,0.0,0.0,13.0,1.0,16.0,3.0,3.0,3.0,3.0,0.0,14.0,1.0,2.0,123.0
1.0,2.0,0.0,0.0,0.0,1.0,0.0,0.0,0.0,1.0,0.0,0.0,0.0,0.0,1.0,0.0,0.0,0.0,17.0,1.0,26.0,2.0,3.0,4.0,2.0,0.0,13.0,1.0,3.0,134.0
1.0,1.0,0.0,0.0,1.0,0.0,0.0,1.0,0.0,0.0,0.0,0.0,0.0,1.0,0.0,0.0,0.0,0.0,6.0,3.0,13.0,2.0,3.0,5.0,1.0,0.0,14.0,1.0,3.0,144.0
1.0,2.0,0.0,0.0,1.0,0.0,0.0,0.0,0.0,1.0,0.0,0.0,0.0,0.0,0.0,0.0,1.0,0.0,7.0,3.0,9.0,2.0,5.0,5.0,4.0,0.0,18.0,2.0,12.0,148.0
1.0,1.0,0.0,0.0,1.0,0.0,0.0,0.0,1.0,0.0,0.0,0.0,0.0,0.0,1.0,0.0,0.0,0.0,3.0,3.0,22.0,3.0,3.0,3.0,9.0,0.0,15.0,1.0,2.0,153.0
0.0,2.0,0.0,0.0,0.0,0.0,1.0,1.0,0.0,0.0,0.0,0.0,0.0,1.0,0.0,0.0,0.0,0.0,15.0,1.0,15.0,3.0,3.0,1.0,2.0,0.0,13.0,0.0,8.0,137.0
0.0,1.0,0.0,0.0,1.0,0.0,0.0,1.0,0.0,0.0,0.0,0.0,0.0,0.0,0.0,1.0,0.0,0.0,17.0,3.0,7.0,3.0,3.0,3.0,8.0,0.0,12.0,0.0,0.0,148.0
1.0,1.0,0.0,0.0,0.0,0.0,1.0,1.0,0.0,0.0,0.0,0.0,1.0,0.0,0.0,0.0,0.0,0.0,10.0,1.0,13.0,3.0,3.0,3.0,2.0,0.0,13.0,0.0,0.0,113.0
1.0,1.0,1.0,0.0,0.0,0.0,0.0,0.0,1.0,0.0,0.0,0.0,0.0,0.0,1.0,0.0,0.0,0.0,22.0,1.0,13.0,2.0,3.0,4.0,4.0,0.0,14.0,0.0,7.0,205.0
1.0,1.0,0.0,0.0,0.0,1.0,0.0,1.0,0.0,0.0,0.0,1.0,0.0,0.0,0.0,0.0,0.0,1.0,0.0,3.0,7.0,3.0,3.0,3.0,4.0,0.0,15.0,1.0,2.0,129.0
0.0,2.0,0.0,0.0,1.0,0.0,0.0,1.0,0.0,0.0,0.0,1.0,0.0,0.0,0.0,0.0,0.0,1.0,0.0,3.0,19.0,2.0,3.0,4.0,6.0,0.0,11.0,1.0,0.0,158.0
1.0,1.0,0.0,0.0,0.0,1.0,0.0,0.0,0.0,1.0,0.0,0.0,0.0,0.0,1.0,0.0,0.0,0.0,8.0,3.0,16.0,3.0,3.0,3.0,2.0,0.0,13.0,0.0,0.0,124.0
1.0,2.0,0.0,0.0,0.0,1.0,0.0,1.0,0.0,0.0,1.0,0.0,0.0,0.0,0.0,0.0,0.0,1.0,0.0,1.0,15.0,2.0,3.0,5.0,3.0,1.0,11.0,0.0,0.0,132.0
0.0,1.0,0.0,0.0,0.0,1.0,0.0,1.0,0.0,0.0,0.0,0.0,0.0,0.0,1.0,0.0,0.0,0.0,10.0,3.0,19.0,3.0,3.0,4.0,2.0,0.0,13.0,0.0,0.0,120.0
1.0,2.0,1.0,0.0,0.0,0.0,0.0,1.0,0.0,0.0,0.0,0.0,0.0,1.0,0.0,0.0,0.0,0.0,17.0,1.0,8.0,2.0,3.0,3.0,6.0,1.0,18.0,2.0,2.0,202.0
1.0,1.0,0.0,0.0,1.0,0.0,0.0,0.0,1.0,0.0,0.0,0.0,0.0,0.0,1.0,0.0,0.0,0.0,2.0,3.0,25.0,3.0,4.0,3.0,2.0,0.0,14.0,1.0,4.0,186.0
1.0,1.0,0.0,0.0,0.0,1.0,0.0,0.0,0.0,1.0,0.0,0.0,0.0,0.0,1.0,0.0,0.0,0.0,10.0,2.0,7.0,2.0,3.0,3.0,1.0,0.0,21.0,0.0,3.0,121.0
1.0,1.0,0.0,0.0,1.0,0.0,0.0,0.0,0.0,1.0,0.0,0.0,0.0,0.0,1.0,0.0,0.0,0.0,28.0,1.0,10.0,1.0,3.0,3.0,1.0,1.0,16.0,1.0,2.0,140.0
0.0,1.0,0.0,0.0,0.0,0.0,1.0,0.0,0.0,1.0,0.0,0.0,0.0,1.0,0.0,0.0,0.0,0.0,6.0,1.0,10.0,2.0,4.0,4.0,9.0,0.0,11.0,1.0,2.0,138.0
0.0,1.0,0.0,0.0,1.0,0.0,0.0,0.0,0.0,1.0,0.0,0.0,0.0,1.0,0.0,0.0,0.0,0.0,20.0,3.0,20.0,3.0,3.0,3.0,4.0,1.0,17.0,1.0,2.0,146.0
1.0,2.0,0.0,0.0,0.0,1.0,0.0,1.0,0.0,0.0,1.0,0.0,0.0,0.0,0.0,0.0,0.0,1.0,0.0,1.0,16.0,2.0,4.0,5.0,8.0,0.0,11.0,1.0,0.0,126.0
1.0,1.0,0.0,0.0,0.0,0.0,1.0,0.0,1.0,0.0,0.0,0.0,0.0,0.0,1.0,0.0,0.0,0.0,10.0,1.0,7.0,3.0,4.0,3.0,2.0,0.0,14.0,0.0,0.0,116.0
1.0,2.0,0.0,0.0,1.0,0.0,0.0,1.0,0.0,0.0,0.0,0.0,0.0,0.0,1.0,0.0,0.0,0.0,1.0,3.0,13.0,2.0,3.0,5.0,1.0,0.0,14.0,1.0,3.0,149.0
0.0,1.0,0.0,0.0,1.0,0.0,0.0,0.0,0.0,1.0,0.0,0.0,0.0,1.0,0.0,0.0,0.0,0.0,22.0,1.0,9.0,2.0,4.0,5.0,5.0,0.0,25.0,0.0,2.0,148.0
0.0,1.0,0.0,0.0,0.0,1.0,0.0,1.0,0.0,0.0,0.0,0.0,0.0,0.0,1.0,0.0,0.0,0.0,2.0,1.0,8.0,3.0,3.0,4.0,1.0,0.0,13.0,1.0,2.0,132.0
1.0,1.0,0.0,0.0,1.0,0.0,0.0,0.0,1.0,0.0,0.0,0.0,0.0,0.0,1.0,0.0,0.0,0.0,1.0,1.0,35.0,3.0,5.0,4.0,2.0,0.0,14.0,0.0,7.0,165.0
1.0,2.0,0.0,0.0,1.0,0.0,0.0,0.0,1.0,0.0,0.0,0.0,0.0,0.0,1.0,0.0,0.0,0.0,6.0,1.0,14.0,3.0,3.0,3.0,3.0,1.0,17.0,1.0,0.0,164.0
1.0,2.0,1.0,0.0,0.0,0.0,0.0,0.0,1.0,0.0,0.0,0.0,0.0,1.0,0.0,0.0,0.0,0.0,5.0,1.0,16.0,3.0,3.0,1.0,3.0,0.0,25.0,0.0,5.0,212.0
1.0,2.0,0.0,0.0,0.0,1.0,0.0,0.0,0.0,1.0,0.0,1.0,0.0,0.0,0.0,0.0,0.0,1.0,0.0,1.0,16.0,3.0,4.0,5.0,7.0,0.0,13.0,1.0,7.0,124.0
0.0,2.0,1.0,0.0,0.0,0.0,0.0,0.0,1.0,0.0,0.0,0.0,0.0,0.0,1.0,0.0,0.0,0.0,12.0,1.0,12.0,2.0,3.0,4.0,5.0,0.0,18.0,2.0,2.0,184.0
0.0,2.0,1.0,0.0,0.0,0.0,0.0,0.0,1.0,0.0,0.0,0.0,0.0,0.0,1.0,0.0,0.0,0.0,8.0,1.0,22.0,3.0,4.0,4.0,2.0,0.0,19.0,3.0,3.0,186.0
1.0,2.0,0.0,0.0,1.0,0.0,0.0,0.0,0.0,1.0,0.0,0.0,0.0,0.0,1.0,0.0,0.0,0.0,10.0,1.0,26.0,3.0,3.0,3.0,1.0,0.0,14.0,1.0,2.0,123.0
1.0,2.0,0.0,0.0,0.0,1.0,0.0,0.0,1.0,0.0,0.0,0.0,0.0,0.0,1.0,0.0,0.0,1.0,10.0,1.0,15.0,2.0,3.0,5.0,4.0,0.0,14.0,1.0,0.0,120.0
0.0,2.0,0.0,0.0,0.0,0.0,1.0,1.0,0.0,0.0,0.0,0.0,0.0,0.0,1.0,0.0,0.0,1.0,0.0,1.0,9.0,2.0,3.0,3.0,2.0,0.0,12.0,2.0,7.0,141.0
1.0,1.0,0.0,0.0,0.0,1.0,0.0,0.0,0.0,1.0,0.0,1.0,0.0,0.0,0.0,0.0,0.0,0.0,10.0,3.0,13.0,2.0,3.0,3.0,1.0,1.0,25.0,3.0,7.0,123.0
1.0,1.0,0.0,0.0,0.0,0.0,1.0,0.0,0.0,1.0,0.0,0.0,0.0,1.0,0.0,0.0,0.0,0.0,15.0,1.0,8.0,3.0,4.0,4.0,5.0,0.0,14.0,0.0,0.0,148.0
1.0,1.0,0.0,0.0,1.0,0.0,0.0,0.0,0.0,1.0,0.0,0.0,0.0,1.0,0.0,0.0,0.0,0.0,10.0,1.0,19.0,2.0,3.0,1.0,2.0,0.0,17.0,2.0,7.0,143.0
0.0,1.0,0.0,0.0,1.0,0.0,0.0,0.0,1.0,0.0,0.0,0.0,0.0,0.0,0.0,0.0,1.0,0.0,2.0,1.0,14.0,2.0,5.0,5.0,4.0,0.0,13.0,1.0,7.0,197.0
1.0,2.0,0.0,0.0,1.0,0.0,0.0,0.0,0.0,1.0,0.0,0.0,0.0,0.0,1.0,0.0,0.0,0.0,6.0,1.0,31.0,2.0,4.0,4.0,2.0,0.0,13.0,1.0,2.0,143.0
1.0,1.0,0.0,0.0,0.0,1.0,0.0,0.0,0.0,1.0,0.0,0.0,1.0,0.0,0.0,0.0,0.0,0.0,10.0,1.0,34.0,3.0,3.0,1.0,5.0,0.0,20.0,1.0,3.0,121.0
1.0,1.0,0.0,0.0,0.0,1.0,0.0,0.0,0.0,1.0,0.0,1.0,0.0,0.0,0.0,0.0,0.0,0.0,10.0,1.0,27.0,2.0,4.0,5.0,1.0,0.0,14.0,0.0,0.0,123.0
1.0,1.0,0.0,0.0,1.0,0.0,0.0,1.0,0.0,0.0,0.0,0.0,0.0,0.0,1.0,0.0,0.0,0.0,13.0,1.0,14.0,3.0,3.0,1.0,4.0,1.0,18.0,1.0,2.0,141.0
1.0,1.0,1.0,0.0,0.0,0.0,0.0,0.0,1.0,0.0,0.0,1.0,0.0,0.0,0.0,0.0,0.0,0.0,18.0,1.0,7.0,3.0,3.0,4.0,2.0,0.0,12.0,3.0,7.0,174.0
0.0,1.0,0.0,0.0,0.0,1.0,0.0,0.0,0.0,1.0,0.0,0.0,0.0,0.0,1.0,0.0,0.0,0.0,8.0,3.0,16.0,3.0,4.0,3.0,1.0,0.0,23.0,2.0,2.0,124.0
0.0,1.0,0.0,0.0,1.0,0.0,0.0,0.0,1.0,0.0,0.0,0.0,0.0,0.0,1.0,0.0,0.0,0.0,5.0,1.0,11.0,3.0,4.0,4.0,4.0,0.0,12.0,1.0,5.0,159.0
1.0,2.0,0.0,0.0,0.0,1.0,0.0,0.0,0.0,1.0,0.0,0.0,0.0,0.0,1.0,0.0,0.0,0.0,9.0,3.0,16.0,3.0,3.0,1.0,4.0,1.0,21.0,1.0,2.0,126.0
1.0,1.0,0.0,0.0,1.0,0.0,0.0,0.0,1.0,0.0,0.0,0.0,0.0,0.0,1.0,0.0,0.0,0.0,6.0,3.0,14.0,2.0,3.0,5.0,3.0,0.0,13.0,2.0,2.0,164.0
1.0,1.0,0.0,0.0,1.0,0.0,0.0,0.0,1.0,0.0,0.0,0.0,0.0,0.0,1.0,0.0,0.0,1.0,0.0,3.0,7.0,3.0,4.0,5.0,2.0,0.0,11.0,1.0,7.0,197.0
1.0,1.0,0.0,0.0,1.0,0.0,0.0,1.0,0.0,0.0,0.0,0.0,0.0,0.0,0.0,0.0,1.0,0.0,11.0,2.0,16.0,3.0,3.0,3.0,4.0,0.0,11.0,0.0,2.0,161.0
1.0,2.0,0.0,0.0,0.0,1.0,0.0,0.0,0.0,1.0,1.0,0.0,0.0,0.0,0.0,0.0,0.0,0.0,8.0,1.0,16.0,3.0,4.0,5.0,2.0,0.0,19.0,1.0,2.0,125.0
1.0,1.0,1.0,0.0,0.0,0.0,0.0,0.0,1.0,0.0,0.0,1.0,0.0,0.0,0.0,0.0,0.0,0.0,7.0,3.0,35.0,2.0,3.0,4.0,4.0,0.0,12.0,1.0,3.0,193.0
0.0,1.0,0.0,0.0,0.0,1.0,0.0,0.0,0.0,1.0,0.0,0.0,0.0,0.0,1.0,0.0,0.0,1.0,10.0,1.0,8.0,3.0,3.0,5.0,2.0,1.0,12.0,1.0,0.0,121.0
0.0,1.0,1.0,0.0,0.0,0.0,0.0,0.0,1.0,0.0,0.0,0.0,1.0,0.0,0.0,0.0,0.0,1.0,16.0,1.0,8.0,3.0,4.0,1.0,1.0,0.0,16.0,0.0,9.0,202.0
1.0,1.0,0.0,0.0,1.0,0.0,0.0,0.0,0.0,1.0,0.0,0.0,0.0,1.0,0.0,0.0,0.0,1.0,1.0,1.0,8.0,2.0,3.0,4.0,5.0,0.0,11.0,1.0,4.0,149.0
1.0,1.0,0.0,0.0,1.0,0.0,0.0,1.0,0.0,0.0,0.0,1.0,0.0,0.0,0.0,0.0,0.0,0.0,5.0,1.0,7.0,3.0,3.0,5.0,5.0,0.0,14.0,0.0,2.0,141.0
1.0,2.0,0.0,0.0,0.0,1.0,0.0,0.0,0.0,1.0,1.0,0.0,0.0,0.0,0.0,0.0,0.0,0.0,7.0,1.0,13.0,3.0,3.0,1.0,2.0,0.0,13.0,0.0,0.0,130.0
1.0,1.0,0.0,0.0,1.0,0.0,0.0,0.0,1.0,0.0,0.0,0.0,0.0,0.0,1.0,0.0,0.0,0.0,7.0,1.0,7.0,2.0,3.0,1.0,10.0,0.0,17.0,0.0,1.0,155.0
0.0,1.0,0.0,0.0,0.0,1.0,0.0,0.0,0.0,1.0,0.0,0.0,0.0,0.0,1.0,0.0,0.0,0.0,10.0,1.0,9.0,2.0,3.0,1.0,2.0,0.0,21.0,1.0,0.0,121.0
1.0,1.0,0.0,0.0,1.0,0.0,0.0,0.0,1.0,0.0,0.0,0.0,0.0,0.0,1.0,0.0,0.0,0.0,11.0,3.0,20.0,3.0,3.0,4.0,1.0,0.0,11.0,3.0,7.0,199.0
0.0,2.0,0.0,0.0,1.0,0.0,0.0,0.0,0.0,1.0,0.0,0.0,0.0,0.0,1.0,0.0,0.0,0.0,11.0,3.0,22.0,2.0,3.0,4.0,3.0,0.0,12.0,1.0,2.0,142.0
0.0,2.0,0.0,0.0,1.0,0.0,0.0,0.0,1.0,0.0,0.0,0.0,0.0,0.0,1.0,0.0,0.0,0.0,9.0,3.0,7.0,3.0,3.0,3.0,7.0,0.0,13.0,1.0,0.0,168.0
1.0,2.0,0.0,0.0,0.0,0.0,1.0,0.0,0.0,1.0,0.0,0.0,0.0,1.0,0.0,0.0,0.0,0.0,2.0,1.0,9.0,2.0,3.0,5.0,2.0,1.0,18.0,0.0,5.0,147.0
0.0,2.0,0.0,0.0,1.0,0.0,0.0,0.0,1.0,0.0,0.0,0.0,0.0,1.0,0.0,0.0,0.0,0.0,8.0,1.0,16.0,2.0,3.0,3.0,4.0,1.0,16.0,0.0,4.0,161.0
1.0,1.0,0.0,0.0,1.0,0.0,0.0,1.0,0.0,0.0,0.0,0.0,0.0,0.0,1.0,0.0,0.0,0.0,2.0,1.0,8.0,2.0,3.0,1.0,2.0,0.0,19.0,1.0,3.0,189.0
1.0,1.0,0.0,0.0,1.0,0.0,0.0,1.0,0.0,0.0,0.0,1.0,0.0,0.0,0.0,0.0,0.0,0.0,7.0,1.0,16.0,3.0,4.0,3.0,2.0,0.0,14.0,1.0,7.0,151.0
0.0,1.0,0.0,0.0,1.0,0.0,0.0,0.0,0.0,1.0,0.0,0.0,0.0,0.0,1.0,0.0,0.0,0.0,13.0,3.0,20.0,2.0,3.0,5.0,2.0,0.0,15.0,0.0,2.0,146.0
1.0,1.0,0.0,0.0,0.0,1.0,0.0,0.0,0.0,1.0,0.0,0.0,0.0,0.0,1.0,0.0,0.0,0.0,8.0,1.0,13.0,3.0,4.0,1.0,2.0,0.0,18.0,1.0,1.0,127.0
1.0,1.0,0.0,0.0,0.0,1.0,0.0,0.0,0.0,1.0,1.0,0.0,0.0,0.0,0.0,0.0,0.0,1.0,0.0,1.0,16.0,2.0,3.0,4.0,2.0,1.0,17.0,0.0,0.0,124.0
0.0,1.0,0.0,0.0,0.0,1.0,0.0,1.0,0.0,0.0,0.0,0.0,0.0,0.0,0.0,0.0,1.0,0.0,0.0,1.0,32.0,3.0,4.0,3.0,2.0,1.0,14.0,1.0,3.0,128.0
1.0,1.0,0.0,1.0,0.0,0.0,0.0,1.0,0.0,0.0,0.0,0.0,0.0,1.0,0.0,0.0,0.0,0.0,23.0,1.0,26.0,2.0,3.0,3.0,3.0,1.0,15.0,0.0,5.0,212.0
1.0,1.0,0.0,0.0,0.0,1.0,0.0,0.0,0.0,1.0,1.0,0.0,0.0,0.0,0.0,0.0,0.0,0.0,10.0,1.0,13.0,2.0,4.0,4.0,2.0,0.0,12.0,1.0,1.0,121.0
0.0,2.0,0.0,0.0,1.0,0.0,0.0,0.0,1.0,0.0,0.0,0.0,0.0,1.0,0.0,0.0,0.0,0.0,18.0,1.0,11.0,2.0,5.0,5.0,2.0,1.0,14.0,0.0,4.0,158.0
1.0,1.0,0.0,0.0,1.0,0.0,0.0,1.0,0.0,0.0,0.0,0.0,0.0,0.0,0.0,1.0,0.0,0.0,18.0,3.0,32.0,2.0,4.0,5.0,2.0,0.0,15.0,3.0,5.0,144.0
1.0,2.0,0.0,0.0,1.0,0.0,0.0,1.0,0.0,0.0,0.0,0.0,0.0,0.0,0.0,0.0,1.0,0.0,4.0,3.0,8.0,2.0,3.0,5.0,8.0,0.0,13.0,1.0,3.0,153.0
0.0,1.0,0.0,0.0,1.0,0.0,0.0,0.0,0.0,1.0,0.0,0.0,0.0,0.0,1.0,0.0,0.0,0.0,9.0,1.0,18.0,3.0,3.0,3.0,10.0,1.0,12.0,0.0,1.0,147.0
0.0,1.0,0.0,0.0,0.0,1.0,0.0,0.0,0.0,1.0,0.0,0.0,0.0,0.0,1.0,0.0,0.0,0.0,22.0,1.0,31.0,2.0,3.0,5.0,2.0,0.0,14.0,1.0,4.0,132.0
1.0,1.0,0.0,0.0,1.0,0.0,0.0,0.0,1.0,0.0,0.0,0.0,0.0,1.0,0.0,0.0,0.0,0.0,12.0,1.0,16.0,3.0,3.0,5.0,3.0,0.0,13.0,3.0,7.0,154.0
1.0,1.0,0.0,0.0,0.0,0.0,1.0,0.0,0.0,1.0,0.0,0.0,0.0,0.0,0.0,0.0,1.0,0.0,0.0,1.0,25.0,3.0,4.0,5.0,2.0,0.0,11.0,0.0,7.0,141.0
0.0,1.0,0.0,0.0,1.0,0.0,0.0,0.0,0.0,1.0,0.0,0.0,0.0,1.0,0.0,0.0,0.0,0.0,1.0,1.0,33.0,2.0,5.0,5.0,1.0,0.0,21.0,1.0,0.0,149.0
1.0,2.0,0.0,0.0,0.0,1.0,0.0,0.0,0.0,1.0,1.0,0.0,0.0,0.0,0.0,0.0,0.0,0.0,0.0,1.0,11.0,3.0,3.0,1.0,2.0,0.0,18.0,0.0,2.0,131.0
0.0,2.0,0.0,0.0,0.0,0.0,1.0,1.0,0.0,0.0,0.0,0.0,0.0,1.0,0.0,0.0,0.0,1.0,10.0,3.0,9.0,3.0,3.0,1.0,2.0,1.0,12.0,1.0,0.0,116.0
1.0,1.0,0.0,0.0,1.0,0.0,0.0,0.0,0.0,1.0,1.0,0.0,0.0,0.0,0.0,0.0,0.0,0.0,12.0,1.0,9.0,3.0,4.0,3.0,1.0,0.0,15.0,0.0,7.0,131.0
0.0,1.0,0.0,0.0,1.0,0.0,0.0,1.0,0.0,0.0,0.0,0.0,0.0,0.0,1.0,0.0,0.0,0.0,8.0,1.0,14.0,2.0,3.0,3.0,2.0,0.0,12.0,0.0,9.0,141.0
1.0,1.0,0.0,0.0,1.0,0.0,0.0,0.0,1.0,0.0,0.0,0.0,0.0,0.0,1.0,0.0,0.0,0.0,10.0,1.0,25.0,2.0,3.0,3.0,4.0,0.0,17.0,0.0,2.0,158.0
0.0,2.0,0.0,0.0,1.0,0.0,0.0,1.0,0.0,0.0,0.0,0.0,0.0,1.0,0.0,0.0,0.0,0.0,12.0,1.0,10.0,2.0,3.0,3.0,1.0,0.0,13.0,3.0,8.0,150.0
0.0,1.0,0.0,0.0,1.0,0.0,0.0,0.0,1.0,0.0,0.0,0.0,0.0,0.0,0.0,0.0,1.0,0.0,18.0,1.0,8.0,2.0,4.0,1.0,2.0,0.0,19.0,3.0,9.0,158.0
0.0,1.0,1.0,0.0,0.0,0.0,0.0,0.0,1.0,0.0,0.0,0.0,0.0,1.0,0.0,0.0,0.0,0.0,11.0,1.0,8.0,2.0,4.0,3.0,4.0,1.0,19.0,0.0,2.0,178.0
1.0,1.0,1.0,0.0,0.0,0.0,0.0,0.0,1.0,0.0,0.0,0.0,0.0,1.0,0.0,0.0,0.0,1.0,0.0,3.0,16.0,2.0,4.0,5.0,10.0,0.0,17.0,0.0,0.0,203.0
0.0,2.0,1.0,0.0,0.0,0.0,0.0,0.0,1.0,0.0,0.0,0.0,0.0,0.0,1.0,0.0,0.0,0.0,13.0,1.0,22.0,2.0,3.0,1.0,7.0,1.0,15.0,3.0,3.0,179.0
1.0,1.0,0.0,0.0,1.0,0.0,0.0,1.0,0.0,0.0,0.0,0.0,0.0,0.0,0.0,0.0,1.0,0.0,17.0,2.0,7.0,2.0,3.0,1.0,5.0,1.0,11.0,1.0,2.0,157.0
1.0,1.0,0.0,0.0,1.0,0.0,0.0,0.0,1.0,0.0,0.0,0.0,0.0,1.0,0.0,0.0,0.0,1.0,0.0,3.0,21.0,2.0,5.0,1.0,7.0,1.0,14.0,0.0,2.0,154.0
0.0,2.0,0.0,0.0,0.0,0.0,1.0,1.0,0.0,0.0,0.0,1.0,0.0,0.0,0.0,0.0,0.0,0.0,0.0,1.0,8.0,2.0,3.0,1.0,2.0,1.0,13.0,0.0,3.0,138.0
1.0,2.0,0.0,0.0,0.0,1.0,0.0,1.0,0.0,0.0,1.0,0.0,0.0,0.0,0.0,0.0,0.0,0.0,0.0,1.0,16.0,2.0,3.0,1.0,3.0,0.0,13.0,0.0,2.0,126.0
1.0,2.0,0.0,0.0,0.0,1.0,0.0,0.0,0.0,1.0,0.0,0.0,0.0,0.0,1.0,0.0,0.0,1.0,10.0,1.0,13.0,3.0,3.0,5.0,4.0,1.0,14.0,0.0,3.0,122.0
1.0,2.0,0.0,0.0,1.0,0.0,0.0,0.0,1.0,0.0,0.0,0.0,0.0,1.0,0.0,0.0,0.0,0.0,2.0,3.0,16.0,2.0,4.0,3.0,10.0,0.0,11.0,1.0,4.0,159.0
0.0,1.0,1.0,0.0,0.0,0.0,0.0,0.0,1.0,0.0,0.0,0.0,0.0,0.0,1.0,0.0,0.0,0.0,9.0,1.0,11.0,2.0,3.0,5.0,5.0,0.0,12.0,1.0,2.0,180.0
1.0,1.0,0.0,0.0,1.0,0.0,0.0,0.0,1.0,0.0,0.0,0.0,0.0,1.0,0.0,0.0,0.0,0.0,12.0,1.0,18.0,3.0,3.0,4.0,5.0,0.0,21.0,1.0,0.0,153.0
0.0,2.0,0.0,0.0,0.0,1.0,0.0,0.0,0.0,1.0,1.0,0.0,0.0,0.0,0.0,0.0,0.0,0.0,0.0,3.0,8.0,3.0,3.0,3.0,2.0,0.0,19.0,0.0,2.0,128.0
0.0,1.0,0.0,0.0,1.0,0.0,0.0,0.0,1.0,0.0,0.0,0.0,0.0,0.0,1.0,0.0,0.0,0.0,7.0,1.0,9.0,3.0,3.0,4.0,2.0,0.0,12.0,1.0,9.0,154.0
1.0,2.0,0.0,0.0,0.0,1.0,0.0,0.0,1.0,0.0,0.0,0.0,0.0,0.0,1.0,0.0,0.0,0.0,10.0,1.0,13.0,3.0,3.0,4.0,3.0,0.0,11.0,0.0,3.0,120.0
0.0,1.0,0.0,0.0,1.0,0.0,0.0,1.0,0.0,0.0,0.0,0.0,0.0,1.0,0.0,0.0,0.0,0.0,9.0,1.0,7.0,2.0,4.0,3.0,1.0,0.0,15.0,0.0,2.0,144.0
1.0,1.0,0.0,0.0,1.0,0.0,0.0,1.0,0.0,0.0,0.0,0.0,0.0,0.0,1.0,0.0,0.0,0.0,11.0,1.0,7.0,2.0,3.0,1.0,8.0,0.0,15.0,1.0,9.0,147.0
1.0,1.0,0.0,0.0,1.0,0.0,0.0,0.0,0.0,1.0,0.0,0.0,0.0,1.0,0.0,0.0,0.0,0.0,2.0,3.0,11.0,2.0,4.0,4.0,2.0,1.0,13.0,0.0,9.0,142.0
1.0,1.0,0.0,0.0,1.0,0.0,0.0,0.0,1.0,0.0,0.0,0.0,0.0,1.0,0.0,0.0,0.0,0.0,6.0,3.0,8.0,3.0,3.0,1.0,2.0,0.0,14.0,1.0,4.0,155.0
1.0,1.0,0.0,0.0,1.0,0.0,0.0,0.0,1.0,0.0,0.0,0.0,0.0,1.0,0.0,0.0,0.0,0.0,5.0,1.0,8.0,2.0,3.0,4.0,1.0,0.0,13.0,1.0,6.0,155.0
0.0,1.0,0.0,0.0,1.0,0.0,0.0,0.0,1.0,0.0,0.0,0.0,0.0,0.0,1.0,0.0,0.0,0.0,4.0,3.0,11.0,3.0,3.0,1.0,2.0,0.0,11.0,0.0,2.0,155.0
0.0,1.0,0.0,0.0,0.0,1.0,0.0,0.0,0.0,1.0,1.0,0.0,0.0,0.0,0.0,0.0,0.0,0.0,22.0,1.0,16.0,3.0,3.0,5.0,5.0,1.0,16.0,0.0,2.0,126.0
0.0,2.0,0.0,0.0,0.0,1.0,0.0,1.0,0.0,0.0,1.0,0.0,0.0,0.0,0.0,0.0,0.0,0.0,11.0,1.0,16.0,2.0,4.0,4.0,2.0,0.0,22.0,0.0,3.0,124.0
1.0,2.0,1.0,0.0,0.0,0.0,0.0,0.0,1.0,0.0,0.0,0.0,0.0,0.0,1.0,0.0,0.0,0.0,14.0,3.0,29.0,3.0,3.0,3.0,4.0,1.0,16.0,0.0,2.0,171.0
1.0,2.0,0.0,0.0,0.0,1.0,0.0,0.0,0.0,1.0,0.0,0.0,0.0,0.0,1.0,0.0,0.0,0.0,0.0,3.0,15.0,3.0,3.0,5.0,2.0,0.0,11.0,0.0,2.0,127.0
0.0,1.0,0.0,0.0,1.0,0.0,0.0,1.0,0.0,0.0,0.0,0.0,0.0,0.0,1.0,0.0,0.0,0.0,6.0,3.0,22.0,2.0,3.0,1.0,2.0,1.0,25.0,0.0,2.0,154.0
1.0,1.0,0.0,0.0,1.0,0.0,0.0,0.0,1.0,0.0,0.0,0.0,0.0,0.0,1.0,0.0,0.0,0.0,9.0,1.0,32.0,3.0,3.0,3.0,7.0,0.0,14.0,1.0,2.0,153.0
0.0,1.0,0.0,0.0,0.0,1.0,0.0,0.0,0.0,1.0,0.0,0.0,0.0,0.0,1.0,0.0,0.0,0.0,17.0,2.0,7.0,2.0,3.0,1.0,5.0,1.0,18.0,2.0,2.0,132.0
1.0,2.0,0.0,0.0,0.0,0.0,1.0,0.0,0.0,1.0,0.0,0.0,0.0,1.0,0.0,0.0,0.0,1.0,0.0,1.0,14.0,3.0,4.0,3.0,2.0,1.0,11.0,1.0,2.0,140.0
0.0,1.0,0.0,0.0,0.0,1.0,0.0,0.0,0.0,1.0,1.0,0.0,0.0,0.0,0.0,0.0,0.0,0.0,11.0,1.0,10.0,2.0,3.0,3.0,8.0,0.0,19.0,0.0,0.0,133.0
0.0,1.0,0.0,0.0,0.0,1.0,0.0,1.0,0.0,0.0,1.0,0.0,0.0,0.0,0.0,0.0,0.0,1.0,11.0,3.0,16.0,3.0,3.0,3.0,3.0,1.0,11.0,1.0,7.0,127.0
1.0,2.0,0.0,0.0,0.0,0.0,1.0,0.0,1.0,0.0,0.0,0.0,0.0,0.0,1.0,0.0,0.0,1.0,10.0,1.0,8.0,3.0,3.0,4.0,2.0,0.0,12.0,0.0,0.0,114.0
1.0,2.0,0.0,0.0,0.0,1.0,0.0,1.0,0.0,0.0,1.0,0.0,0.0,0.0,0.0,0.0,0.0,0.0,0.0,1.0,16.0,3.0,3.0,1.0,2.0,0.0,20.0,0.0,7.0,126.0
1.0,1.0,0.0,0.0,0.0,1.0,0.0,0.0,0.0,1.0,0.0,1.0,0.0,0.0,0.0,0.0,0.0,0.0,28.0,1.0,28.0,3.0,4.0,4.0,6.0,0.0,12.0,1.0,2.0,135.0
1.0,1.0,0.0,0.0,1.0,0.0,0.0,0.0,0.0,1.0,0.0,0.0,0.0,1.0,0.0,0.0,0.0,0.0,7.0,1.0,11.0,2.0,4.0,1.0,2.0,0.0,14.0,0.0,13.0,140.0
1.0,1.0,1.0,0.0,0.0,0.0,0.0,0.0,1.0,0.0,0.0,0.0,0.0,1.0,0.0,0.0,0.0,0.0,30.0,1.0,7.0,3.0,5.0,1.0,4.0,0.0,20.0,1.0,0.0,209.0
1.0,1.0,0.0,0.0,1.0,0.0,0.0,1.0,0.0,0.0,0.0,0.0,0.0,1.0,0.0,0.0,0.0,0.0,10.0,3.0,7.0,2.0,5.0,1.0,2.0,0.0,14.0,1.0,3.0,195.0
0.0,1.0,0.0,0.0,0.0,1.0,0.0,0.0,0.0,1.0,0.0,0.0,0.0,0.0,1.0,0.0,0.0,0.0,7.0,1.0,25.0,3.0,4.0,1.0,2.0,0.0,12.0,1.0,7.0,129.0
1.0,1.0,0.0,0.0,0.0,1.0,0.0,0.0,0.0,1.0,0.0,0.0,0.0,0.0,1.0,0.0,0.0,1.0,10.0,3.0,13.0,3.0,3.0,1.0,2.0,1.0,21.0,1.0,2.0,123.0
1.0,2.0,0.0,0.0,0.0,0.0,1.0,1.0,0.0,0.0,0.0,0.0,0.0,1.0,0.0,0.0,0.0,0.0,8.0,1.0,8.0,3.0,4.0,1.0,1.0,1.0,14.0,1.0,4.0,149.0
1.0,1.0,0.0,0.0,1.0,0.0,0.0,0.0,1.0,0.0,0.0,0.0,0.0,1.0,0.0,0.0,0.0,0.0,16.0,3.0,8.0,3.0,3.0,1.0,2.0,1.0,17.0,3.0,8.0,178.0
1.0,2.0,1.0,0.0,0.0,0.0,0.0,0.0,1.0,0.0,0.0,0.0,0.0,0.0,0.0,1.0,0.0,0.0,14.0,3.0,12.0,2.0,3.0,3.0,2.0,0.0,12.0,3.0,7.0,192.0
0.0,1.0,0.0,0.0,0.0,1.0,0.0,0.0,0.0,1.0,1.0,0.0,0.0,0.0,0.0,0.0,0.0,0.0,2.0,1.0,15.0,3.0,3.0,3.0,10.0,0.0,17.0,0.0,2.0,130.0
1.0,1.0,0.0,0.0,0.0,0.0,1.0,0.0,1.0,0.0,0.0,0.0,0.0,0.0,0.0,0.0,1.0,1.0,10.0,2.0,28.0,2.0,5.0,3.0,2.0,0.0,11.0,0.0,0.0,116.0
1.0,1.0,0.0,0.0,0.0,1.0,0.0,0.0,0.0,1.0,1.0,0.0,0.0,0.0,0.0,0.0,0.0,0.0,10.0,1.0,23.0,3.0,5.0,3.0,2.0,0.0,15.0,1.0,2.0,123.0
1.0,1.0,0.0,0.0,0.0,1.0,0.0,1.0,0.0,0.0,0.0,0.0,0.0,0.0,1.0,0.0,0.0,0.0,5.0,1.0,16.0,2.0,3.0,3.0,7.0,0.0,13.0,0.0,3.0,134.0
1.0,1.0,0.0,0.0,0.0,1.0,0.0,0.0,0.0,1.0,0.0,0.0,0.0,0.0,1.0,0.0,0.0,0.0,4.0,1.0,8.0,3.0,3.0,3.0,2.0,0.0,14.0,1.0,3.0,135.0
1.0,1.0,0.0,0.0,1.0,0.0,0.0,1.0,0.0,0.0,0.0,0.0,0.0,0.0,0.0,0.0,1.0,0.0,14.0,2.0,10.0,2.0,5.0,4.0,7.0,0.0,19.0,0.0,2.0,164.0
0.0,1.0,0.0,0.0,1.0,0.0,0.0,0.0,1.0,0.0,0.0,0.0,0.0,0.0,1.0,0.0,0.0,0.0,13.0,1.0,14.0,3.0,3.0,5.0,3.0,1.0,16.0,1.0,0.0,165.0
1.0,1.0,0.0,0.0,0.0,0.0,1.0,0.0,0.0,1.0,0.0,0.0,0.0,1.0,0.0,0.0,0.0,0.0,0.0,1.0,35.0,3.0,3.0,5.0,2.0,0.0,13.0,1.0,2.0,139.0
1.0,2.0,0.0,0.0,1.0,0.0,0.0,0.0,1.0,0.0,0.0,0.0,0.0,0.0,1.0,0.0,0.0,0.0,19.0,1.0,19.0,2.0,3.0,4.0,7.0,0.0,14.0,1.0,9.0,156.0
1.0,1.0,0.0,0.0,1.0,0.0,0.0,0.0,1.0,0.0,0.0,0.0,0.0,0.0,1.0,0.0,0.0,0.0,8.0,1.0,33.0,2.0,3.0,3.0,3.0,0.0,16.0,1.0,7.0,169.0
1.0,1.0,0.0,0.0,0.0,1.0,0.0,0.0,0.0,1.0,0.0,0.0,0.0,0.0,1.0,0.0,0.0,0.0,3.0,1.0,22.0,3.0,3.0,1.0,2.0,0.0,12.0,0.0,8.0,129.0
1.0,1.0,0.0,0.0,1.0,0.0,0.0,1.0,0.0,0.0,0.0,0.0,0.0,0.0,0.0,1.0,0.0,0.0,20.0,3.0,8.0,2.0,3.0,4.0,8.0,0.0,11.0,0.0,0.0,150.0
1.0,1.0,1.0,0.0,0.0,0.0,0.0,0.0,1.0,0.0,0.0,0.0,0.0,0.0,1.0,0.0,0.0,0.0,19.0,3.0,8.0,3.0,3.0,1.0,5.0,1.0,12.0,0.0,3.0,204.0
1.0,1.0,0.0,0.0,1.0,0.0,0.0,0.0,1.0,0.0,0.0,0.0,0.0,0.0,0.0,1.0,0.0,1.0,0.0,3.0,19.0,3.0,4.0,5.0,6.0,1.0,13.0,1.0,2.0,161.0
1.0,2.0,0.0,0.0,1.0,0.0,0.0,0.0,1.0,0.0,0.0,0.0,0.0,0.0,1.0,0.0,0.0,1.0,0.0,3.0,7.0,2.0,5.0,4.0,7.0,0.0,15.0,0.0,0.0,167.0
0.0,2.0,0.0,0.0,0.0,1.0,0.0,0.0,0.0,1.0,1.0,0.0,0.0,0.0,0.0,0.0,0.0,0.0,0.0,1.0,10.0,2.0,3.0,4.0,2.0,0.0,13.0,0.0,2.0,133.0
0.0,2.0,0.0,0.0,1.0,0.0,0.0,1.0,0.0,0.0,0.0,1.0,0.0,0.0,0.0,0.0,0.0,0.0,4.0,1.0,30.0,1.0,3.0,1.0,3.0,0.0,20.0,0.0,4.0,152.0
1.0,1.0,0.0,0.0,1.0,0.0,0.0,1.0,0.0,0.0,0.0,0.0,0.0,0.0,1.0,0.0,0.0,0.0,12.0,1.0,7.0,3.0,3.0,1.0,2.0,1.0,15.0,0.0,8.0,165.0
1.0,1.0,1.0,0.0,0.0,0.0,0.0,0.0,1.0,0.0,0.0,0.0,0.0,0.0,1.0,0.0,0.0,0.0,5.0,3.0,25.0,3.0,5.0,3.0,4.0,0.0,13.0,0.0,2.0,196.0
0.0,1.0,1.0,0.0,0.0,0.0,0.0,0.0,1.0,0.0,0.0,0.0,0.0,0.0,1.0,0.0,0.0,0.0,18.0,2.0,10.0,2.0,5.0,3.0,5.0,0.0,21.0,1.0,3.0,198.0
0.0,2.0,0.0,0.0,0.0,0.0,1.0,1.0,0.0,0.0,0.0,1.0,0.0,0.0,0.0,0.0,0.0,0.0,3.0,1.0,8.0,3.0,4.0,5.0,1.0,0.0,16.0,0.0,7.0,150.0
1.0,1.0,0.0,0.0,0.0,1.0,0.0,1.0,0.0,0.0,1.0,0.0,0.0,0.0,0.0,0.0,0.0,0.0,10.0,2.0,16.0,2.0,3.0,1.0,1.0,0.0,14.0,0.0,1.0,121.0
0.0,1.0,0.0,0.0,0.0,1.0,0.0,1.0,0.0,0.0,0.0,0.0,0.0,0.0,0.0,0.0,1.0,1.0,10.0,2.0,14.0,3.0,4.0,1.0,7.0,0.0,11.0,1.0,2.0,122.0
1.0,1.0,0.0,0.0,1.0,0.0,0.0,0.0,1.0,0.0,0.0,1.0,0.0,0.0,0.0,0.0,0.0,0.0,4.0,3.0,11.0,2.0,3.0,3.0,2.0,0.0,19.0,1.0,2.0,183.0
0.0,2.0,0.0,0.0,0.0,1.0,0.0,0.0,0.0,1.0,1.0,0.0,0.0,0.0,0.0,0.0,0.0,0.0,0.0,1.0,14.0,3.0,3.0,1.0,2.0,0.0,11.0,0.0,4.0,134.0
0.0,2.0,0.0,0.0,0.0,1.0,0.0,0.0,0.0,1.0,0.0,0.0,0.0,0.0,0.0,1.0,0.0,1.0,0.0,3.0,15.0,3.0,5.0,4.0,2.0,0.0,13.0,2.0,2.0,128.0
1.0,1.0,1.0,0.0,0.0,0.0,0.0,0.0,1.0,0.0,0.0,0.0,0.0,0.0,0.0,1.0,0.0,0.0,3.0,3.0,21.0,3.0,4.0,5.0,3.0,0.0,11.0,1.0,7.0,171.0
0.0,2.0,0.0,0.0,1.0,0.0,0.0,1.0,0.0,0.0,0.0,0.0,0.0,0.0,0.0,1.0,0.0,0.0,6.0,3.0,8.0,3.0,3.0,4.0,9.0,0.0,15.0,1.0,7.0,151.0
0.0,2.0,0.0,0.0,1.0,0.0,0.0,0.0,0.0,1.0,0.0,0.0,0.0,0.0,0.0,1.0,0.0,0.0,22.0,3.0,17.0,3.0,3.0,1.0,4.0,0.0,12.0,0.0,4.0,145.0
0.0,2.0,1.0,0.0,0.0,0.0,0.0,0.0,1.0,0.0,0.0,0.0,0.0,0.0,1.0,0.0,0.0,1.0,0.0,3.0,22.0,3.0,3.0,5.0,3.0,1.0,20.0,1.0,0.0,186.0
0.0,1.0,0.0,0.0,0.0,1.0,0.0,1.0,0.0,0.0,1.0,0.0,0.0,0.0,0.0,0.0,0.0,0.0,11.0,1.0,16.0,3.0,4.0,4.0,5.0,0.0,14.0,0.0,5.0,125.0
1.0,1.0,1.0,0.0,0.0,0.0,0.0,0.0,1.0,0.0,0.0,0.0,0.0,0.0,0.0,1.0,0.0,1.0,0.0,3.0,22.0,3.0,3.0,3.0,3.0,0.0,13.0,0.0,0.0,182.0
0.0,1.0,0.0,0.0,0.0,1.0,0.0,0.0,0.0,1.0,0.0,0.0,1.0,0.0,0.0,0.0,0.0,0.0,10.0,1.0,10.0,3.0,4.0,5.0,2.0,0.0,13.0,0.0,0.0,121.0
1.0,2.0,0.0,0.0,0.0,1.0,0.0,1.0,0.0,0.0,0.0,1.0,0.0,0.0,0.0,0.0,0.0,0.0,5.0,1.0,11.0,3.0,3.0,4.0,3.0,0.0,14.0,1.0,7.0,127.0
1.0,1.0,0.0,0.0,1.0,0.0,0.0,0.0,1.0,0.0,0.0,0.0,0.0,1.0,0.0,0.0,0.0,0.0,11.0,1.0,24.0,2.0,5.0,1.0,4.0,1.0,16.0,0.0,0.0,158.0
1.0,1.0,0.0,0.0,0.0,1.0,0.0,1.0,0.0,0.0,0.0,1.0,0.0,0.0,0.0,0.0,0.0,1.0,6.0,1.0,16.0,2.0,4.0,3.0,10.0,1.0,16.0,1.0,0.0,124.0
1.0,1.0,0.0,0.0,0.0,1.0,0.0,0.0,0.0,1.0,1.0,0.0,0.0,0.0,0.0,0.0,0.0,0.0,15.0,1.0,18.0,3.0,3.0,4.0,9.0,0.0,22.0,1.0,4.0,128.0
1.0,1.0,0.0,0.0,1.0,0.0,0.0,1.0,0.0,0.0,0.0,1.0,0.0,0.0,0.0,0.0,0.0,0.0,6.0,1.0,10.0,3.0,3.0,4.0,6.0,0.0,15.0,0.0,7.0,131.0
1.0,1.0,0.0,0.0,0.0,1.0,0.0,0.0,0.0,1.0,0.0,0.0,0.0,0.0,1.0,0.0,0.0,0.0,10.0,1.0,15.0,3.0,3.0,5.0,2.0,0.0,20.0,0.0,4.0,123.0
1.0,1.0,0.0,0.0,1.0,0.0,0.0,1.0,0.0,0.0,0.0,0.0,0.0,0.0,1.0,0.0,0.0,0.0,7.0,3.0,16.0,2.0,3.0,3.0,2.0,1.0,14.0,1.0,7.0,140.0
1.0,2.0,0.0,0.0,0.0,1.0,0.0,0.0,0.0,1.0,0.0,0.0,0.0,0.0,1.0,0.0,0.0,0.0,16.0,2.0,8.0,3.0,3.0,1.0,1.0,0.0,13.0,1.0,8.0,135.0
0.0,2.0,0.0,0.0,1.0,0.0,0.0,0.0,1.0,0.0,0.0,0.0,0.0,0.0,1.0,0.0,0.0,0.0,7.0,3.0,9.0,2.0,5.0,1.0,6.0,0.0,12.0,2.0,2.0,160.0
1.0,2.0,0.0,0.0,0.0,1.0,0.0,0.0,0.0,1.0,0.0,0.0,0.0,0.0,0.0,1.0,0.0,1.0,0.0,3.0,13.0,3.0,3.0,4.0,2.0,0.0,13.0,0.0,0.0,127.0
0.0,1.0,0.0,0.0,0.0,0.0,1.0,0.0,0.0,1.0,0.0,0.0,0.0,0.0,0.0,0.0,1.0,0.0,11.0,1.0,12.0,2.0,4.0,3.0,2.0,0.0,11.0,1.0,4.0,137.0
0.0,1.0,0.0,0.0,0.0,1.0,0.0,0.0,0.0,1.0,1.0,0.0,0.0,0.0,0.0,0.0,0.0,1.0,0.0,1.0,16.0,3.0,3.0,5.0,2.0,1.0,17.0,0.0,0.0,124.0
0.0,1.0,0.0,0.0,1.0,0.0,0.0,0.0,1.0,0.0,0.0,0.0,0.0,0.0,0.0,1.0,0.0,0.0,4.0,3.0,35.0,3.0,4.0,1.0,2.0,0.0,14.0,0.0,7.0,155.0
1.0,1.0,0.0,0.0,1.0,0.0,0.0,0.0,0.0,1.0,0.0,0.0,0.0,0.0,0.0,1.0,0.0,0.0,10.0,3.0,15.0,2.0,4.0,4.0,2.0,0.0,14.0,1.0,3.0,142.0
1.0,1.0,1.0,0.0,0.0,0.0,0.0,0.0,1.0,0.0,0.0,0.0,0.0,0.0,1.0,0.0,0.0,0.0,9.0,1.0,16.0,2.0,3.0,5.0,8.0,1.0,13.0,2.0,7.0,183.0
1.0,1.0,0.0,0.0,0.0,1.0,0.0,1.0,0.0,0.0,1.0,0.0,0.0,0.0,0.0,0.0,0.0,1.0,7.0,1.0,16.0,3.0,3.0,4.0,2.0,1.0,12.0,2.0,3.0,123.0
1.0,1.0,0.0,0.0,1.0,0.0,0.0,0.0,0.0,1.0,0.0,0.0,0.0,0.0,0.0,0.0,1.0,0.0,10.0,2.0,14.0,2.0,3.0,4.0,3.0,0.0,13.0,3.0,7.0,141.0
1.0,2.0,0.0,0.0,1.0,0.0,0.0,0.0,1.0,0.0,0.0,0.0,0.0,0.0,1.0,0.0,0.0,1.0,0.0,3.0,33.0,2.0,3.0,1.0,2.0,1.0,18.0,3.0,7.0,158.0
1.0,1.0,0.0,0.0,0.0,1.0,0.0,0.0,0.0,1.0,0.0,0.0,0.0,0.0,1.0,0.0,0.0,0.0,10.0,1.0,7.0,2.0,3.0,1.0,2.0,0.0,11.0,0.0,3.0,120.0
1.0,2.0,0.0,0.0,1.0,0.0,0.0,1.0,0.0,0.0,0.0,0.0,0.0,0.0,1.0,0.0,0.0,0.0,19.0,3.0,32.0,3.0,4.0,4.0,9.0,0.0,15.0,1.0,2.0,180.0
0.0,1.0,0.0,0.0,0.0,1.0,0.0,0.0,0.0,1.0,0.0,0.0,0.0,0.0,1.0,0.0,0.0,0.0,13.0,1.0,8.0,3.0,3.0,5.0,5.0,0.0,17.0,1.0,2.0,134.0
1.0,1.0,0.0,0.0,1.0,0.0,0.0,1.0,0.0,0.0,0.0,0.0,0.0,1.0,0.0,0.0,0.0,0.0,8.0,1.0,8.0,2.0,3.0,1.0,3.0,0.0,14.0,1.0,7.0,158.0
1.0,1.0,0.0,0.0,0.0,1.0,0.0,1.0,0.0,0.0,0.0,0.0,0.0,0.0,0.0,0.0,1.0,0.0,11.0,2.0,16.0,3.0,3.0,4.0,6.0,0.0,13.0,2.0,8.0,126.0
1.0,1.0,0.0,0.0,1.0,0.0,0.0,1.0,0.0,0.0,0.0,0.0,0.0,0.0,1.0,0.0,0.0,1.0,0.0,1.0,15.0,3.0,3.0,5.0,5.0,0.0,17.0,0.0,7.0,153.0
1.0,2.0,0.0,0.0,1.0,0.0,0.0,0.0,0.0,1.0,0.0,0.0,0.0,1.0,0.0,0.0,0.0,1.0,0.0,1.0,16.0,2.0,3.0,5.0,2.0,0.0,15.0,0.0,8.0,142.0
1.0,1.0,0.0,0.0,1.0,0.0,0.0,1.0,0.0,0.0,0.0,0.0,0.0,0.0,1.0,0.0,0.0,0.0,12.0,3.0,26.0,2.0,3.0,1.0,3.0,0.0,18.0,1.0,2.0,141.0
1.0,2.0,0.0,0.0,0.0,1.0,0.0,1.0,0.0,0.0,0.0,0.0,0.0,0.0,1.0,0.0,0.0,0.0,16.0,1.0,16.0,2.0,3.0,3.0,5.0,0.0,13.0,1.0,2.0,124.0
0.0,2.0,1.0,0.0,0.0,0.0,0.0,0.0,1.0,0.0,0.0,0.0,0.0,1.0,0.0,0.0,0.0,0.0,3.0,1.0,16.0,3.0,3.0,3.0,10.0,0.0,14.0,0.0,2.0,197.0
0.0,1.0,0.0,0.0,0.0,1.0,0.0,0.0,0.0,1.0,1.0,0.0,0.0,0.0,0.0,0.0,0.0,1.0,10.0,2.0,26.0,3.0,3.0,4.0,1.0,1.0,11.0,0.0,4.0,121.0
0.0,1.0,0.0,0.0,1.0,0.0,0.0,0.0,1.0,0.0,0.0,0.0,0.0,1.0,0.0,0.0,0.0,1.0,9.0,1.0,27.0,3.0,3.0,4.0,5.0,0.0,22.0,3.0,7.0,189.0
0.0,1.0,0.0,0.0,1.0,0.0,0.0,0.0,1.0,0.0,0.0,0.0,0.0,0.0,1.0,0.0,0.0,0.0,13.0,1.0,7.0,2.0,3.0,1.0,5.0,0.0,17.0,0.0,3.0,165.0
1.0,1.0,0.0,0.0,0.0,1.0,0.0,0.0,0.0,1.0,1.0,0.0,0.0,0.0,0.0,0.0,0.0,0.0,8.0,1.0,29.0,3.0,5.0,3.0,1.0,0.0,16.0,0.0,3.0,127.0
0.0,1.0,0.0,0.0,1.0,0.0,0.0,0.0,0.0,1.0,0.0,0.0,0.0,0.0,1.0,0.0,0.0,0.0,13.0,1.0,18.0,2.0,3.0,5.0,3.0,0.0,12.0,1.0,7.0,144.0
0.0,1.0,0.0,0.0,1.0,0.0,0.0,0.0,1.0,0.0,0.0,0.0,0.0,1.0,0.0,0.0,0.0,0.0,27.0,1.0,13.0,3.0,3.0,1.0,5.0,0.0,15.0,1.0,7.0,169.0
0.0,1.0,1.0,0.0,0.0,0.0,0.0,1.0,0.0,0.0,0.0,0.0,0.0,0.0,0.0,1.0,0.0,0.0,4.0,3.0,13.0,3.0,3.0,5.0,3.0,0.0,14.0,2.0,2.0,196.0
0.0,1.0,0.0,0.0,0.0,0.0,1.0,0.0,0.0,1.0,0.0,0.0,0.0,1.0,0.0,0.0,0.0,0.0,1.0,1.0,7.0,3.0,3.0,5.0,2.0,0.0,25.0,1.0,2.0,136.0
0.0,1.0,0.0,0.0,1.0,0.0,0.0,0.0,1.0,0.0,0.0,0.0,0.0,0.0,0.0,1.0,0.0,0.0,11.0,3.0,8.0,3.0,5.0,1.0,3.0,1.0,20.0,0.0,3.0,154.0
1.0,2.0,0.0,0.0,1.0,0.0,0.0,0.0,0.0,1.0,0.0,0.0,0.0,1.0,0.0,0.0,0.0,0.0,0.0,3.0,16.0,2.0,3.0,1.0,2.0,0.0,13.0,1.0,2.0,147.0
0.0,2.0,0.0,0.0,0.0,0.0,1.0,1.0,0.0,0.0,0.0,0.0,0.0,1.0,0.0,0.0,0.0,0.0,10.0,1.0,20.0,2.0,3.0,3.0,2.0,0.0,16.0,1.0,0.0,115.0
1.0,1.0,0.0,0.0,0.0,1.0,0.0,0.0,0.0,1.0,0.0,0.0,0.0,0.0,0.0,0.0,1.0,1.0,0.0,2.0,16.0,2.0,4.0,5.0,5.0,1.0,15.0,2.0,0.0,123.0
0.0,1.0,0.0,0.0,1.0,0.0,0.0,1.0,0.0,0.0,0.0,0.0,0.0,0.0,1.0,0.0,0.0,0.0,18.0,3.0,8.0,3.0,3.0,3.0,5.0,0.0,22.0,3.0,7.0,152.0
0.0,1.0,0.0,0.0,1.0,0.0,0.0,0.0,1.0,0.0,0.0,0.0,0.0,0.0,0.0,0.0,1.0,0.0,9.0,1.0,8.0,3.0,3.0,4.0,5.0,1.0,22.0,1.0,0.0,170.0
0.0,2.0,0.0,0.0,0.0,1.0,0.0,1.0,0.0,0.0,0.0,0.0,0.0,0.0,1.0,0.0,0.0,0.0,0.0,1.0,16.0,2.0,3.0,1.0,1.0,1.0,14.0,1.0,2.0,124.0
1.0,1.0,0.0,0.0,0.0,0.0,1.0,1.0,0.0,0.0,0.0,0.0,0.0,1.0,0.0,0.0,0.0,0.0,2.0,1.0,26.0,2.0,3.0,1.0,2.0,0.0,13.0,1.0,10.0,138.0
1.0,2.0,0.0,0.0,1.0,0.0,0.0,1.0,0.0,0.0,0.0,0.0,0.0,0.0,0.0,1.0,0.0,0.0,5.0,3.0,16.0,3.0,3.0,1.0,9.0,0.0,13.0,0.0,0.0,146.0
1.0,1.0,0.0,0.0,0.0,1.0,0.0,1.0,0.0,0.0,0.0,1.0,0.0,0.0,0.0,0.0,0.0,0.0,15.0,1.0,16.0,3.0,3.0,3.0,4.0,0.0,22.0,3.0,3.0,129.0
0.0,2.0,0.0,0.0,0.0,1.0,0.0,0.0,0.0,1.0,0.0,0.0,0.0,0.0,1.0,0.0,0.0,0.0,10.0,1.0,15.0,3.0,3.0,3.0,5.0,0.0,12.0,0.0,0.0,121.0
1.0,1.0,1.0,0.0,0.0,0.0,0.0,0.0,1.0,0.0,0.0,0.0,0.0,0.0,1.0,0.0,0.0,0.0,19.0,1.0,8.0,2.0,3.0,1.0,4.0,0.0,14.0,0.0,7.0,186.0
1.0,1.0,0.0,0.0,0.0,1.0,0.0,1.0,0.0,0.0,0.0,0.0,0.0,0.0,1.0,0.0,0.0,0.0,1.0,2.0,7.0,3.0,3.0,1.0,2.0,0.0,15.0,1.0,2.0,127.0
1.0,1.0,0.0,0.0,1.0,0.0,0.0,0.0,1.0,0.0,0.0,0.0,0.0,0.0,1.0,0.0,0.0,0.0,2.0,1.0,35.0,3.0,5.0,3.0,9.0,0.0,17.0,0.0,6.0,164.0
1.0,2.0,0.0,0.0,0.0,0.0,1.0,0.0,0.0,1.0,0.0,0.0,0.0,0.0,1.0,0.0,0.0,0.0,15.0,1.0,14.0,2.0,3.0,3.0,5.0,0.0,13.0,1.0,0.0,140.0
1.0,2.0,0.0,0.0,1.0,0.0,0.0,0.0,1.0,0.0,0.0,0.0,0.0,0.0,0.0,1.0,0.0,1.0,0.0,3.0,8.0,2.0,4.0,4.0,8.0,1.0,12.0,1.0,2.0,199.0
0.0,1.0,0.0,0.0,1.0,0.0,0.0,0.0,0.0,1.0,0.0,0.0,0.0,1.0,0.0,0.0,0.0,0.0,0.0,3.0,29.0,2.0,4.0,3.0,2.0,0.0,21.0,3.0,8.0,135.0
1.0,1.0,0.0,0.0,0.0,1.0,0.0,0.0,0.0,1.0,1.0,0.0,0.0,0.0,0.0,0.0,0.0,0.0,2.0,2.0,12.0,3.0,4.0,4.0,2.0,0.0,11.0,1.0,0.0,128.0
1.0,2.0,0.0,0.0,0.0,1.0,0.0,1.0,0.0,0.0,0.0,0.0,0.0,0.0,1.0,0.0,0.0,1.0,0.0,1.0,16.0,3.0,4.0,1.0,2.0,1.0,24.0,1.0,0.0,124.0
0.0,1.0,1.0,0.0,0.0,0.0,0.0,0.0,1.0,0.0,0.0,0.0,0.0,0.0,1.0,0.0,0.0,1.0,9.0,3.0,16.0,3.0,3.0,4.0,6.0,0.0,21.0,1.0,7.0,173.0
0.0,1.0,0.0,0.0,0.0,0.0,1.0,1.0,0.0,0.0,0.0,0.0,0.0,0.0,1.0,0.0,0.0,0.0,0.0,1.0,21.0,3.0,4.0,5.0,1.0,0.0,19.0,0.0,3.0,148.0
1.0,1.0,0.0,0.0,1.0,0.0,0.0,0.0,0.0,1.0,0.0,0.0,0.0,0.0,0.0,0.0,1.0,0.0,12.0,1.0,25.0,2.0,3.0,1.0,9.0,0.0,14.0,0.0,2.0,139.0
1.0,1.0,0.0,0.0,0.0,1.0,0.0,0.0,0.0,1.0,0.0,1.0,0.0,0.0,0.0,0.0,0.0,0.0,28.0,1.0,8.0,3.0,4.0,1.0,9.0,0.0,20.0,1.0,4.0,127.0
0.0,1.0,0.0,0.0,0.0,1.0,0.0,0.0,0.0,1.0,1.0,0.0,0.0,0.0,0.0,0.0,0.0,0.0,1.0,3.0,9.0,3.0,3.0,4.0,2.0,0.0,19.0,1.0,0.0,129.0
1.0,2.0,0.0,0.0,0.0,0.0,1.0,0.0,1.0,0.0,0.0,0.0,0.0,1.0,0.0,0.0,0.0,1.0,0.0,3.0,15.0,2.0,3.0,1.0,2.0,0.0,13.0,0.0,0.0,111.0
1.0,2.0,0.0,0.0,0.0,1.0,0.0,0.0,0.0,1.0,0.0,0.0,0.0,0.0,1.0,0.0,0.0,1.0,0.0,1.0,16.0,3.0,3.0,4.0,2.0,1.0,23.0,1.0,0.0,125.0
0.0,1.0,0.0,0.0,1.0,0.0,0.0,0.0,1.0,0.0,0.0,1.0,0.0,0.0,0.0,0.0,0.0,0.0,9.0,3.0,16.0,3.0,4.0,3.0,2.0,1.0,13.0,0.0,7.0,157.0
1.0,1.0,0.0,0.0,1.0,0.0,0.0,0.0,0.0,1.0,0.0,0.0,0.0,0.0,1.0,0.0,0.0,0.0,4.0,1.0,26.0,2.0,3.0,3.0,2.0,0.0,11.0,0.0,2.0,142.0
1.0,1.0,1.0,0.0,0.0,0.0,0.0,0.0,1.0,0.0,0.0,0.0,0.0,0.0,1.0,0.0,0.0,0.0,7.0,3.0,10.0,3.0,3.0,1.0,3.0,1.0,13.0,0.0,0.0,197.0
1.0,2.0,0.0,0.0,0.0,1.0,0.0,0.0,0.0,1.0,0.0,0.0,0.0,0.0,1.0,0.0,0.0,0.0,10.0,1.0,13.0,2.0,3.0,5.0,4.0,0.0,14.0,0.0,2.0,121.0
1.0,1.0,0.0,0.0,1.0,0.0,0.0,0.0,0.0,1.0,0.0,0.0,0.0,1.0,0.0,0.0,0.0,0.0,10.0,1.0,13.0,3.0,3.0,5.0,6.0,1.0,22.0,0.0,4.0,143.0
0.0,1.0,0.0,0.0,1.0,0.0,0.0,0.0,0.0,1.0,0.0,0.0,0.0,0.0,0.0,0.0,1.0,0.0,8.0,1.0,22.0,2.0,4.0,4.0,1.0,1.0,11.0,0.0,2.0,148.0
0.0,1.0,0.0,0.0,1.0,0.0,0.0,0.0,1.0,0.0,0.0,0.0,0.0,0.0,1.0,0.0,0.0,0.0,18.0,1.0,31.0,3.0,4.0,1.0,1.0,0.0,13.0,0.0,8.0,159.0
1.0,2.0,0.0,0.0,1.0,0.0,0.0,1.0,0.0,0.0,0.0,0.0,0.0,0.0,0.0,0.0,1.0,0.0,9.0,2.0,8.0,3.0,4.0,1.0,2.0,0.0,21.0,1.0,8.0,139.0
0.0,1.0,0.0,0.0,0.0,1.0,0.0,0.0,0.0,1.0,0.0,0.0,0.0,0.0,1.0,0.0,0.0,0.0,0.0,1.0,7.0,3.0,4.0,3.0,2.0,1.0,13.0,0.0,0.0,129.0
1.0,1.0,0.0,0.0,0.0,1.0,0.0,1.0,0.0,0.0,0.0,1.0,0.0,0.0,0.0,0.0,0.0,1.0,10.0,1.0,22.0,2.0,5.0,5.0,2.0,1.0,23.0,0.0,0.0,123.0
1.0,2.0,0.0,0.0,0.0,1.0,0.0,0.0,0.0,1.0,0.0,0.0,0.0,0.0,1.0,0.0,0.0,1.0,19.0,1.0,16.0,3.0,3.0,1.0,2.0,0.0,16.0,0.0,0.0,126.0
1.0,1.0,0.0,0.0,1.0,0.0,0.0,0.0,1.0,0.0,0.0,0.0,0.0,0.0,0.0,1.0,0.0,0.0,9.0,3.0,23.0,2.0,4.0,4.0,3.0,0.0,16.0,1.0,3.0,155.0
0.0,1.0,0.0,0.0,1.0,0.0,0.0,0.0,0.0,1.0,0.0,0.0,0.0,0.0,0.0,1.0,0.0,0.0,14.0,3.0,14.0,2.0,3.0,4.0,6.0,0.0,21.0,0.0,4.0,144.0
0.0,1.0,0.0,0.0,1.0,0.0,0.0,0.0,1.0,0.0,0.0,0.0,0.0,1.0,0.0,0.0,0.0,0.0,4.0,3.0,16.0,2.0,3.0,1.0,3.0,1.0,11.0,1.0,4.0,166.0
0.0,1.0,0.0,0.0,1.0,0.0,0.0,0.0,1.0,0.0,0.0,0.0,0.0,1.0,0.0,0.0,0.0,0.0,7.0,3.0,9.0,3.0,4.0,1.0,4.0,1.0,12.0,0.0,1.0,181.0
1.0,2.0,0.0,0.0,1.0,0.0,0.0,1.0,0.0,0.0,0.0,0.0,0.0,1.0,0.0,0.0,0.0,0.0,18.0,1.0,7.0,2.0,3.0,3.0,5.0,0.0,12.0,0.0,3.0,154.0
1.0,2.0,0.0,0.0,1.0,0.0,0.0,0.0,1.0,0.0,0.0,0.0,0.0,0.0,0.0,1.0,0.0,0.0,6.0,3.0,16.0,2.0,3.0,3.0,2.0,0.0,14.0,0.0,9.0,155.0
1.0,1.0,0.0,0.0,1.0,0.0,0.0,1.0,0.0,0.0,0.0,0.0,0.0,0.0,1.0,0.0,0.0,0.0,1.0,3.0,7.0,2.0,4.0,1.0,2.0,1.0,12.0,1.0,7.0,168.0
0.0,1.0,0.0,0.0,1.0,0.0,0.0,1.0,0.0,0.0,0.0,0.0,0.0,0.0,1.0,0.0,0.0,0.0,12.0,3.0,27.0,2.0,5.0,3.0,7.0,0.0,19.0,0.0,2.0,157.0
1.0,1.0,0.0,0.0,0.0,1.0,0.0,0.0,0.0,1.0,0.0,1.0,0.0,0.0,0.0,0.0,0.0,0.0,10.0,1.0,8.0,2.0,3.0,4.0,2.0,0.0,11.0,0.0,2.0,122.0
1.0,1.0,0.0,0.0,1.0,0.0,0.0,1.0,0.0,0.0,0.0,0.0,0.0,0.0,0.0,0.0,1.0,0.0,7.0,1.0,28.0,2.0,4.0,1.0,2.0,1.0,15.0,3.0,11.0,157.0
0.0,2.0,0.0,0.0,1.0,0.0,0.0,0.0,1.0,0.0,0.0,0.0,0.0,0.0,0.0,1.0,0.0,1.0,0.0,3.0,19.0,2.0,3.0,3.0,4.0,1.0,11.0,0.0,2.0,199.0
1.0,1.0,0.0,0.0,1.0,0.0,0.0,1.0,0.0,0.0,0.0,1.0,0.0,0.0,0.0,0.0,0.0,0.0,20.0,1.0,20.0,3.0,3.0,4.0,9.0,0.0,18.0,0.0,7.0,155.0
0.0,1.0,0.0,0.0,1.0,0.0,0.0,0.0,1.0,0.0,0.0,0.0,0.0,0.0,0.0,1.0,0.0,0.0,29.0,3.0,17.0,2.0,4.0,5.0,5.0,0.0,16.0,0.0,0.0,154.0
1.0,1.0,0.0,0.0,1.0,0.0,0.0,0.0,1.0,0.0,0.0,0.0,0.0,1.0,0.0,0.0,0.0,0.0,12.0,1.0,15.0,2.0,3.0,5.0,2.0,0.0,25.0,0.0,9.0,152.0
0.0,1.0,0.0,0.0,1.0,0.0,0.0,1.0,0.0,0.0,1.0,0.0,0.0,0.0,0.0,0.0,0.0,0.0,10.0,1.0,14.0,2.0,4.0,4.0,2.0,1.0,16.0,1.0,7.0,121.0
1.0,1.0,0.0,0.0,0.0,0.0,1.0,0.0,0.0,1.0,0.0,0.0,0.0,0.0,1.0,0.0,0.0,0.0,11.0,1.0,15.0,3.0,3.0,1.0,3.0,0.0,19.0,0.0,3.0,148.0
1.0,1.0,0.0,0.0,1.0,0.0,0.0,0.0,1.0,0.0,0.0,0.0,0.0,0.0,0.0,1.0,0.0,0.0,15.0,3.0,18.0,3.0,3.0,1.0,4.0,1.0,12.0,1.0,0.0,151.0
0.0,1.0,0.0,0.0,0.0,1.0,0.0,1.0,0.0,0.0,0.0,0.0,0.0,0.0,0.0,0.0,1.0,1.0,0.0,2.0,28.0,3.0,4.0,4.0,2.0,0.0,12.0,1.0,0.0,129.0
1.0,1.0,0.0,0.0,1.0,0.0,0.0,0.0,1.0,0.0,0.0,0.0,0.0,1.0,0.0,0.0,0.0,0.0,8.0,3.0,24.0,3.0,3.0,5.0,1.0,0.0,16.0,1.0,4.0,156.0
1.0,2.0,0.0,0.0,0.0,1.0,0.0,1.0,0.0,0.0,1.0,0.0,0.0,0.0,0.0,0.0,0.0,0.0,10.0,1.0,22.0,2.0,3.0,3.0,2.0,0.0,14.0,0.0,4.0,121.0
1.0,1.0,0.0,0.0,0.0,1.0,0.0,1.0,0.0,0.0,1.0,0.0,0.0,0.0,0.0,0.0,0.0,0.0,4.0,1.0,9.0,3.0,3.0,5.0,2.0,1.0,13.0,2.0,3.0,131.0
1.0,2.0,1.0,0.0,0.0,0.0,0.0,0.0,1.0,0.0,0.0,0.0,0.0,0.0,0.0,1.0,0.0,0.0,7.0,3.0,7.0,2.0,3.0,1.0,2.0,0.0,21.0,2.0,1.0,199.0
1.0,1.0,1.0,0.0,0.0,0.0,0.0,0.0,1.0,0.0,0.0,0.0,0.0,1.0,0.0,0.0,0.0,0.0,7.0,3.0,19.0,2.0,3.0,3.0,2.0,0.0,18.0,0.0,1.0,186.0
1.0,1.0,0.0,0.0,1.0,0.0,0.0,0.0,1.0,0.0,0.0,0.0,0.0,0.0,1.0,0.0,0.0,0.0,2.0,1.0,7.0,2.0,3.0,5.0,1.0,0.0,12.0,0.0,2.0,154.0
0.0,1.0,0.0,0.0,1.0,0.0,0.0,1.0,0.0,0.0,0.0,0.0,0.0,1.0,0.0,0.0,0.0,0.0,5.0,1.0,21.0,2.0,3.0,1.0,6.0,0.0,18.0,0.0,2.0,167.0
1.0,1.0,0.0,0.0,0.0,1.0,0.0,0.0,0.0,1.0,0.0,1.0,0.0,0.0,0.0,0.0,0.0,1.0,0.0,1.0,16.0,2.0,4.0,1.0,6.0,0.0,12.0,1.0,3.0,124.0
1.0,2.0,0.0,0.0,0.0,1.0,0.0,0.0,0.0,1.0,0.0,0.0,0.0,0.0,1.0,0.0,0.0,0.0,11.0,3.0,7.0,3.0,4.0,5.0,5.0,0.0,14.0,1.0,0.0,129.0
0.0,1.0,0.0,0.0,1.0,0.0,0.0,0.0,1.0,0.0,0.0,0.0,0.0,0.0,1.0,0.0,0.0,0.0,8.0,3.0,13.0,2.0,3.0,1.0,2.0,1.0,11.0,1.0,9.0,152.0
1.0,2.0,0.0,0.0,1.0,0.0,0.0,0.0,0.0,1.0,0.0,0.0,0.0,0.0,0.0,1.0,0.0,0.0,0.0,3.0,15.0,2.0,3.0,1.0,2.0,0.0,14.0,1.0,7.0,141.0
1.0,2.0,0.0,0.0,1.0,0.0,0.0,0.0,1.0,0.0,0.0,0.0,0.0,0.0,1.0,0.0,0.0,0.0,5.0,1.0,11.0,2.0,4.0,1.0,9.0,0.0,24.0,1.0,0.0,197.0
1.0,1.0,0.0,0.0,1.0,0.0,0.0,1.0,0.0,0.0,0.0,0.0,0.0,0.0,0.0,1.0,0.0,1.0,0.0,3.0,32.0,3.0,3.0,1.0,2.0,1.0,11.0,0.0,8.0,156.0
1.0,2.0,1.0,0.0,0.0,0.0,0.0,0.0,1.0,0.0,0.0,0.0,0.0,0.0,1.0,0.0,0.0,1.0,16.0,3.0,30.0,3.0,3.0,5.0,7.0,1.0,13.0,0.0,2.0,204.0
0.0,1.0,0.0,0.0,1.0,0.0,0.0,0.0,0.0,1.0,0.0,0.0,0.0,0.0,1.0,0.0,0.0,0.0,27.0,1.0,15.0,3.0,3.0,3.0,4.0,0.0,11.0,1.0,3.0,129.0
1.0,1.0,0.0,0.0,1.0,0.0,0.0,1.0,0.0,0.0,0.0,0.0,0.0,0.0,1.0,0.0,0.0,0.0,6.0,1.0,13.0,2.0,3.0,3.0,2.0,0.0,20.0,0.0,8.0,160.0
1.0,1.0,1.0,0.0,0.0,0.0,0.0,0.0,1.0,0.0,0.0,0.0,0.0,0.0,1.0,0.0,0.0,0.0,16.0,1.0,17.0,1.0,3.0,3.0,2.0,0.0,17.0,1.0,9.0,175.0
1.0,1.0,0.0,0.0,0.0,1.0,0.0,1.0,0.0,0.0,0.0,0.0,0.0,0.0,0.0,0.0,1.0,0.0,11.0,2.0,7.0,3.0,3.0,4.0,1.0,1.0,11.0,0.0,2.0,130.0
0.0,1.0,0.0,0.0,0.0,0.0,1.0,0.0,1.0,0.0,0.0,0.0,0.0,1.0,0.0,0.0,0.0,0.0,4.0,1.0,8.0,2.0,5.0,1.0,2.0,1.0,11.0,0.0,0.0,111.0
1.0,2.0,0.0,0.0,1.0,0.0,0.0,1.0,0.0,0.0,0.0,0.0,0.0,0.0,1.0,0.0,0.0,0.0,15.0,1.0,29.0,2.0,4.0,3.0,2.0,0.0,12.0,3.0,7.0,143.0
0.0,1.0,1.0,0.0,0.0,0.0,0.0,1.0,0.0,0.0,0.0,0.0,0.0,1.0,0.0,0.0,0.0,0.0,4.0,1.0,16.0,2.0,3.0,3.0,5.0,0.0,20.0,3.0,5.0,210.0
0.0,2.0,0.0,0.0,1.0,0.0,0.0,0.0,0.0,1.0,0.0,0.0,0.0,1.0,0.0,0.0,0.0,0.0,27.0,1.0,16.0,3.0,3.0,5.0,7.0,1.0,19.0,0.0,4.0,144.0
1.0,2.0,0.0,0.0,1.0,0.0,0.0,0.0,0.0,1.0,0.0,0.0,0.0,0.0,1.0,0.0,0.0,0.0,0.0,1.0,7.0,2.0,4.0,3.0,2.0,0.0,12.0,1.0,2.0,146.0
1.0,2.0,0.0,0.0,0.0,1.0,0.0,0.0,0.0,1.0,0.0,0.0,0.0,0.0,0.0,0.0,1.0,0.0,0.0,1.0,16.0,3.0,3.0,1.0,2.0,0.0,13.0,1.0,4.0,126.0
0.0,1.0,0.0,0.0,1.0,0.0,0.0,0.0,1.0,0.0,0.0,0.0,0.0,0.0,0.0,1.0,0.0,0.0,13.0,3.0,8.0,3.0,3.0,4.0,4.0,0.0,14.0,1.0,10.0,157.0
0.0,1.0,0.0,0.0,0.0,1.0,0.0,0.0,0.0,1.0,0.0,0.0,0.0,0.0,0.0,0.0,1.0,0.0,10.0,2.0,8.0,2.0,3.0,4.0,5.0,0.0,14.0,0.0,2.0,122.0
1.0,1.0,0.0,0.0,0.0,0.0,1.0,0.0,0.0,1.0,0.0,0.0,0.0,1.0,0.0,0.0,0.0,0.0,3.0,1.0,7.0,3.0,3.0,4.0,2.0,0.0,13.0,1.0,7.0,137.0
1.0,1.0,0.0,0.0,0.0,0.0,1.0,0.0,0.0,1.0,0.0,0.0,0.0,0.0,0.0,0.0,1.0,0.0,0.0,1.0,8.0,2.0,3.0,3.0,7.0,1.0,19.0,0.0,2.0,140.0
1.0,1.0,0.0,0.0,0.0,1.0,0.0,1.0,0.0,0.0,1.0,0.0,0.0,0.0,0.0,0.0,0.0,0.0,10.0,1.0,7.0,2.0,4.0,3.0,2.0,0.0,12.0,0.0,0.0,120.0
1.0,1.0,0.0,0.0,1.0,0.0,0.0,0.0,0.0,1.0,0.0,0.0,0.0,0.0,1.0,0.0,0.0,0.0,11.0,3.0,7.0,2.0,3.0,4.0,1.0,0.0,15.0,1.0,8.0,144.0
1.0,1.0,0.0,0.0,0.0,1.0,0.0,0.0,0.0,1.0,0.0,0.0,0.0,0.0,1.0,0.0,0.0,0.0,4.0,3.0,8.0,3.0,3.0,3.0,1.0,0.0,19.0,0.0,2.0,131.0
1.0,1.0,0.0,0.0,1.0,0.0,0.0,1.0,0.0,0.0,0.0,0.0,0.0,0.0,1.0,0.0,0.0,0.0,11.0,1.0,12.0,3.0,4.0,3.0,3.0,0.0,11.0,2.0,7.0,153.0
1.0,1.0,0.0,0.0,1.0,0.0,0.0,0.0,1.0,0.0,0.0,0.0,0.0,0.0,1.0,0.0,0.0,0.0,15.0,1.0,24.0,2.0,3.0,5.0,7.0,1.0,17.0,1.0,2.0,154.0
1.0,1.0,0.0,0.0,0.0,1.0,0.0,0.0,0.0,1.0,0.0,0.0,0.0,0.0,1.0,0.0,0.0,0.0,14.0,1.0,7.0,3.0,3.0,1.0,4.0,0.0,22.0,0.0,0.0,128.0
0.0,1.0,1.0,0.0,0.0,0.0,0.0,1.0,0.0,0.0,0.0,0.0,0.0,1.0,0.0,0.0,0.0,0.0,20.0,1.0,7.0,3.0,3.0,4.0,1.0,0.0,18.0,0.0,5.0,220.0
1.0,1.0,0.0,0.0,0.0,1.0,0.0,0.0,0.0,1.0,1.0,0.0,0.0,0.0,0.0,0.0,0.0,0.0,8.0,1.0,17.0,2.0,3.0,3.0,8.0,1.0,11.0,2.0,2.0,127.0
1.0,2.0,0.0,0.0,0.0,1.0,0.0,0.0,0.0,1.0,0.0,0.0,0.0,0.0,1.0,0.0,0.0,0.0,0.0,1.0,7.0,3.0,3.0,3.0,1.0,0.0,12.0,1.0,2.0,134.0
1.0,2.0,0.0,0.0,1.0,0.0,0.0,0.0,1.0,0.0,0.0,0.0,0.0,1.0,0.0,0.0,0.0,0.0,8.0,1.0,15.0,2.0,3.0,3.0,2.0,0.0,19.0,0.0,8.0,151.0
0.0,2.0,0.0,0.0,0.0,1.0,0.0,0.0,0.0,1.0,0.0,0.0,0.0,0.0,1.0,0.0,0.0,0.0,5.0,1.0,35.0,3.0,4.0,4.0,2.0,0.0,13.0,0.0,1.0,128.0
1.0,1.0,0.0,0.0,0.0,1.0,0.0,0.0,0.0,1.0,0.0,0.0,0.0,0.0,1.0,0.0,0.0,0.0,13.0,1.0,16.0,2.0,3.0,1.0,9.0,0.0,19.0,1.0,0.0,124.0
1.0,1.0,0.0,0.0,0.0,1.0,0.0,0.0,0.0,1.0,1.0,0.0,0.0,0.0,0.0,0.0,0.0,0.0,10.0,3.0,7.0,3.0,4.0,4.0,1.0,0.0,14.0,2.0,2.0,123.0
1.0,2.0,0.0,0.0,1.0,0.0,0.0,0.0,0.0,1.0,0.0,0.0,0.0,0.0,1.0,0.0,0.0,0.0,12.0,1.0,30.0,2.0,3.0,1.0,8.0,0.0,13.0,0.0,7.0,141.0
0.0,1.0,1.0,0.0,0.0,0.0,0.0,0.0,1.0,0.0,0.0,0.0,0.0,0.0,0.0,1.0,0.0,0.0,5.0,3.0,7.0,2.0,3.0,1.0,2.0,0.0,19.0,0.0,7.0,204.0
0.0,1.0,0.0,0.0,1.0,0.0,0.0,0.0,0.0,1.0,0.0,0.0,0.0,0.0,0.0,0.0,1.0,0.0,0.0,3.0,14.0,2.0,3.0,3.0,1.0,1.0,22.0,0.0,4.0,149.0
1.0,1.0,0.0,0.0,0.0,1.0,0.0,1.0,0.0,0.0,0.0,0.0,0.0,0.0,1.0,0.0,0.0,0.0,25.0,3.0,35.0,2.0,3.0,1.0,3.0,0.0,15.0,1.0,0.0,135.0
1.0,2.0,0.0,0.0,0.0,1.0,0.0,0.0,0.0,1.0,1.0,0.0,0.0,0.0,0.0,0.0,0.0,0.0,17.0,1.0,16.0,2.0,3.0,1.0,7.0,1.0,12.0,1.0,2.0,124.0
1.0,2.0,0.0,0.0,0.0,1.0,0.0,0.0,0.0,1.0,1.0,0.0,0.0,0.0,0.0,0.0,0.0,0.0,0.0,3.0,16.0,2.0,3.0,5.0,2.0,1.0,11.0,1.0,2.0,124.0
1.0,1.0,0.0,0.0,0.0,0.0,1.0,1.0,0.0,0.0,0.0,0.0,0.0,0.0,0.0,1.0,0.0,1.0,10.0,3.0,15.0,2.0,3.0,5.0,2.0,0.0,19.0,1.0,0.0,118.0
0.0,1.0,1.0,0.0,0.0,0.0,0.0,0.0,1.0,0.0,0.0,0.0,0.0,1.0,0.0,0.0,0.0,0.0,9.0,3.0,9.0,3.0,4.0,1.0,1.0,0.0,19.0,0.0,4.0,176.0
0.0,1.0,0.0,0.0,1.0,0.0,0.0,1.0,0.0,0.0,0.0,0.0,0.0,0.0,1.0,0.0,0.0,0.0,9.0,1.0,10.0,3.0,3.0,4.0,8.0,0.0,13.0,0.0,2.0,151.0
1.0,1.0,0.0,0.0,1.0,0.0,0.0,1.0,0.0,0.0,0.0,0.0,0.0,0.0,1.0,0.0,0.0,0.0,29.0,1.0,7.0,2.0,3.0,3.0,2.0,0.0,21.0,0.0,9.0,163.0
1.0,1.0,0.0,0.0,0.0,0.0,1.0,0.0,0.0,1.0,0.0,0.0,0.0,1.0,0.0,0.0,0.0,1.0,0.0,1.0,7.0,2.0,3.0,1.0,10.0,1.0,14.0,2.0,2.0,148.0
0.0,1.0,0.0,0.0,1.0,0.0,0.0,0.0,1.0,0.0,0.0,0.0,0.0,0.0,0.0,1.0,0.0,0.0,7.0,3.0,34.0,3.0,4.0,3.0,2.0,0.0,21.0,1.0,7.0,167.0
1.0,1.0,0.0,0.0,1.0,0.0,0.0,0.0,1.0,0.0,0.0,0.0,0.0,0.0,1.0,0.0,0.0,0.0,14.0,3.0,9.0,2.0,4.0,4.0,3.0,0.0,11.0,1.0,4.0,189.0
1.0,2.0,0.0,0.0,0.0,1.0,0.0,0.0,0.0,1.0,0.0,1.0,0.0,0.0,0.0,0.0,0.0,0.0,5.0,1.0,16.0,3.0,3.0,5.0,2.0,0.0,14.0,0.0,2.0,124.0
0.0,2.0,1.0,0.0,0.0,0.0,0.0,0.0,1.0,0.0,0.0,0.0,0.0,0.0,1.0,0.0,0.0,0.0,8.0,2.0,32.0,2.0,3.0,1.0,2.0,1.0,16.0,1.0,7.0,188.0
0.0,1.0,0.0,0.0,1.0,0.0,0.0,0.0,1.0,0.0,0.0,0.0,0.0,0.0,1.0,0.0,0.0,0.0,11.0,3.0,16.0,3.0,3.0,1.0,2.0,0.0,11.0,0.0,9.0,153.0
1.0,1.0,0.0,0.0,1.0,0.0,0.0,1.0,0.0,0.0,0.0,0.0,0.0,0.0,1.0,0.0,0.0,1.0,13.0,3.0,7.0,3.0,3.0,3.0,8.0,0.0,12.0,1.0,1.0,167.0
0.0,1.0,0.0,0.0,1.0,0.0,0.0,0.0,1.0,0.0,0.0,0.0,0.0,0.0,0.0,1.0,0.0,0.0,9.0,3.0,17.0,3.0,4.0,1.0,5.0,0.0,13.0,1.0,0.0,167.0
0.0,2.0,0.0,0.0,1.0,0.0,0.0,0.0,0.0,1.0,0.0,0.0,0.0,0.0,1.0,0.0,0.0,0.0,18.0,3.0,26.0,2.0,3.0,3.0,9.0,0.0,15.0,0.0,1.0,149.0
1.0,2.0,0.0,0.0,0.0,1.0,0.0,0.0,0.0,1.0,0.0,0.0,0.0,0.0,1.0,0.0,0.0,0.0,13.0,1.0,8.0,3.0,4.0,3.0,3.0,0.0,14.0,0.0,2.0,128.0
1.0,1.0,0.0,0.0,1.0,0.0,0.0,1.0,0.0,0.0,0.0,0.0,0.0,0.0,1.0,0.0,0.0,0.0,8.0,1.0,24.0,3.0,3.0,3.0,2.0,1.0,14.0,0.0,2.0,157.0
0.0,1.0,0.0,0.0,0.0,1.0,0.0,0.0,1.0,0.0,1.0,0.0,0.0,0.0,0.0,0.0,0.0,0.0,10.0,1.0,8.0,3.0,3.0,3.0,3.0,0.0,14.0,0.0,2.0,120.0
0.0,1.0,0.0,0.0,0.0,1.0,0.0,0.0,0.0,1.0,0.0,0.0,0.0,0.0,1.0,0.0,0.0,0.0,8.0,1.0,7.0,3.0,5.0,1.0,2.0,0.0,12.0,1.0,1.0,130.0
1.0,1.0,0.0,0.0,1.0,0.0,0.0,0.0,0.0,1.0,0.0,0.0,0.0,0.0,0.0,0.0,1.0,0.0,2.0,1.0,19.0,2.0,4.0,4.0,5.0,1.0,13.0,0.0,3.0,140.0
0.0,2.0,0.0,0.0,0.0,0.0,1.0,0.0,0.0,1.0,0.0,0.0,0.0,1.0,0.0,0.0,0.0,0.0,2.0,1.0,34.0,3.0,4.0,5.0,2.0,0.0,14.0,0.0,4.0,138.0
1.0,1.0,1.0,0.0,0.0,0.0,0.0,0.0,1.0,0.0,0.0,0.0,0.0,0.0,0.0,1.0,0.0,1.0,13.0,3.0,34.0,2.0,4.0,5.0,5.0,1.0,13.0,2.0,0.0,209.0
0.0,1.0,0.0,1.0,0.0,0.0,0.0,0.0,1.0,0.0,0.0,0.0,0.0,0.0,0.0,1.0,0.0,0.0,12.0,3.0,30.0,2.0,4.0,1.0,1.0,0.0,11.0,3.0,5.0,220.0
1.0,2.0,0.0,0.0,1.0,0.0,0.0,1.0,0.0,0.0,0.0,0.0,0.0,1.0,0.0,0.0,0.0,0.0,4.0,1.0,11.0,3.0,3.0,5.0,1.0,0.0,19.0,1.0,7.0,199.0
0.0,2.0,0.0,0.0,0.0,1.0,0.0,0.0,0.0,1.0,0.0,0.0,0.0,0.0,0.0,0.0,1.0,0.0,0.0,3.0,11.0,3.0,4.0,3.0,1.0,0.0,18.0,1.0,0.0,130.0
1.0,1.0,1.0,0.0,0.0,0.0,0.0,0.0,1.0,0.0,0.0,0.0,0.0,1.0,0.0,0.0,0.0,0.0,12.0,1.0,12.0,2.0,4.0,5.0,5.0,0.0,15.0,0.0,7.0,200.0
1.0,1.0,0.0,0.0,1.0,0.0,0.0,1.0,0.0,0.0,0.0,0.0,0.0,1.0,0.0,0.0,0.0,0.0,22.0,3.0,8.0,3.0,4.0,4.0,3.0,0.0,14.0,1.0,8.0,154.0
0.0,2.0,0.0,0.0,1.0,0.0,0.0,0.0,1.0,0.0,0.0,0.0,0.0,0.0,1.0,0.0,0.0,1.0,5.0,3.0,7.0,4.0,4.0,2.0,10.0,1.0,12.0,2.0,6.0,185.0
1.0,2.0,0.0,0.0,0.0,0.0,1.0,0.0,0.0,1.0,0.0,0.0,0.0,0.0,0.0,0.0,1.0,1.0,1.0,1.0,9.0,4.0,5.0,3.0,8.0,1.0,16.0,1.0,1.0,146.0
1.0,2.0,0.0,0.0,0.0,0.0,1.0,0.0,0.0,1.0,0.0,0.0,0.0,0.0,1.0,0.0,0.0,1.0,1.0,1.0,31.0,3.0,5.0,3.0,7.0,1.0,15.0,1.0,4.0,145.0
1.0,2.0,0.0,0.0,1.0,0.0,0.0,0.0,1.0,0.0,0.0,0.0,0.0,0.0,1.0,0.0,0.0,1.0,1.0,3.0,16.0,3.0,5.0,5.0,9.0,0.0,24.0,1.0,4.0,159.0
1.0,2.0,0.0,0.0,0.0,0.0,1.0,0.0,1.0,0.0,0.0,0.0,0.0,1.0,0.0,0.0,0.0,1.0,1.0,1.0,13.0,3.0,4.0,5.0,4.0,0.0,12.0,2.0,4.0,155.0
1.0,0.0,0.0,0.0,1.0,0.0,0.0,0.0,0.0,1.0,0.0,1.0,0.0,0.0,0.0,0.0,0.0,1.0,3.0,3.0,12.0,3.0,4.0,2.0,5.0,0.0,15.0,1.0,1.0,146.0
1.0,0.0,0.0,0.0,0.0,0.0,1.0,0.0,0.0,1.0,0.0,0.0,0.0,1.0,0.0,0.0,0.0,1.0,1.0,1.0,7.0,4.0,4.0,2.0,4.0,1.0,17.0,3.0,1.0,148.0
1.0,0.0,0.0,0.0,0.0,0.0,1.0,0.0,1.0,0.0,0.0,0.0,0.0,0.0,0.0,1.0,0.0,1.0,14.0,3.0,10.0,3.0,5.0,3.0,3.0,1.0,15.0,1.0,3.0,152.0
1.0,2.0,1.0,0.0,0.0,0.0,0.0,0.0,1.0,0.0,0.0,0.0,0.0,0.0,1.0,0.0,0.0,1.0,12.0,1.0,7.0,4.0,5.0,3.0,11.0,1.0,14.0,1.0,1.0,179.0
1.0,2.0,0.0,0.0,0.0,0.0,1.0,0.0,1.0,0.0,0.0,1.0,0.0,0.0,0.0,0.0,0.0,1.0,1.0,1.0,12.0,3.0,4.0,3.0,3.0,1.0,14.0,3.0,3.0,159.0
1.0,0.0,0.0,0.0,0.0,0.0,1.0,0.0,1.0,0.0,0.0,0.0,0.0,1.0,0.0,0.0,0.0,1.0,1.0,1.0,16.0,4.0,5.0,3.0,2.0,1.0,18.0,1.0,1.0,159.0
1.0,2.0,1.0,0.0,0.0,0.0,0.0,0.0,1.0,0.0,0.0,0.0,0.0,1.0,0.0,0.0,0.0,1.0,10.0,3.0,16.0,4.0,5.0,2.0,3.0,0.0,17.0,1.0,5.0,221.0
1.0,1.0,0.0,0.0,0.0,0.0,1.0,0.0,0.0,1.0,0.0,0.0,0.0,0.0,0.0,0.0,1.0,1.0,1.0,2.0,13.0,4.0,4.0,5.0,6.0,1.0,23.0,2.0,3.0,146.0
0.0,2.0,0.0,0.0,0.0,0.0,1.0,1.0,0.0,0.0,0.0,0.0,0.0,0.0,1.0,0.0,0.0,1.0,1.0,1.0,13.0,4.0,5.0,2.0,3.0,1.0,19.0,2.0,1.0,154.0
1.0,2.0,0.0,0.0,1.0,0.0,0.0,0.0,1.0,0.0,0.0,0.0,0.0,0.0,0.0,1.0,0.0,1.0,1.0,3.0,12.0,3.0,5.0,3.0,3.0,1.0,12.0,2.0,4.0,182.0
0.0,0.0,0.0,0.0,0.0,0.0,1.0,0.0,1.0,0.0,0.0,0.0,0.0,0.0,1.0,0.0,0.0,1.0,20.0,1.0,21.0,4.0,4.0,4.0,11.0,1.0,19.0,2.0,4.0,175.0
1.0,2.0,0.0,0.0,0.0,0.0,1.0,0.0,0.0,1.0,0.0,0.0,0.0,0.0,0.0,1.0,0.0,1.0,1.0,3.0,29.0,3.0,4.0,3.0,3.0,1.0,20.0,1.0,1.0,142.0
0.0,2.0,0.0,0.0,0.0,0.0,1.0,0.0,1.0,0.0,0.0,0.0,0.0,1.0,0.0,0.0,0.0,1.0,1.0,1.0,16.0,3.0,4.0,5.0,9.0,0.0,23.0,2.0,5.0,167.0
1.0,0.0,1.0,0.0,0.0,0.0,0.0,0.0,1.0,0.0,0.0,0.0,0.0,0.0,0.0,1.0,0.0,0.0,9.0,3.0,7.0,4.0,4.0,4.0,3.0,0.0,14.0,2.0,7.0,198.0
1.0,0.0,0.0,0.0,1.0,0.0,0.0,0.0,0.0,1.0,0.0,0.0,0.0,0.0,0.0,1.0,0.0,0.0,27.0,3.0,13.0,3.0,4.0,3.0,4.0,1.0,21.0,1.0,6.0,148.0
0.0,2.0,1.0,0.0,0.0,0.0,0.0,1.0,0.0,0.0,0.0,0.0,0.0,0.0,0.0,1.0,0.0,0.0,6.0,3.0,15.0,3.0,4.0,2.0,3.0,0.0,15.0,3.0,5.0,215.0
1.0,0.0,0.0,0.0,1.0,0.0,0.0,1.0,0.0,0.0,0.0,1.0,0.0,0.0,0.0,0.0,0.0,0.0,3.0,1.0,7.0,3.0,4.0,3.0,3.0,0.0,14.0,1.0,10.0,168.0
1.0,0.0,0.0,0.0,1.0,0.0,0.0,0.0,1.0,0.0,0.0,0.0,0.0,1.0,0.0,0.0,0.0,0.0,1.0,1.0,14.0,3.0,5.0,3.0,4.0,0.0,18.0,2.0,1.0,186.0
0.0,0.0,0.0,0.0,0.0,0.0,1.0,0.0,1.0,0.0,0.0,0.0,0.0,1.0,0.0,0.0,0.0,0.0,31.0,1.0,16.0,4.0,5.0,4.0,6.0,1.0,21.0,2.0,1.0,158.0
0.0,0.0,0.0,0.0,0.0,0.0,1.0,1.0,0.0,0.0,0.0,0.0,0.0,0.0,0.0,1.0,0.0,0.0,8.0,3.0,9.0,4.0,4.0,3.0,8.0,0.0,19.0,2.0,3.0,147.0
1.0,0.0,0.0,0.0,0.0,0.0,1.0,0.0,0.0,1.0,0.0,0.0,0.0,1.0,0.0,0.0,0.0,0.0,1.0,1.0,26.0,4.0,4.0,2.0,3.0,0.0,25.0,1.0,3.0,148.0
1.0,1.0,0.0,0.0,0.0,0.0,1.0,1.0,0.0,0.0,0.0,0.0,0.0,1.0,0.0,0.0,0.0,0.0,1.0,1.0,16.0,3.0,4.0,4.0,8.0,0.0,19.0,1.0,3.0,145.0
1.0,0.0,0.0,0.0,0.0,0.0,1.0,0.0,1.0,0.0,0.0,0.0,0.0,1.0,0.0,0.0,0.0,0.0,2.0,1.0,28.0,3.0,4.0,2.0,3.0,0.0,12.0,1.0,3.0,152.0
1.0,1.0,1.0,0.0,0.0,0.0,0.0,0.0,1.0,0.0,0.0,0.0,0.0,0.0,1.0,0.0,0.0,0.0,31.0,1.0,31.0,3.0,3.0,2.0,5.0,1.0,17.0,2.0,5.0,219.0
1.0,1.0,0.0,0.0,0.0,0.0,1.0,1.0,0.0,0.0,0.0,0.0,0.0,1.0,0.0,0.0,0.0,0.0,1.0,1.0,10.0,4.0,5.0,3.0,3.0,1.0,16.0,1.0,2.0,151.0
1.0,1.0,0.0,0.0,0.0,0.0,1.0,0.0,0.0,1.0,0.0,0.0,0.0,0.0,1.0,0.0,0.0,0.0,15.0,1.0,21.0,3.0,4.0,3.0,6.0,0.0,13.0,2.0,9.0,150.0
0.0,0.0,1.0,0.0,0.0,0.0,0.0,0.0,1.0,0.0,0.0,0.0,0.0,0.0,1.0,0.0,0.0,0.0,4.0,3.0,12.0,3.0,4.0,2.0,4.0,0.0,13.0,3.0,5.0,219.0
0.0,2.0,0.0,0.0,1.0,0.0,0.0,0.0,1.0,0.0,0.0,0.0,0.0,0.0,1.0,0.0,0.0,0.0,12.0,3.0,7.0,3.0,5.0,2.0,6.0,0.0,23.0,2.0,5.0,212.0
1.0,2.0,0.0,0.0,0.0,0.0,1.0,0.0,1.0,0.0,0.0,0.0,0.0,0.0,1.0,0.0,0.0,0.0,6.0,1.0,13.0,3.0,4.0,3.0,5.0,0.0,21.0,1.0,5.0,155.0
1.0,0.0,0.0,0.0,0.0,0.0,1.0,0.0,1.0,0.0,0.0,1.0,0.0,0.0,0.0,0.0,0.0,0.0,1.0,1.0,24.0,3.0,4.0,4.0,2.0,1.0,17.0,2.0,2.0,156.0
1.0,1.0,0.0,0.0,1.0,0.0,0.0,1.0,0.0,0.0,0.0,0.0,0.0,1.0,0.0,0.0,0.0,0.0,4.0,1.0,16.0,4.0,4.0,5.0,3.0,0.0,12.0,1.0,11.0,156.0
0.0,1.0,0.0,0.0,1.0,0.0,0.0,0.0,1.0,0.0,0.0,0.0,0.0,0.0,1.0,0.0,0.0,0.0,19.0,3.0,11.0,2.0,4.0,5.0,6.0,1.0,12.0,1.0,4.0,175.0
0.0,1.0,0.0,0.0,0.0,0.0,1.0,0.0,1.0,0.0,0.0,0.0,0.0,0.0,1.0,0.0,0.0,0.0,30.0,1.0,15.0,4.0,4.0,5.0,6.0,1.0,19.0,2.0,3.0,168.0
1.0,2.0,0.0,0.0,0.0,0.0,1.0,0.0,1.0,0.0,0.0,0.0,0.0,0.0,1.0,0.0,0.0,0.0,7.0,1.0,9.0,3.0,4.0,2.0,2.0,0.0,15.0,1.0,3.0,150.0
1.0,2.0,0.0,0.0,0.0,0.0,1.0,0.0,0.0,1.0,0.0,0.0,0.0,0.0,1.0,0.0,0.0,1.0,1.0,1.0,9.0,3.0,5.0,2.0,3.0,0.0,23.0,1.0,1.0,136.0
0.0,2.0,0.0,0.0,0.0,0.0,1.0,0.0,0.0,1.0,0.0,0.0,0.0,0.0,1.0,0.0,0.0,0.0,12.0,1.0,16.0,4.0,4.0,2.0,3.0,0.0,13.0,2.0,2.0,148.0
0.0,0.0,0.0,0.0,0.0,0.0,1.0,0.0,1.0,0.0,0.0,0.0,0.0,1.0,0.0,0.0,0.0,0.0,5.0,1.0,19.0,4.0,4.0,2.0,10.0,1.0,24.0,2.0,3.0,164.0
0.0,2.0,0.0,0.0,0.0,0.0,1.0,0.0,0.0,1.0,0.0,0.0,0.0,1.0,0.0,0.0,0.0,0.0,8.0,1.0,34.0,4.0,4.0,4.0,4.0,0.0,16.0,2.0,3.0,148.0
0.0,2.0,0.0,0.0,0.0,0.0,1.0,0.0,1.0,0.0,0.0,0.0,0.0,0.0,0.0,1.0,0.0,1.0,5.0,3.0,27.0,4.0,4.0,4.0,3.0,1.0,23.0,1.0,3.0,156.0
1.0,0.0,0.0,0.0,0.0,0.0,1.0,0.0,1.0,0.0,0.0,0.0,0.0,1.0,0.0,0.0,0.0,0.0,24.0,1.0,7.0,3.0,5.0,3.0,4.0,0.0,16.0,1.0,3.0,162.0
0.0,1.0,0.0,0.0,1.0,0.0,0.0,0.0,1.0,0.0,0.0,0.0,0.0,1.0,0.0,0.0,0.0,0.0,27.0,1.0,20.0,3.0,3.0,5.0,3.0,0.0,12.0,2.0,4.0,170.0
0.0,0.0,0.0,0.0,0.0,0.0,1.0,0.0,1.0,0.0,0.0,0.0,0.0,1.0,0.0,0.0,0.0,0.0,7.0,1.0,21.0,4.0,4.0,4.0,3.0,0.0,14.0,1.0,7.0,153.0
1.0,0.0,0.0,0.0,1.0,0.0,0.0,1.0,0.0,0.0,0.0,0.0,0.0,0.0,1.0,0.0,0.0,0.0,8.0,1.0,9.0,3.0,5.0,3.0,3.0,0.0,18.0,1.0,5.0,220.0
0.0,2.0,0.0,0.0,0.0,0.0,1.0,0.0,0.0,1.0,0.0,0.0,0.0,1.0,0.0,0.0,0.0,0.0,1.0,1.0,16.0,3.0,4.0,4.0,3.0,0.0,17.0,2.0,4.0,148.0
1.0,0.0,0.0,0.0,1.0,0.0,0.0,0.0,1.0,0.0,0.0,0.0,0.0,0.0,1.0,0.0,0.0,1.0,1.0,1.0,30.0,3.0,5.0,3.0,5.0,1.0,14.0,2.0,2.0,184.0
1.0,1.0,0.0,0.0,0.0,0.0,1.0,1.0,0.0,0.0,0.0,0.0,0.0,1.0,0.0,0.0,0.0,0.0,17.0,1.0,14.0,3.0,3.0,2.0,6.0,0.0,15.0,1.0,3.0,146.0
1.0,0.0,0.0,0.0,0.0,0.0,1.0,0.0,1.0,0.0,0.0,0.0,0.0,0.0,1.0,0.0,0.0,0.0,11.0,1.0,28.0,4.0,3.0,5.0,3.0,1.0,13.0,1.0,8.0,161.0
0.0,2.0,0.0,0.0,1.0,0.0,0.0,1.0,0.0,0.0,0.0,0.0,0.0,1.0,0.0,0.0,0.0,0.0,9.0,1.0,9.0,3.0,4.0,4.0,7.0,0.0,12.0,2.0,3.0,169.0
0.0,1.0,0.0,0.0,1.0,0.0,0.0,1.0,0.0,0.0,0.0,0.0,0.0,1.0,0.0,0.0,0.0,0.0,16.0,1.0,28.0,3.0,4.0,3.0,4.0,0.0,17.0,1.0,3.0,178.0
1.0,0.0,0.0,0.0,1.0,0.0,0.0,0.0,1.0,0.0,0.0,0.0,0.0,0.0,1.0,0.0,0.0,0.0,12.0,1.0,9.0,3.0,4.0,3.0,11.0,0.0,15.0,1.0,1.0,191.0
1.0,0.0,0.0,0.0,1.0,0.0,0.0,0.0,1.0,0.0,0.0,1.0,0.0,0.0,0.0,0.0,0.0,0.0,12.0,1.0,36.0,3.0,4.0,2.0,5.0,0.0,19.0,1.0,8.0,188.0
1.0,0.0,0.0,0.0,1.0,0.0,0.0,1.0,0.0,0.0,0.0,1.0,0.0,0.0,0.0,0.0,0.0,0.0,1.0,1.0,7.0,3.0,5.0,5.0,7.0,0.0,20.0,1.0,1.0,168.0
1.0,1.0,0.0,0.0,1.0,0.0,0.0,1.0,0.0,0.0,0.0,0.0,0.0,0.0,1.0,0.0,0.0,0.0,23.0,1.0,25.0,4.0,4.0,2.0,3.0,1.0,16.0,1.0,8.0,193.0
1.0,1.0,0.0,0.0,0.0,0.0,1.0,1.0,0.0,0.0,0.0,0.0,0.0,1.0,0.0,0.0,0.0,0.0,8.0,1.0,17.0,3.0,4.0,3.0,3.0,1.0,18.0,3.0,1.0,163.0
1.0,0.0,0.0,0.0,1.0,0.0,0.0,0.0,1.0,0.0,0.0,0.0,0.0,1.0,0.0,0.0,0.0,0.0,14.0,1.0,26.0,3.0,4.0,2.0,10.0,1.0,16.0,2.0,8.0,152.0
1.0,0.0,0.0,0.0,1.0,0.0,0.0,0.0,1.0,0.0,0.0,0.0,0.0,1.0,0.0,0.0,0.0,1.0,2.0,1.0,36.0,4.0,4.0,5.0,9.0,1.0,20.0,1.0,1.0,192.0
0.0,0.0,1.0,0.0,0.0,0.0,0.0,0.0,1.0,0.0,0.0,0.0,0.0,0.0,0.0,1.0,0.0,1.0,1.0,3.0,34.0,3.0,4.0,2.0,3.0,0.0,23.0,2.0,10.0,201.0
1.0,1.0,0.0,0.0,0.0,0.0,1.0,0.0,0.0,1.0,0.0,0.0,0.0,0.0,1.0,0.0,0.0,0.0,1.0,1.0,12.0,3.0,3.0,4.0,3.0,1.0,17.0,1.0,3.0,148.0
0.0,2.0,0.0,0.0,0.0,0.0,1.0,1.0,0.0,0.0,0.0,0.0,0.0,1.0,0.0,0.0,0.0,0.0,10.0,1.0,25.0,4.0,4.0,2.0,3.0,0.0,14.0,2.0,8.0,147.0
1.0,0.0,0.0,0.0,1.0,0.0,0.0,1.0,0.0,0.0,0.0,0.0,0.0,0.0,1.0,0.0,0.0,0.0,14.0,1.0,16.0,4.0,5.0,2.0,11.0,0.0,15.0,2.0,3.0,174.0
1.0,1.0,1.0,0.0,0.0,0.0,0.0,0.0,1.0,0.0,0.0,0.0,0.0,1.0,0.0,0.0,0.0,0.0,20.0,1.0,7.0,4.0,4.0,5.0,9.0,0.0,17.0,1.0,5.0,219.0
1.0,2.0,1.0,0.0,0.0,0.0,0.0,1.0,0.0,0.0,0.0,0.0,0.0,0.0,1.0,0.0,0.0,0.0,4.0,1.0,7.0,3.0,5.0,3.0,3.0,0.0,23.0,3.0,5.0,210.0
0.0,2.0,0.0,0.0,1.0,0.0,0.0,1.0,0.0,0.0,0.0,0.0,0.0,0.0,1.0,0.0,0.0,0.0,1.0,3.0,27.0,3.0,4.0,3.0,3.0,0.0,15.0,2.0,5.0,225.0
0.0,2.0,0.0,0.0,0.0,0.0,1.0,0.0,1.0,0.0,0.0,1.0,0.0,0.0,0.0,0.0,0.0,1.0,1.0,1.0,10.0,3.0,4.0,5.0,7.0,1.0,12.0,2.0,5.0,152.0
0.0,2.0,0.0,0.0,1.0,0.0,0.0,1.0,0.0,0.0,0.0,0.0,0.0,0.0,0.0,1.0,0.0,1.0,1.0,3.0,33.0,3.0,5.0,5.0,7.0,0.0,16.0,1.0,2.0,192.0
1.0,2.0,0.0,0.0,0.0,0.0,1.0,0.0,0.0,1.0,0.0,1.0,0.0,0.0,0.0,0.0,0.0,1.0,1.0,1.0,7.0,3.0,4.0,3.0,2.0,0.0,15.0,1.0,6.0,146.0
0.0,0.0,0.0,0.0,1.0,0.0,0.0,0.0,1.0,0.0,0.0,0.0,0.0,0.0,0.0,1.0,0.0,0.0,28.0,3.0,10.0,3.0,4.0,5.0,4.0,0.0,15.0,2.0,6.0,184.0
1.0,2.0,0.0,0.0,1.0,0.0,0.0,0.0,1.0,0.0,0.0,0.0,0.0,0.0,1.0,0.0,0.0,0.0,10.0,1.0,12.0,4.0,4.0,4.0,10.0,0.0,17.0,1.0,8.0,184.0
0.0,0.0,0.0,0.0,0.0,0.0,1.0,0.0,1.0,0.0,0.0,0.0,0.0,1.0,0.0,0.0,0.0,0.0,7.0,1.0,11.0,3.0,5.0,4.0,8.0,0.0,22.0,1.0,2.0,151.0
1.0,0.0,0.0,0.0,0.0,0.0,1.0,0.0,0.0,1.0,0.0,0.0,0.0,0.0,1.0,0.0,0.0,0.0,31.0,1.0,10.0,4.0,5.0,2.0,5.0,0.0,18.0,1.0,1.0,147.0
0.0,2.0,1.0,0.0,0.0,0.0,0.0,1.0,0.0,0.0,0.0,0.0,0.0,0.0,0.0,1.0,0.0,0.0,9.0,3.0,7.0,4.0,4.0,3.0,3.0,0.0,15.0,2.0,5.0,213.0
1.0,2.0,0.0,0.0,0.0,0.0,1.0,0.0,0.0,1.0,0.0,0.0,0.0,1.0,0.0,0.0,0.0,1.0,1.0,1.0,25.0,3.0,5.0,2.0,3.0,1.0,14.0,1.0,2.0,149.0
0.0,2.0,0.0,0.0,0.0,0.0,1.0,0.0,1.0,0.0,0.0,0.0,0.0,0.0,1.0,0.0,0.0,0.0,26.0,1.0,9.0,3.0,5.0,2.0,9.0,0.0,16.0,1.0,3.0,157.0
1.0,0.0,0.0,0.0,0.0,0.0,1.0,0.0,0.0,1.0,0.0,0.0,0.0,1.0,0.0,0.0,0.0,0.0,31.0,2.0,13.0,3.0,4.0,3.0,10.0,0.0,18.0,3.0,3.0,148.0
1.0,0.0,0.0,0.0,0.0,0.0,1.0,0.0,0.0,1.0,0.0,0.0,0.0,1.0,0.0,0.0,0.0,1.0,1.0,1.0,21.0,3.0,4.0,2.0,7.0,1.0,14.0,1.0,5.0,149.0
0.0,0.0,0.0,0.0,0.0,0.0,1.0,0.0,1.0,0.0,0.0,0.0,0.0,0.0,1.0,0.0,0.0,1.0,1.0,1.0,9.0,3.0,4.0,5.0,9.0,0.0,21.0,2.0,8.0,152.0
0.0,0.0,0.0,0.0,0.0,0.0,1.0,0.0,1.0,0.0,0.0,0.0,0.0,0.0,1.0,0.0,0.0,0.0,6.0,3.0,11.0,3.0,4.0,4.0,4.0,0.0,12.0,2.0,3.0,164.0
1.0,2.0,0.0,0.0,0.0,0.0,1.0,0.0,1.0,0.0,0.0,0.0,0.0,0.0,1.0,0.0,0.0,1.0,1.0,1.0,7.0,4.0,5.0,3.0,2.0,1.0,15.0,2.0,3.0,162.0
0.0,1.0,0.0,0.0,0.0,0.0,1.0,0.0,0.0,1.0,0.0,0.0,0.0,1.0,0.0,0.0,0.0,0.0,13.0,1.0,7.0,4.0,4.0,3.0,9.0,0.0,15.0,1.0,3.0,147.0
1.0,0.0,0.0,0.0,1.0,0.0,0.0,1.0,0.0,0.0,0.0,0.0,0.0,0.0,0.0,1.0,0.0,0.0,6.0,3.0,33.0,4.0,4.0,2.0,2.0,0.0,19.0,2.0,3.0,170.0
1.0,1.0,0.0,0.0,1.0,0.0,0.0,0.0,1.0,0.0,0.0,0.0,0.0,0.0,1.0,0.0,0.0,0.0,15.0,1.0,26.0,3.0,4.0,5.0,4.0,0.0,17.0,2.0,1.0,156.0
1.0,1.0,0.0,0.0,1.0,0.0,0.0,0.0,1.0,0.0,0.0,1.0,0.0,0.0,0.0,0.0,0.0,0.0,14.0,1.0,31.0,4.0,4.0,2.0,3.0,0.0,18.0,3.0,8.0,158.0
0.0,0.0,0.0,0.0,0.0,0.0,1.0,0.0,1.0,0.0,0.0,0.0,0.0,0.0,1.0,0.0,0.0,0.0,7.0,1.0,12.0,4.0,5.0,2.0,3.0,0.0,14.0,1.0,3.0,154.0
1.0,0.0,0.0,0.0,1.0,0.0,0.0,0.0,1.0,0.0,0.0,0.0,0.0,0.0,1.0,0.0,0.0,0.0,8.0,1.0,9.0,3.0,5.0,5.0,8.0,0.0,14.0,1.0,10.0,185.0
0.0,0.0,0.0,0.0,0.0,0.0,1.0,0.0,1.0,0.0,0.0,0.0,0.0,1.0,0.0,0.0,0.0,0.0,11.0,1.0,7.0,3.0,5.0,5.0,4.0,0.0,15.0,2.0,3.0,164.0
1.0,0.0,0.0,0.0,1.0,0.0,0.0,1.0,0.0,0.0,0.0,0.0,0.0,0.0,1.0,0.0,0.0,0.0,19.0,1.0,14.0,4.0,3.0,3.0,6.0,0.0,18.0,1.0,3.0,189.0
1.0,1.0,1.0,0.0,0.0,0.0,0.0,1.0,0.0,0.0,0.0,0.0,0.0,1.0,0.0,0.0,0.0,1.0,1.0,1.0,17.0,4.0,4.0,3.0,8.0,0.0,12.0,2.0,5.0,225.0
1.0,2.0,0.0,0.0,0.0,0.0,1.0,0.0,0.0,1.0,0.0,0.0,0.0,0.0,1.0,0.0,0.0,0.0,3.0,1.0,22.0,3.0,4.0,2.0,3.0,0.0,20.0,1.0,6.0,148.0
0.0,2.0,0.0,0.0,1.0,0.0,0.0,0.0,1.0,0.0,0.0,0.0,0.0,0.0,1.0,0.0,0.0,0.0,16.0,1.0,24.0,3.0,3.0,5.0,5.0,1.0,14.0,1.0,3.0,190.0
1.0,1.0,0.0,0.0,1.0,0.0,0.0,0.0,1.0,0.0,0.0,0.0,0.0,0.0,0.0,1.0,0.0,0.0,3.0,3.0,27.0,3.0,4.0,2.0,4.0,0.0,15.0,2.0,3.0,194.0
0.0,0.0,0.0,0.0,1.0,0.0,0.0,0.0,1.0,0.0,0.0,0.0,0.0,0.0,1.0,0.0,0.0,0.0,1.0,1.0,7.0,4.0,4.0,3.0,2.0,0.0,13.0,2.0,3.0,174.0
1.0,0.0,0.0,0.0,0.0,0.0,1.0,0.0,1.0,0.0,0.0,0.0,0.0,0.0,1.0,0.0,0.0,0.0,25.0,1.0,7.0,4.0,4.0,2.0,3.0,0.0,12.0,2.0,1.0,152.0
1.0,2.0,0.0,0.0,0.0,0.0,1.0,1.0,0.0,0.0,0.0,0.0,0.0,1.0,0.0,0.0,0.0,1.0,1.0,1.0,36.0,4.0,5.0,4.0,2.0,0.0,12.0,2.0,5.0,160.0
1.0,0.0,0.0,0.0,0.0,0.0,1.0,1.0,0.0,0.0,0.0,0.0,0.0,0.0,1.0,0.0,0.0,0.0,6.0,1.0,14.0,4.0,3.0,4.0,3.0,0.0,21.0,1.0,4.0,153.0
1.0,2.0,0.0,0.0,1.0,0.0,0.0,0.0,0.0,1.0,0.0,1.0,0.0,0.0,0.0,0.0,0.0,0.0,6.0,1.0,9.0,3.0,5.0,5.0,6.0,0.0,14.0,1.0,5.0,147.0
1.0,2.0,0.0,0.0,0.0,0.0,1.0,0.0,1.0,0.0,0.0,0.0,0.0,0.0,1.0,0.0,0.0,1.0,1.0,1.0,9.0,4.0,4.0,3.0,4.0,0.0,12.0,2.0,1.0,160.0
1.0,0.0,0.0,0.0,1.0,0.0,0.0,0.0,1.0,0.0,0.0,0.0,0.0,1.0,0.0,0.0,0.0,0.0,3.0,3.0,9.0,4.0,5.0,4.0,4.0,0.0,20.0,1.0,1.0,191.0
1.0,0.0,0.0,0.0,1.0,0.0,0.0,0.0,1.0,0.0,0.0,0.0,0.0,1.0,0.0,0.0,0.0,0.0,5.0,1.0,30.0,4.0,5.0,2.0,2.0,0.0,22.0,2.0,9.0,181.0
1.0,1.0,0.0,0.0,1.0,0.0,0.0,1.0,0.0,0.0,0.0,0.0,0.0,0.0,1.0,0.0,0.0,0.0,1.0,1.0,12.0,3.0,3.0,5.0,3.0,0.0,13.0,2.0,6.0,165.0
1.0,0.0,0.0,0.0,0.0,0.0,1.0,0.0,0.0,1.0,0.0,0.0,0.0,1.0,0.0,0.0,0.0,0.0,2.0,1.0,16.0,4.0,4.0,2.0,3.0,0.0,24.0,2.0,5.0,146.0
1.0,0.0,0.0,0.0,1.0,0.0,0.0,0.0,1.0,0.0,0.0,0.0,0.0,1.0,0.0,0.0,0.0,0.0,11.0,3.0,13.0,4.0,4.0,2.0,6.0,0.0,15.0,1.0,2.0,190.0
1.0,2.0,0.0,0.0,0.0,0.0,1.0,0.0,1.0,0.0,0.0,0.0,0.0,1.0,0.0,0.0,0.0,0.0,1.0,1.0,10.0,4.0,5.0,3.0,3.0,0.0,18.0,2.0,1.0,157.0
0.0,1.0,0.0,0.0,1.0,0.0,0.0,0.0,1.0,0.0,0.0,0.0,0.0,1.0,0.0,0.0,0.0,0.0,12.0,3.0,14.0,3.0,3.0,5.0,3.0,1.0,25.0,1.0,8.0,181.0
0.0,1.0,0.0,0.0,1.0,0.0,0.0,1.0,0.0,0.0,0.0,0.0,0.0,0.0,1.0,0.0,0.0,0.0,1.0,1.0,7.0,3.0,4.0,4.0,3.0,0.0,21.0,1.0,5.0,189.0
1.0,2.0,0.0,0.0,1.0,0.0,0.0,1.0,0.0,0.0,0.0,0.0,0.0,0.0,1.0,0.0,0.0,0.0,3.0,3.0,9.0,3.0,4.0,2.0,3.0,0.0,19.0,1.0,10.0,171.0
1.0,0.0,0.0,0.0,1.0,0.0,0.0,0.0,1.0,0.0,0.0,1.0,0.0,0.0,0.0,0.0,0.0,0.0,29.0,1.0,27.0,3.0,4.0,2.0,5.0,1.0,20.0,2.0,9.0,179.0
1.0,0.0,0.0,0.0,1.0,0.0,0.0,1.0,0.0,0.0,0.0,0.0,0.0,1.0,0.0,0.0,0.0,0.0,1.0,1.0,18.0,3.0,4.0,5.0,3.0,1.0,14.0,3.0,4.0,172.0
0.0,2.0,0.0,0.0,0.0,0.0,1.0,0.0,0.0,1.0,0.0,0.0,0.0,0.0,1.0,0.0,0.0,0.0,11.0,1.0,7.0,3.0,4.0,2.0,3.0,0.0,13.0,2.0,8.0,146.0
1.0,1.0,0.0,0.0,0.0,0.0,1.0,1.0,0.0,0.0,0.0,0.0,0.0,0.0,1.0,0.0,0.0,1.0,8.0,1.0,31.0,3.0,4.0,3.0,5.0,1.0,23.0,1.0,1.0,157.0
1.0,1.0,0.0,0.0,1.0,0.0,0.0,0.0,1.0,0.0,0.0,0.0,0.0,0.0,1.0,0.0,0.0,0.0,12.0,1.0,30.0,3.0,4.0,2.0,11.0,0.0,15.0,1.0,3.0,182.0
1.0,1.0,0.0,0.0,0.0,0.0,1.0,0.0,0.0,1.0,0.0,0.0,0.0,1.0,0.0,0.0,0.0,1.0,1.0,1.0,23.0,3.0,4.0,4.0,4.0,1.0,14.0,2.0,3.0,149.0
0.0,2.0,0.0,0.0,0.0,0.0,1.0,0.0,1.0,0.0,0.0,0.0,0.0,0.0,1.0,0.0,0.0,0.0,2.0,1.0,15.0,4.0,4.0,2.0,3.0,0.0,22.0,1.0,3.0,158.0
0.0,1.0,0.0,0.0,0.0,0.0,1.0,1.0,0.0,0.0,0.0,0.0,0.0,0.0,0.0,1.0,0.0,0.0,5.0,3.0,12.0,3.0,4.0,4.0,3.0,0.0,12.0,1.0,3.0,153.0
1.0,0.0,0.0,0.0,0.0,0.0,1.0,1.0,0.0,0.0,0.0,0.0,0.0,1.0,0.0,0.0,0.0,0.0,11.0,1.0,16.0,3.0,4.0,2.0,3.0,1.0,13.0,1.0,3.0,148.0
1.0,2.0,0.0,0.0,0.0,0.0,1.0,0.0,0.0,1.0,0.0,0.0,0.0,0.0,1.0,0.0,0.0,1.0,1.0,1.0,10.0,3.0,4.0,3.0,3.0,0.0,14.0,1.0,1.0,139.0
1.0,0.0,0.0,0.0,0.0,0.0,1.0,1.0,0.0,0.0,0.0,0.0,0.0,0.0,1.0,0.0,0.0,0.0,10.0,1.0,25.0,3.0,3.0,2.0,6.0,0.0,19.0,1.0,1.0,162.0
0.0,2.0,0.0,0.0,0.0,0.0,1.0,0.0,0.0,1.0,0.0,0.0,0.0,1.0,0.0,0.0,0.0,0.0,1.0,3.0,17.0,4.0,5.0,3.0,3.0,0.0,13.0,2.0,1.0,137.0
1.0,2.0,0.0,0.0,1.0,0.0,0.0,0.0,1.0,0.0,0.0,0.0,0.0,1.0,0.0,0.0,0.0,0.0,2.0,1.0,23.0,4.0,3.0,5.0,2.0,0.0,20.0,1.0,8.0,182.0
0.0,0.0,0.0,0.0,1.0,0.0,0.0,1.0,0.0,0.0,0.0,0.0,0.0,0.0,1.0,0.0,0.0,0.0,10.0,1.0,31.0,3.0,4.0,4.0,9.0,0.0,16.0,1.0,9.0,182.0
1.0,0.0,0.0,0.0,1.0,0.0,0.0,0.0,1.0,0.0,0.0,0.0,0.0,0.0,1.0,0.0,0.0,0.0,6.0,3.0,14.0,4.0,5.0,3.0,3.0,0.0,15.0,2.0,9.0,180.0
1.0,0.0,0.0,0.0,0.0,0.0,1.0,0.0,1.0,0.0,0.0,1.0,0.0,0.0,0.0,0.0,0.0,0.0,5.0,1.0,12.0,3.0,4.0,2.0,2.0,1.0,13.0,1.0,4.0,173.0
1.0,0.0,0.0,0.0,1.0,0.0,0.0,0.0,1.0,0.0,0.0,0.0,0.0,0.0,0.0,0.0,1.0,0.0,5.0,2.0,9.0,4.0,5.0,5.0,5.0,0.0,13.0,1.0,1.0,189.0
1.0,1.0,0.0,0.0,0.0,0.0,1.0,0.0,1.0,0.0,0.0,0.0,0.0,0.0,1.0,0.0,0.0,0.0,5.0,1.0,9.0,3.0,4.0,2.0,2.0,1.0,19.0,2.0,3.0,152.0
0.0,2.0,0.0,0.0,0.0,0.0,1.0,1.0,0.0,0.0,0.0,0.0,0.0,0.0,1.0,0.0,0.0,0.0,17.0,1.0,17.0,3.0,4.0,2.0,2.0,0.0,20.0,1.0,8.0,150.0
0.0,2.0,0.0,0.0,0.0,0.0,1.0,0.0,1.0,0.0,0.0,0.0,0.0,0.0,1.0,0.0,0.0,0.0,1.0,1.0,12.0,3.0,4.0,4.0,3.0,1.0,13.0,1.0,3.0,150.0
1.0,2.0,0.0,0.0,1.0,0.0,0.0,0.0,1.0,0.0,0.0,0.0,0.0,0.0,1.0,0.0,0.0,0.0,1.0,3.0,9.0,4.0,4.0,3.0,3.0,1.0,12.0,2.0,5.0,170.0
1.0,1.0,0.0,0.0,1.0,0.0,0.0,0.0,1.0,0.0,0.0,0.0,0.0,0.0,0.0,1.0,0.0,0.0,5.0,3.0,14.0,4.0,4.0,2.0,6.0,0.0,13.0,1.0,8.0,200.0
0.0,2.0,0.0,0.0,1.0,0.0,0.0,0.0,1.0,0.0,0.0,0.0,0.0,1.0,0.0,0.0,0.0,0.0,6.0,1.0,9.0,4.0,3.0,2.0,9.0,0.0,17.0,2.0,8.0,176.0
0.0,0.0,0.0,0.0,1.0,0.0,0.0,0.0,1.0,0.0,0.0,0.0,0.0,1.0,0.0,0.0,0.0,0.0,4.0,1.0,35.0,4.0,4.0,2.0,3.0,0.0,14.0,1.0,10.0,183.0
0.0,0.0,0.0,0.0,1.0,0.0,0.0,0.0,1.0,0.0,0.0,0.0,0.0,1.0,0.0,0.0,0.0,1.0,3.0,3.0,10.0,3.0,4.0,3.0,6.0,1.0,19.0,2.0,1.0,177.0
1.0,2.0,0.0,0.0,1.0,0.0,0.0,1.0,0.0,0.0,0.0,0.0,0.0,0.0,0.0,1.0,0.0,0.0,7.0,3.0,17.0,3.0,5.0,2.0,5.0,0.0,15.0,2.0,2.0,172.0
0.0,1.0,0.0,0.0,1.0,0.0,0.0,1.0,0.0,0.0,0.0,0.0,0.0,0.0,1.0,0.0,0.0,0.0,17.0,1.0,17.0,3.0,5.0,3.0,3.0,0.0,12.0,1.0,1.0,178.0
1.0,0.0,0.0,0.0,1.0,0.0,0.0,1.0,0.0,0.0,0.0,0.0,0.0,0.0,0.0,1.0,0.0,0.0,1.0,3.0,7.0,4.0,4.0,4.0,2.0,1.0,14.0,1.0,5.0,188.0
0.0,2.0,0.0,0.0,1.0,0.0,0.0,1.0,0.0,0.0,0.0,0.0,0.0,0.0,1.0,0.0,0.0,0.0,28.0,1.0,27.0,3.0,4.0,3.0,5.0,0.0,13.0,2.0,4.0,174.0
0.0,0.0,1.0,0.0,0.0,0.0,0.0,0.0,1.0,0.0,0.0,0.0,0.0,0.0,1.0,0.0,0.0,0.0,17.0,1.0,14.0,3.0,4.0,5.0,10.0,0.0,17.0,2.0,5.0,225.0
1.0,2.0,0.0,0.0,0.0,0.0,1.0,0.0,1.0,0.0,0.0,0.0,0.0,0.0,0.0,0.0,1.0,0.0,3.0,1.0,16.0,2.0,5.0,2.0,2.0,0.0,18.0,3.0,3.0,165.0
0.0,1.0,0.0,0.0,1.0,0.0,0.0,0.0,1.0,0.0,0.0,0.0,0.0,0.0,0.0,1.0,0.0,0.0,4.0,3.0,12.0,2.0,5.0,3.0,3.0,0.0,14.0,1.0,3.0,186.0
0.0,0.0,0.0,0.0,1.0,0.0,0.0,0.0,1.0,0.0,0.0,0.0,0.0,0.0,0.0,1.0,0.0,0.0,1.0,3.0,15.0,3.0,4.0,4.0,3.0,0.0,19.0,1.0,8.0,187.0
1.0,1.0,0.0,0.0,1.0,0.0,0.0,0.0,1.0,0.0,0.0,0.0,0.0,1.0,0.0,0.0,0.0,0.0,11.0,1.0,12.0,4.0,4.0,2.0,9.0,0.0,17.0,1.0,5.0,188.0
0.0,2.0,1.0,0.0,0.0,0.0,0.0,0.0,1.0,0.0,0.0,0.0,0.0,1.0,0.0,0.0,0.0,0.0,5.0,1.0,14.0,3.0,4.0,2.0,3.0,1.0,15.0,3.0,11.0,196.0
0.0,1.0,0.0,0.0,1.0,0.0,0.0,0.0,1.0,0.0,0.0,0.0,0.0,0.0,0.0,1.0,0.0,0.0,3.0,3.0,17.0,3.0,5.0,4.0,3.0,1.0,15.0,1.0,8.0,208.0
1.0,2.0,1.0,0.0,0.0,0.0,0.0,0.0,1.0,0.0,0.0,0.0,1.0,0.0,0.0,0.0,0.0,0.0,9.0,1.0,12.0,4.0,4.0,4.0,2.0,0.0,14.0,1.0,14.0,206.0
1.0,1.0,0.0,0.0,0.0,0.0,1.0,0.0,1.0,0.0,0.0,0.0,0.0,0.0,1.0,0.0,0.0,0.0,1.0,1.0,33.0,3.0,4.0,2.0,3.0,0.0,13.0,2.0,3.0,154.0
1.0,2.0,0.0,0.0,1.0,0.0,0.0,0.0,1.0,0.0,0.0,0.0,0.0,1.0,0.0,0.0,0.0,0.0,15.0,1.0,13.0,4.0,5.0,4.0,8.0,1.0,16.0,2.0,3.0,185.0
1.0,2.0,0.0,0.0,1.0,0.0,0.0,1.0,0.0,0.0,0.0,0.0,0.0,1.0,0.0,0.0,0.0,0.0,21.0,3.0,11.0,3.0,4.0,3.0,5.0,0.0,20.0,1.0,1.0,155.0
1.0,0.0,0.0,0.0,1.0,0.0,0.0,1.0,0.0,0.0,0.0,0.0,0.0,0.0,1.0,0.0,0.0,0.0,3.0,3.0,9.0,4.0,4.0,3.0,3.0,0.0,15.0,2.0,3.0,171.0
1.0,1.0,0.0,0.0,0.0,0.0,1.0,0.0,1.0,0.0,0.0,1.0,0.0,0.0,0.0,0.0,0.0,0.0,16.0,2.0,9.0,3.0,4.0,3.0,2.0,1.0,12.0,2.0,1.0,152.0
0.0,0.0,0.0,0.0,0.0,0.0,1.0,0.0,0.0,1.0,0.0,0.0,0.0,1.0,0.0,0.0,0.0,0.0,6.0,1.0,9.0,4.0,4.0,4.0,3.0,0.0,14.0,1.0,8.0,149.0
1.0,1.0,0.0,0.0,1.0,0.0,0.0,0.0,1.0,0.0,0.0,0.0,0.0,1.0,0.0,0.0,0.0,0.0,11.0,1.0,13.0,3.0,3.0,5.0,6.0,1.0,14.0,3.0,8.0,185.0
0.0,0.0,0.0,0.0,1.0,0.0,0.0,1.0,0.0,0.0,0.0,1.0,0.0,0.0,0.0,0.0,0.0,0.0,4.0,3.0,32.0,3.0,4.0,3.0,9.0,1.0,13.0,2.0,3.0,172.0
1.0,0.0,0.0,0.0,1.0,0.0,0.0,0.0,1.0,0.0,0.0,0.0,0.0,0.0,1.0,0.0,0.0,0.0,1.0,3.0,7.0,3.0,4.0,3.0,3.0,0.0,18.0,3.0,8.0,178.0
1.0,2.0,0.0,0.0,1.0,0.0,0.0,0.0,1.0,0.0,0.0,0.0,0.0,0.0,0.0,0.0,1.0,0.0,16.0,1.0,9.0,4.0,5.0,2.0,5.0,0.0,24.0,1.0,1.0,193.0
0.0,2.0,0.0,0.0,0.0,0.0,1.0,1.0,0.0,0.0,0.0,1.0,0.0,0.0,0.0,0.0,0.0,1.0,1.0,3.0,7.0,3.0,5.0,4.0,3.0,1.0,12.0,2.0,3.0,147.0
0.0,2.0,0.0,0.0,1.0,0.0,0.0,1.0,0.0,0.0,0.0,0.0,0.0,1.0,0.0,0.0,0.0,0.0,10.0,3.0,7.0,3.0,4.0,2.0,6.0,0.0,16.0,2.0,1.0,192.0
1.0,0.0,1.0,0.0,0.0,0.0,0.0,1.0,0.0,0.0,0.0,0.0,0.0,1.0,0.0,0.0,0.0,0.0,10.0,3.0,10.0,3.0,5.0,2.0,6.0,0.0,12.0,1.0,5.0,222.0
1.0,0.0,0.0,0.0,1.0,0.0,0.0,0.0,1.0,0.0,0.0,0.0,0.0,1.0,0.0,0.0,0.0,0.0,31.0,1.0,7.0,3.0,4.0,3.0,4.0,0.0,12.0,2.0,3.0,193.0
0.0,0.0,0.0,0.0,0.0,0.0,1.0,0.0,0.0,1.0,0.0,0.0,0.0,0.0,1.0,0.0,0.0,0.0,14.0,1.0,17.0,3.0,3.0,3.0,5.0,1.0,14.0,1.0,8.0,147.0
1.0,2.0,0.0,0.0,0.0,0.0,1.0,1.0,0.0,0.0,0.0,0.0,0.0,1.0,0.0,0.0,0.0,0.0,1.0,3.0,16.0,3.0,4.0,2.0,3.0,0.0,25.0,1.0,3.0,151.0
0.0,2.0,0.0,0.0,0.0,0.0,1.0,0.0,1.0,0.0,0.0,0.0,0.0,0.0,0.0,1.0,0.0,1.0,1.0,3.0,12.0,3.0,4.0,3.0,3.0,1.0,14.0,2.0,1.0,154.0
0.0,0.0,0.0,0.0,0.0,0.0,1.0,0.0,1.0,0.0,0.0,0.0,0.0,1.0,0.0,0.0,0.0,0.0,11.0,1.0,17.0,4.0,4.0,5.0,8.0,0.0,21.0,2.0,4.0,160.0
0.0,0.0,0.0,0.0,1.0,0.0,0.0,1.0,0.0,0.0,0.0,0.0,0.0,1.0,0.0,0.0,0.0,0.0,20.0,1.0,14.0,2.0,4.0,3.0,4.0,0.0,15.0,1.0,1.0,178.0
1.0,0.0,0.0,0.0,1.0,0.0,0.0,0.0,1.0,0.0,0.0,0.0,0.0,0.0,0.0,1.0,0.0,1.0,4.0,3.0,29.0,4.0,5.0,3.0,4.0,1.0,13.0,2.0,1.0,189.0
1.0,2.0,0.0,0.0,0.0,0.0,1.0,0.0,1.0,0.0,0.0,0.0,0.0,0.0,1.0,0.0,0.0,0.0,5.0,1.0,16.0,3.0,5.0,4.0,2.0,1.0,17.0,2.0,3.0,152.0
0.0,2.0,0.0,0.0,0.0,0.0,1.0,0.0,1.0,0.0,0.0,0.0,0.0,0.0,1.0,0.0,0.0,1.0,1.0,3.0,19.0,3.0,3.0,4.0,3.0,0.0,16.0,1.0,1.0,152.0
1.0,2.0,0.0,0.0,0.0,0.0,1.0,0.0,0.0,1.0,0.0,0.0,0.0,0.0,1.0,0.0,0.0,0.0,3.0,1.0,30.0,3.0,4.0,2.0,11.0,0.0,17.0,2.0,3.0,147.0
1.0,2.0,0.0,0.0,1.0,0.0,0.0,0.0,1.0,0.0,0.0,0.0,0.0,0.0,1.0,0.0,0.0,0.0,9.0,1.0,16.0,4.0,5.0,4.0,11.0,0.0,20.0,2.0,1.0,190.0
1.0,1.0,0.0,0.0,0.0,0.0,1.0,0.0,1.0,0.0,0.0,0.0,0.0,1.0,0.0,0.0,0.0,0.0,1.0,1.0,7.0,3.0,4.0,4.0,3.0,0.0,12.0,1.0,5.0,163.0
1.0,2.0,0.0,0.0,1.0,0.0,0.0,0.0,1.0,0.0,0.0,0.0,0.0,0.0,1.0,0.0,0.0,0.0,2.0,3.0,16.0,4.0,4.0,2.0,3.0,0.0,17.0,2.0,8.0,178.0
1.0,2.0,1.0,0.0,0.0,0.0,0.0,0.0,1.0,0.0,0.0,0.0,0.0,0.0,0.0,0.0,1.0,0.0,23.0,1.0,14.0,3.0,5.0,3.0,10.0,0.0,25.0,2.0,1.0,170.0
0.0,0.0,0.0,0.0,1.0,0.0,0.0,0.0,1.0,0.0,0.0,0.0,0.0,0.0,1.0,0.0,0.0,0.0,25.0,3.0,21.0,3.0,4.0,2.0,6.0,0.0,12.0,1.0,8.0,174.0
0.0,0.0,0.0,0.0,0.0,0.0,1.0,0.0,1.0,0.0,0.0,0.0,0.0,0.0,1.0,0.0,0.0,0.0,10.0,1.0,9.0,4.0,4.0,3.0,6.0,0.0,14.0,2.0,3.0,150.0
1.0,2.0,0.0,0.0,1.0,0.0,0.0,1.0,0.0,0.0,0.0,0.0,0.0,0.0,0.0,1.0,0.0,1.0,1.0,3.0,26.0,4.0,3.0,2.0,10.0,1.0,14.0,2.0,5.0,178.0
0.0,1.0,0.0,0.0,1.0,0.0,0.0,0.0,1.0,0.0,0.0,0.0,0.0,0.0,0.0,1.0,0.0,0.0,1.0,3.0,17.0,4.0,4.0,3.0,3.0,1.0,13.0,1.0,4.0,168.0
1.0,0.0,0.0,0.0,0.0,0.0,1.0,0.0,1.0,0.0,0.0,1.0,0.0,0.0,0.0,0.0,0.0,0.0,4.0,3.0,9.0,4.0,4.0,4.0,3.0,0.0,19.0,2.0,1.0,150.0
1.0,2.0,0.0,0.0,0.0,0.0,1.0,1.0,0.0,0.0,0.0,1.0,0.0,0.0,0.0,0.0,0.0,1.0,1.0,1.0,10.0,4.0,4.0,5.0,2.0,0.0,23.0,1.0,5.0,156.0
0.0,0.0,0.0,0.0,0.0,0.0,1.0,0.0,0.0,1.0,0.0,0.0,0.0,1.0,0.0,0.0,0.0,0.0,1.0,1.0,18.0,3.0,4.0,4.0,3.0,0.0,14.0,2.0,3.0,147.0
0.0,1.0,0.0,0.0,1.0,0.0,0.0,0.0,1.0,0.0,0.0,0.0,0.0,0.0,0.0,1.0,0.0,0.0,14.0,3.0,9.0,3.0,4.0,4.0,9.0,0.0,13.0,1.0,4.0,182.0
0.0,1.0,0.0,0.0,0.0,0.0,1.0,0.0,1.0,0.0,0.0,0.0,0.0,0.0,1.0,0.0,0.0,0.0,16.0,1.0,7.0,4.0,4.0,5.0,5.0,0.0,17.0,2.0,3.0,151.0
1.0,2.0,0.0,0.0,1.0,0.0,0.0,0.0,1.0,0.0,0.0,0.0,0.0,0.0,1.0,0.0,0.0,0.0,11.0,1.0,17.0,3.0,4.0,4.0,4.0,1.0,13.0,1.0,2.0,167.0
0.0,0.0,0.0,0.0,1.0,0.0,0.0,0.0,1.0,0.0,0.0,0.0,0.0,1.0,0.0,0.0,0.0,0.0,14.0,1.0,9.0,4.0,5.0,3.0,8.0,0.0,23.0,2.0,1.0,159.0
0.0,0.0,0.0,0.0,1.0,0.0,0.0,1.0,0.0,0.0,0.0,0.0,0.0,0.0,0.0,1.0,0.0,0.0,8.0,3.0,11.0,4.0,4.0,3.0,11.0,0.0,16.0,2.0,3.0,190.0
1.0,0.0,0.0,0.0,0.0,0.0,1.0,1.0,0.0,0.0,0.0,0.0,0.0,1.0,0.0,0.0,0.0,0.0,17.0,1.0,28.0,4.0,4.0,2.0,9.0,0.0,21.0,1.0,3.0,148.0
0.0,1.0,0.0,0.0,1.0,0.0,0.0,0.0,1.0,0.0,0.0,0.0,0.0,0.0,0.0,0.0,1.0,0.0,17.0,1.0,15.0,4.0,4.0,3.0,6.0,1.0,15.0,1.0,3.0,170.0
0.0,2.0,0.0,0.0,1.0,0.0,0.0,0.0,1.0,0.0,0.0,0.0,0.0,0.0,1.0,0.0,0.0,0.0,1.0,3.0,11.0,3.0,5.0,2.0,3.0,1.0,12.0,1.0,4.0,170.0
1.0,0.0,0.0,0.0,0.0,0.0,1.0,0.0,0.0,1.0,0.0,0.0,0.0,0.0,1.0,0.0,0.0,0.0,5.0,1.0,7.0,4.0,5.0,5.0,3.0,0.0,13.0,1.0,3.0,147.0
1.0,0.0,1.0,0.0,0.0,0.0,0.0,0.0,1.0,0.0,0.0,0.0,0.0,0.0,0.0,1.0,0.0,0.0,15.0,3.0,7.0,3.0,3.0,5.0,3.0,0.0,17.0,2.0,8.0,209.0
1.0,1.0,0.0,0.0,1.0,0.0,0.0,0.0,1.0,0.0,0.0,0.0,0.0,1.0,0.0,0.0,0.0,0.0,2.0,1.0,24.0,4.0,4.0,5.0,3.0,0.0,13.0,1.0,9.0,171.0
1.0,0.0,0.0,0.0,0.0,0.0,1.0,0.0,1.0,0.0,0.0,0.0,0.0,1.0,0.0,0.0,0.0,1.0,1.0,1.0,10.0,4.0,4.0,5.0,7.0,0.0,14.0,2.0,3.0,165.0
1.0,0.0,1.0,0.0,0.0,0.0,0.0,0.0,1.0,0.0,0.0,0.0,0.0,1.0,0.0,0.0,0.0,0.0,26.0,1.0,10.0,3.0,5.0,3.0,4.0,1.0,15.0,1.0,5.0,205.0
1.0,0.0,0.0,0.0,0.0,0.0,1.0,0.0,1.0,0.0,0.0,0.0,0.0,0.0,1.0,0.0,0.0,0.0,19.0,1.0,17.0,4.0,4.0,2.0,5.0,0.0,22.0,2.0,3.0,152.0
0.0,1.0,0.0,0.0,1.0,0.0,0.0,1.0,0.0,0.0,0.0,0.0,0.0,0.0,1.0,0.0,0.0,0.0,16.0,1.0,36.0,4.0,4.0,3.0,4.0,0.0,12.0,2.0,3.0,171.0
0.0,1.0,0.0,0.0,1.0,0.0,0.0,0.0,1.0,0.0,0.0,0.0,0.0,1.0,0.0,0.0,0.0,0.0,20.0,1.0,25.0,3.0,4.0,3.0,4.0,0.0,15.0,1.0,9.0,173.0
0.0,0.0,0.0,0.0,1.0,0.0,0.0,1.0,0.0,0.0,0.0,1.0,0.0,0.0,0.0,0.0,0.0,0.0,16.0,1.0,35.0,3.0,5.0,2.0,2.0,0.0,12.0,1.0,5.0,170.0
0.0,2.0,0.0,0.0,0.0,0.0,1.0,0.0,1.0,0.0,0.0,1.0,0.0,0.0,0.0,0.0,0.0,1.0,1.0,3.0,7.0,4.0,4.0,4.0,3.0,1.0,17.0,2.0,5.0,157.0
1.0,0.0,0.0,0.0,0.0,0.0,1.0,1.0,0.0,0.0,0.0,0.0,0.0,0.0,1.0,0.0,0.0,0.0,12.0,1.0,9.0,3.0,4.0,2.0,3.0,1.0,24.0,2.0,1.0,142.0
0.0,1.0,0.0,0.0,0.0,0.0,1.0,0.0,1.0,0.0,0.0,0.0,0.0,0.0,1.0,0.0,0.0,0.0,1.0,1.0,30.0,3.0,4.0,2.0,3.0,0.0,23.0,2.0,3.0,154.0
1.0,0.0,0.0,0.0,0.0,0.0,1.0,1.0,0.0,0.0,0.0,0.0,0.0,0.0,1.0,0.0,0.0,0.0,4.0,1.0,10.0,3.0,4.0,2.0,6.0,0.0,16.0,1.0,5.0,146.0
0.0,0.0,0.0,0.0,0.0,0.0,1.0,0.0,1.0,0.0,0.0,1.0,0.0,0.0,0.0,0.0,0.0,1.0,1.0,1.0,32.0,4.0,5.0,4.0,7.0,0.0,17.0,1.0,2.0,150.0
1.0,2.0,0.0,0.0,0.0,0.0,1.0,0.0,1.0,0.0,0.0,1.0,0.0,0.0,0.0,0.0,0.0,1.0,1.0,2.0,9.0,3.0,5.0,2.0,3.0,0.0,13.0,2.0,1.0,151.0
0.0,0.0,1.0,0.0,0.0,0.0,0.0,1.0,0.0,0.0,0.0,0.0,0.0,0.0,0.0,0.0,1.0,0.0,4.0,3.0,29.0,4.0,4.0,5.0,2.0,0.0,12.0,3.0,9.0,209.0
0.0,1.0,0.0,0.0,1.0,0.0,0.0,0.0,1.0,0.0,0.0,0.0,0.0,1.0,0.0,0.0,0.0,0.0,21.0,1.0,9.0,4.0,4.0,2.0,7.0,0.0,14.0,1.0,5.0,176.0
0.0,2.0,0.0,0.0,1.0,0.0,0.0,0.0,1.0,0.0,0.0,0.0,0.0,0.0,1.0,0.0,0.0,0.0,28.0,1.0,15.0,3.0,4.0,3.0,9.0,0.0,12.0,2.0,1.0,163.0
0.0,0.0,1.0,0.0,0.0,0.0,0.0,0.0,1.0,0.0,0.0,0.0,0.0,0.0,0.0,1.0,0.0,0.0,20.0,3.0,17.0,4.0,5.0,2.0,4.0,1.0,20.0,2.0,5.0,216.0
1.0,2.0,0.0,0.0,0.0,0.0,1.0,0.0,1.0,0.0,0.0,0.0,0.0,0.0,0.0,1.0,0.0,0.0,4.0,3.0,14.0,3.0,4.0,4.0,2.0,0.0,15.0,2.0,3.0,155.0
1.0,0.0,1.0,0.0,0.0,0.0,0.0,0.0,1.0,0.0,0.0,0.0,0.0,0.0,1.0,0.0,0.0,0.0,9.0,1.0,23.0,4.0,4.0,3.0,6.0,1.0,13.0,1.0,1.0,201.0
1.0,0.0,1.0,0.0,0.0,0.0,0.0,1.0,0.0,0.0,0.0,0.0,0.0,0.0,1.0,0.0,0.0,1.0,1.0,1.0,27.0,4.0,4.0,3.0,5.0,0.0,13.0,2.0,5.0,223.0
0.0,1.0,1.0,0.0,0.0,0.0,0.0,1.0,0.0,0.0,0.0,0.0,0.0,0.0,0.0,0.0,1.0,1.0,1.0,2.0,30.0,3.0,4.0,5.0,11.0,1.0,16.0,2.0,5.0,225.0
1.0,0.0,0.0,0.0,0.0,0.0,1.0,1.0,0.0,0.0,0.0,0.0,0.0,0.0,0.0,0.0,1.0,0.0,16.0,1.0,12.0,4.0,4.0,3.0,6.0,0.0,18.0,3.0,1.0,146.0
1.0,2.0,1.0,0.0,0.0,0.0,0.0,1.0,0.0,0.0,0.0,0.0,0.0,1.0,0.0,0.0,0.0,0.0,10.0,3.0,17.0,3.0,4.0,2.0,3.0,0.0,15.0,2.0,5.0,225.0
1.0,2.0,0.0,0.0,0.0,0.0,1.0,1.0,0.0,0.0,0.0,1.0,0.0,0.0,0.0,0.0,0.0,1.0,1.0,1.0,11.0,3.0,5.0,3.0,7.0,0.0,17.0,2.0,3.0,164.0
1.0,2.0,0.0,0.0,1.0,0.0,0.0,1.0,0.0,0.0,0.0,0.0,0.0,0.0,1.0,0.0,0.0,0.0,15.0,3.0,17.0,3.0,4.0,2.0,9.0,0.0,15.0,1.0,11.0,187.0
0.0,0.0,0.0,0.0,0.0,0.0,1.0,1.0,0.0,0.0,0.0,0.0,0.0,0.0,1.0,0.0,0.0,0.0,13.0,1.0,15.0,3.0,4.0,3.0,3.0,0.0,12.0,1.0,8.0,163.0
1.0,2.0,0.0,0.0,1.0,0.0,0.0,0.0,1.0,0.0,0.0,0.0,0.0,0.0,1.0,0.0,0.0,0.0,5.0,3.0,9.0,4.0,4.0,2.0,6.0,1.0,14.0,2.0,6.0,191.0
0.0,1.0,0.0,0.0,0.0,0.0,1.0,1.0,0.0,0.0,0.0,0.0,0.0,0.0,1.0,0.0,0.0,1.0,1.0,2.0,24.0,3.0,4.0,3.0,2.0,1.0,12.0,1.0,1.0,152.0
1.0,1.0,0.0,0.0,1.0,0.0,0.0,0.0,1.0,0.0,0.0,1.0,0.0,0.0,0.0,0.0,0.0,0.0,3.0,1.0,26.0,3.0,4.0,2.0,6.0,0.0,13.0,1.0,3.0,168.0
1.0,2.0,0.0,0.0,0.0,0.0,1.0,1.0,0.0,0.0,0.0,0.0,0.0,0.0,0.0,1.0,0.0,1.0,1.0,3.0,12.0,4.0,4.0,4.0,3.0,1.0,15.0,2.0,1.0,144.0
0.0,2.0,0.0,0.0,1.0,0.0,0.0,1.0,0.0,0.0,0.0,0.0,0.0,0.0,0.0,0.0,1.0,0.0,15.0,1.0,9.0,4.0,5.0,3.0,4.0,1.0,18.0,1.0,8.0,193.0
1.0,1.0,0.0,0.0,1.0,0.0,0.0,0.0,1.0,0.0,0.0,0.0,0.0,1.0,0.0,0.0,0.0,0.0,1.0,3.0,36.0,3.0,4.0,3.0,7.0,0.0,13.0,2.0,1.0,168.0
0.0,2.0,0.0,0.0,1.0,0.0,0.0,0.0,1.0,0.0,0.0,0.0,0.0,1.0,0.0,0.0,0.0,0.0,9.0,3.0,7.0,4.0,4.0,3.0,3.0,0.0,17.0,1.0,4.0,174.0
0.0,2.0,1.0,0.0,0.0,0.0,0.0,0.0,1.0,0.0,0.0,0.0,1.0,0.0,0.0,0.0,0.0,0.0,11.0,1.0,7.0,3.0,4.0,2.0,6.0,0.0,18.0,2.0,3.0,200.0
1.0,1.0,0.0,0.0,1.0,0.0,0.0,0.0,1.0,0.0,0.0,1.0,0.0,0.0,0.0,0.0,0.0,0.0,26.0,1.0,13.0,4.0,4.0,5.0,5.0,1.0,13.0,3.0,10.0,181.0
1.0,0.0,0.0,0.0,1.0,0.0,0.0,1.0,0.0,0.0,0.0,0.0,0.0,0.0,0.0,0.0,1.0,1.0,1.0,3.0,18.0,3.0,3.0,3.0,10.0,0.0,13.0,2.0,3.0,172.0
1.0,0.0,0.0,0.0,0.0,0.0,1.0,1.0,0.0,0.0,0.0,0.0,0.0,1.0,0.0,0.0,0.0,0.0,1.0,3.0,31.0,3.0,4.0,2.0,2.0,0.0,14.0,1.0,2.0,149.0
0.0,0.0,0.0,0.0,1.0,0.0,0.0,0.0,1.0,0.0,0.0,0.0,0.0,1.0,0.0,0.0,0.0,0.0,12.0,1.0,17.0,4.0,4.0,3.0,5.0,0.0,20.0,2.0,5.0,223.0
1.0,0.0,0.0,0.0,0.0,0.0,1.0,0.0,1.0,0.0,0.0,0.0,0.0,1.0,0.0,0.0,0.0,0.0,1.0,1.0,30.0,3.0,3.0,2.0,3.0,1.0,12.0,1.0,5.0,152.0
1.0,0.0,0.0,0.0,1.0,0.0,0.0,0.0,1.0,0.0,0.0,0.0,0.0,0.0,0.0,1.0,0.0,0.0,1.0,3.0,35.0,4.0,4.0,4.0,3.0,0.0,21.0,2.0,5.0,188.0
1.0,0.0,0.0,0.0,0.0,0.0,1.0,0.0,0.0,1.0,0.0,0.0,0.0,0.0,0.0,0.0,1.0,0.0,1.0,1.0,24.0,4.0,5.0,4.0,3.0,0.0,22.0,2.0,1.0,146.0
1.0,0.0,0.0,0.0,0.0,0.0,1.0,0.0,0.0,1.0,0.0,0.0,0.0,1.0,0.0,0.0,0.0,0.0,1.0,3.0,20.0,3.0,4.0,3.0,3.0,0.0,12.0,2.0,7.0,146.0
0.0,0.0,0.0,0.0,0.0,0.0,1.0,1.0,0.0,0.0,0.0,0.0,0.0,0.0,1.0,0.0,0.0,1.0,1.0,1.0,14.0,3.0,4.0,3.0,3.0,1.0,17.0,1.0,3.0,154.0
1.0,0.0,0.0,0.0,0.0,0.0,1.0,1.0,0.0,0.0,0.0,0.0,0.0,0.0,1.0,0.0,0.0,1.0,1.0,3.0,19.0,4.0,5.0,5.0,3.0,0.0,19.0,2.0,1.0,145.0
1.0,0.0,0.0,0.0,0.0,0.0,1.0,0.0,1.0,0.0,0.0,0.0,0.0,0.0,1.0,0.0,0.0,0.0,8.0,1.0,7.0,3.0,5.0,2.0,3.0,1.0,14.0,1.0,4.0,161.0
1.0,1.0,0.0,0.0,1.0,0.0,0.0,0.0,1.0,0.0,0.0,0.0,0.0,1.0,0.0,0.0,0.0,1.0,1.0,3.0,20.0,3.0,4.0,5.0,4.0,0.0,18.0,1.0,3.0,167.0
1.0,2.0,0.0,0.0,1.0,0.0,0.0,0.0,1.0,0.0,0.0,0.0,0.0,0.0,0.0,0.0,1.0,0.0,9.0,1.0,32.0,3.0,5.0,2.0,6.0,0.0,15.0,1.0,3.0,162.0
0.0,1.0,0.0,0.0,0.0,0.0,1.0,0.0,0.0,1.0,0.0,0.0,0.0,1.0,0.0,0.0,0.0,0.0,1.0,1.0,13.0,4.0,5.0,3.0,2.0,0.0,13.0,2.0,4.0,147.0
1.0,0.0,0.0,0.0,1.0,0.0,0.0,0.0,1.0,0.0,0.0,0.0,0.0,0.0,0.0,1.0,0.0,0.0,11.0,3.0,9.0,4.0,4.0,3.0,6.0,1.0,12.0,1.0,5.0,221.0
0.0,2.0,0.0,0.0,0.0,0.0,1.0,0.0,1.0,0.0,0.0,0.0,0.0,0.0,1.0,0.0,0.0,0.0,1.0,1.0,7.0,3.0,5.0,4.0,3.0,0.0,14.0,2.0,1.0,153.0
0.0,0.0,0.0,0.0,1.0,0.0,0.0,0.0,1.0,0.0,0.0,0.0,0.0,0.0,1.0,0.0,0.0,0.0,16.0,1.0,9.0,3.0,4.0,2.0,3.0,0.0,14.0,3.0,3.0,166.0
0.0,2.0,0.0,0.0,0.0,0.0,1.0,0.0,1.0,0.0,0.0,0.0,0.0,0.0,1.0,0.0,0.0,0.0,12.0,1.0,7.0,3.0,4.0,5.0,5.0,0.0,18.0,2.0,1.0,151.0
1.0,1.0,0.0,0.0,1.0,0.0,0.0,1.0,0.0,0.0,0.0,0.0,0.0,1.0,0.0,0.0,0.0,0.0,17.0,1.0,16.0,4.0,4.0,3.0,5.0,1.0,14.0,3.0,8.0,182.0
0.0,2.0,0.0,0.0,1.0,0.0,0.0,0.0,1.0,0.0,0.0,0.0,0.0,0.0,1.0,0.0,0.0,0.0,18.0,2.0,7.0,3.0,5.0,3.0,6.0,0.0,12.0,2.0,3.0,185.0
0.0,1.0,0.0,0.0,0.0,0.0,1.0,0.0,1.0,0.0,0.0,1.0,0.0,0.0,0.0,0.0,0.0,0.0,8.0,3.0,21.0,3.0,4.0,3.0,3.0,1.0,19.0,2.0,7.0,151.0
1.0,1.0,0.0,0.0,0.0,0.0,1.0,0.0,1.0,0.0,0.0,0.0,0.0,0.0,0.0,1.0,0.0,1.0,1.0,3.0,9.0,3.0,4.0,5.0,2.0,0.0,12.0,1.0,3.0,155.0
1.0,2.0,0.0,0.0,0.0,0.0,1.0,0.0,1.0,0.0,0.0,1.0,0.0,0.0,0.0,0.0,0.0,0.0,1.0,3.0,29.0,3.0,4.0,3.0,3.0,0.0,12.0,2.0,3.0,159.0
1.0,0.0,0.0,0.0,0.0,0.0,1.0,0.0,1.0,0.0,0.0,0.0,0.0,1.0,0.0,0.0,0.0,0.0,1.0,1.0,13.0,4.0,4.0,3.0,2.0,0.0,21.0,3.0,3.0,153.0
1.0,1.0,0.0,0.0,1.0,0.0,0.0,0.0,1.0,0.0,0.0,0.0,0.0,0.0,0.0,1.0,0.0,0.0,7.0,3.0,15.0,3.0,4.0,3.0,2.0,0.0,13.0,2.0,3.0,196.0
0.0,0.0,0.0,0.0,1.0,0.0,0.0,0.0,1.0,0.0,0.0,0.0,0.0,0.0,1.0,0.0,0.0,0.0,6.0,1.0,16.0,4.0,4.0,2.0,3.0,1.0,13.0,2.0,6.0,188.0
0.0,1.0,0.0,0.0,0.0,0.0,1.0,1.0,0.0,0.0,0.0,0.0,0.0,1.0,0.0,0.0,0.0,0.0,4.0,1.0,10.0,4.0,4.0,3.0,3.0,0.0,21.0,2.0,1.0,146.0
0.0,0.0,0.0,0.0,1.0,0.0,0.0,1.0,0.0,0.0,0.0,0.0,0.0,0.0,1.0,0.0,0.0,1.0,9.0,3.0,33.0,4.0,4.0,5.0,4.0,0.0,15.0,1.0,1.0,168.0
0.0,0.0,0.0,0.0,0.0,0.0,1.0,0.0,1.0,0.0,0.0,0.0,0.0,0.0,1.0,0.0,0.0,0.0,1.0,1.0,13.0,4.0,4.0,2.0,3.0,1.0,14.0,1.0,3.0,152.0
0.0,0.0,0.0,0.0,1.0,0.0,0.0,0.0,1.0,0.0,0.0,0.0,0.0,1.0,0.0,0.0,0.0,0.0,3.0,3.0,10.0,4.0,4.0,3.0,3.0,0.0,15.0,1.0,3.0,181.0
1.0,1.0,0.0,0.0,1.0,0.0,0.0,0.0,1.0,0.0,0.0,0.0,0.0,1.0,0.0,0.0,0.0,0.0,10.0,1.0,16.0,3.0,5.0,4.0,4.0,1.0,12.0,2.0,5.0,213.0
1.0,2.0,0.0,0.0,0.0,0.0,1.0,0.0,0.0,1.0,0.0,0.0,0.0,1.0,0.0,0.0,0.0,0.0,1.0,1.0,10.0,3.0,5.0,2.0,2.0,0.0,14.0,1.0,2.0,145.0
1.0,2.0,0.0,0.0,0.0,1.0,0.0,0.0,0.0,1.0,0.0,0.0,0.0,1.0,0.0,0.0,0.0,1.0,1.0,1.0,17.0,3.0,4.0,3.0,3.0,1.0,12.0,1.0,2.0,135.0
1.0,0.0,0.0,0.0,0.0,0.0,1.0,1.0,0.0,0.0,0.0,0.0,0.0,0.0,1.0,0.0,0.0,0.0,9.0,1.0,10.0,3.0,5.0,3.0,3.0,0.0,19.0,2.0,1.0,138.0
1.0,0.0,0.0,0.0,0.0,0.0,1.0,0.0,1.0,0.0,0.0,0.0,0.0,1.0,0.0,0.0,0.0,0.0,1.0,1.0,11.0,3.0,3.0,5.0,4.0,0.0,17.0,1.0,3.0,153.0
1.0,0.0,0.0,0.0,1.0,0.0,0.0,0.0,1.0,0.0,0.0,0.0,0.0,0.0,1.0,0.0,0.0,0.0,1.0,3.0,15.0,3.0,3.0,4.0,2.0,0.0,23.0,1.0,3.0,174.0
0.0,2.0,0.0,0.0,1.0,0.0,0.0,0.0,1.0,0.0,0.0,0.0,0.0,0.0,0.0,1.0,0.0,0.0,12.0,3.0,14.0,3.0,5.0,2.0,2.0,0.0,21.0,2.0,6.0,165.0
1.0,0.0,0.0,0.0,1.0,0.0,0.0,0.0,1.0,0.0,0.0,0.0,0.0,0.0,0.0,1.0,0.0,0.0,22.0,3.0,9.0,3.0,3.0,4.0,5.0,0.0,13.0,3.0,3.0,206.0
0.0,1.0,0.0,0.0,1.0,0.0,0.0,1.0,0.0,0.0,0.0,0.0,0.0,1.0,0.0,0.0,0.0,0.0,1.0,3.0,10.0,4.0,3.0,2.0,3.0,1.0,21.0,2.0,5.0,171.0
1.0,2.0,0.0,0.0,0.0,0.0,1.0,0.0,1.0,0.0,0.0,0.0,0.0,0.0,1.0,0.0,0.0,0.0,11.0,1.0,17.0,4.0,3.0,2.0,5.0,0.0,18.0,2.0,1.0,172.0
0.0,2.0,0.0,0.0,1.0,0.0,0.0,0.0,1.0,0.0,0.0,0.0,0.0,0.0,1.0,0.0,0.0,1.0,1.0,3.0,10.0,4.0,4.0,3.0,11.0,0.0,15.0,2.0,1.0,171.0
0.0,2.0,0.0,0.0,1.0,0.0,0.0,0.0,1.0,0.0,0.0,1.0,0.0,0.0,0.0,0.0,0.0,0.0,13.0,1.0,9.0,4.0,5.0,3.0,3.0,0.0,12.0,3.0,11.0,171.0
1.0,2.0,0.0,0.0,1.0,0.0,0.0,0.0,1.0,0.0,0.0,0.0,0.0,0.0,0.0,1.0,0.0,0.0,6.0,3.0,17.0,3.0,4.0,2.0,3.0,0.0,13.0,1.0,9.0,179.0
1.0,0.0,0.0,0.0,1.0,0.0,0.0,1.0,0.0,0.0,0.0,1.0,0.0,0.0,0.0,0.0,0.0,1.0,14.0,3.0,15.0,3.0,4.0,3.0,5.0,1.0,15.0,2.0,4.0,193.0
0.0,2.0,0.0,0.0,1.0,0.0,0.0,0.0,1.0,0.0,0.0,0.0,0.0,0.0,1.0,0.0,0.0,0.0,12.0,1.0,7.0,3.0,3.0,2.0,2.0,0.0,14.0,2.0,9.0,201.0
0.0,0.0,1.0,0.0,0.0,0.0,0.0,0.0,1.0,0.0,0.0,0.0,0.0,0.0,1.0,0.0,0.0,0.0,1.0,1.0,7.0,4.0,4.0,5.0,3.0,0.0,12.0,2.0,8.0,199.0
1.0,2.0,0.0,0.0,1.0,0.0,0.0,0.0,1.0,0.0,0.0,0.0,0.0,0.0,0.0,1.0,0.0,0.0,21.0,3.0,21.0,3.0,4.0,5.0,4.0,0.0,13.0,1.0,8.0,175.0
1.0,2.0,0.0,0.0,1.0,0.0,0.0,0.0,1.0,0.0,0.0,0.0,0.0,0.0,0.0,1.0,0.0,0.0,31.0,3.0,23.0,3.0,4.0,5.0,10.0,0.0,15.0,2.0,3.0,179.0
1.0,1.0,1.0,0.0,0.0,0.0,0.0,1.0,0.0,0.0,0.0,0.0,0.0,0.0,1.0,0.0,0.0,0.0,1.0,1.0,17.0,3.0,4.0,5.0,3.0,0.0,22.0,2.0,5.0,213.0
1.0,0.0,0.0,0.0,0.0,0.0,1.0,0.0,1.0,0.0,0.0,0.0,0.0,0.0,0.0,1.0,0.0,0.0,24.0,3.0,15.0,3.0,4.0,4.0,9.0,0.0,16.0,2.0,3.0,164.0
0.0,2.0,1.0,0.0,0.0,0.0,0.0,0.0,1.0,0.0,0.0,0.0,0.0,0.0,1.0,0.0,0.0,0.0,12.0,1.0,7.0,3.0,4.0,3.0,6.0,1.0,15.0,1.0,1.0,204.0
1.0,2.0,0.0,0.0,0.0,0.0,1.0,0.0,1.0,0.0,0.0,0.0,0.0,0.0,1.0,0.0,0.0,0.0,3.0,3.0,17.0,3.0,4.0,3.0,3.0,0.0,12.0,1.0,1.0,151.0
1.0,1.0,0.0,0.0,0.0,0.0,1.0,1.0,0.0,0.0,0.0,0.0,0.0,1.0,0.0,0.0,0.0,1.0,6.0,1.0,26.0,3.0,3.0,3.0,8.0,1.0,13.0,3.0,3.0,153.0
1.0,0.0,0.0,0.0,1.0,0.0,0.0,1.0,0.0,0.0,0.0,0.0,0.0,0.0,1.0,0.0,0.0,0.0,17.0,3.0,22.0,3.0,5.0,2.0,5.0,0.0,19.0,1.0,3.0,193.0
0.0,2.0,0.0,0.0,1.0,0.0,0.0,0.0,1.0,0.0,0.0,0.0,0.0,1.0,0.0,0.0,0.0,0.0,8.0,1.0,15.0,4.0,4.0,3.0,5.0,0.0,12.0,2.0,4.0,186.0
1.0,0.0,0.0,0.0,0.0,0.0,1.0,0.0,1.0,0.0,0.0,0.0,0.0,1.0,0.0,0.0,0.0,0.0,1.0,1.0,16.0,3.0,4.0,5.0,3.0,0.0,15.0,1.0,3.0,150.0
0.0,2.0,0.0,0.0,0.0,0.0,1.0,0.0,0.0,1.0,0.0,0.0,0.0,1.0,0.0,0.0,0.0,0.0,14.0,1.0,9.0,3.0,5.0,2.0,2.0,1.0,21.0,3.0,4.0,148.0
0.0,2.0,0.0,0.0,1.0,0.0,0.0,0.0,1.0,0.0,0.0,0.0,0.0,1.0,0.0,0.0,0.0,0.0,1.0,1.0,14.0,3.0,5.0,5.0,10.0,0.0,20.0,2.0,8.0,193.0
1.0,1.0,0.0,0.0,0.0,0.0,1.0,0.0,0.0,1.0,0.0,0.0,0.0,0.0,0.0,1.0,0.0,0.0,3.0,3.0,17.0,3.0,4.0,4.0,3.0,0.0,15.0,1.0,3.0,148.0
1.0,2.0,0.0,0.0,1.0,0.0,0.0,0.0,0.0,1.0,0.0,0.0,0.0,0.0,1.0,0.0,0.0,0.0,27.0,1.0,13.0,3.0,4.0,2.0,4.0,0.0,18.0,2.0,3.0,150.0
0.0,1.0,0.0,0.0,1.0,0.0,0.0,1.0,0.0,0.0,0.0,0.0,0.0,0.0,1.0,0.0,0.0,0.0,9.0,1.0,9.0,4.0,4.0,5.0,4.0,0.0,12.0,1.0,1.0,176.0
1.0,0.0,0.0,0.0,1.0,0.0,0.0,1.0,0.0,0.0,0.0,0.0,0.0,0.0,1.0,0.0,0.0,0.0,6.0,1.0,31.0,4.0,4.0,2.0,3.0,0.0,16.0,3.0,8.0,178.0
1.0,0.0,0.0,0.0,0.0,0.0,1.0,0.0,1.0,0.0,0.0,0.0,0.0,1.0,0.0,0.0,0.0,0.0,12.0,1.0,9.0,4.0,4.0,3.0,8.0,1.0,14.0,1.0,2.0,156.0
0.0,1.0,0.0,0.0,1.0,0.0,0.0,0.0,1.0,0.0,0.0,0.0,0.0,0.0,1.0,0.0,0.0,0.0,8.0,1.0,15.0,3.0,4.0,5.0,5.0,0.0,15.0,2.0,1.0,176.0
0.0,2.0,0.0,0.0,1.0,0.0,0.0,0.0,1.0,0.0,0.0,0.0,0.0,1.0,0.0,0.0,0.0,0.0,1.0,3.0,33.0,3.0,4.0,2.0,3.0,0.0,24.0,1.0,5.0,187.0
1.0,2.0,0.0,0.0,0.0,0.0,1.0,0.0,1.0,0.0,0.0,0.0,0.0,1.0,0.0,0.0,0.0,0.0,1.0,1.0,17.0,4.0,3.0,3.0,3.0,0.0,19.0,2.0,3.0,160.0
0.0,2.0,0.0,0.0,1.0,0.0,0.0,1.0,0.0,0.0,0.0,0.0,0.0,0.0,1.0,0.0,0.0,1.0,11.0,3.0,34.0,4.0,2.0,3.0,6.0,1.0,13.0,2.0,4.0,189.0
1.0,2.0,0.0,0.0,1.0,0.0,0.0,0.0,1.0,0.0,0.0,0.0,0.0,0.0,0.0,0.0,1.0,0.0,8.0,3.0,9.0,3.0,4.0,2.0,3.0,0.0,23.0,1.0,5.0,188.0
1.0,2.0,1.0,0.0,0.0,0.0,0.0,1.0,0.0,0.0,0.0,0.0,0.0,0.0,1.0,0.0,0.0,0.0,10.0,3.0,15.0,4.0,5.0,5.0,3.0,0.0,16.0,1.0,10.0,201.0
1.0,0.0,0.0,0.0,0.0,0.0,1.0,1.0,0.0,0.0,0.0,0.0,0.0,1.0,0.0,0.0,0.0,0.0,26.0,1.0,26.0,3.0,4.0,2.0,2.0,0.0,19.0,2.0,3.0,168.0
0.0,0.0,0.0,0.0,1.0,0.0,0.0,0.0,1.0,0.0,0.0,0.0,0.0,1.0,0.0,0.0,0.0,0.0,3.0,1.0,34.0,4.0,4.0,3.0,6.0,0.0,13.0,2.0,2.0,168.0
1.0,2.0,0.0,0.0,1.0,0.0,0.0,0.0,1.0,0.0,0.0,1.0,0.0,0.0,0.0,0.0,0.0,1.0,1.0,3.0,15.0,3.0,5.0,5.0,8.0,0.0,18.0,2.0,3.0,178.0
0.0,2.0,0.0,0.0,0.0,0.0,1.0,0.0,1.0,0.0,0.0,0.0,0.0,0.0,1.0,0.0,0.0,0.0,8.0,1.0,7.0,4.0,2.0,2.0,4.0,0.0,17.0,1.0,4.0,158.0
0.0,1.0,0.0,0.0,1.0,0.0,0.0,0.0,1.0,0.0,0.0,0.0,0.0,1.0,0.0,0.0,0.0,0.0,28.0,1.0,26.0,4.0,4.0,5.0,11.0,1.0,12.0,1.0,5.0,180.0
1.0,0.0,0.0,0.0,1.0,0.0,0.0,1.0,0.0,0.0,0.0,0.0,0.0,0.0,0.0,1.0,0.0,0.0,3.0,3.0,6.0,3.0,4.0,2.0,2.0,0.0,20.0,1.0,2.0,168.0
0.0,2.0,0.0,0.0,0.0,0.0,1.0,0.0,1.0,0.0,0.0,0.0,0.0,1.0,0.0,0.0,0.0,0.0,8.0,1.0,9.0,3.0,5.0,5.0,3.0,0.0,12.0,2.0,4.0,169.0
0.0,0.0,0.0,0.0,0.0,0.0,1.0,0.0,1.0,0.0,0.0,0.0,0.0,0.0,1.0,0.0,0.0,0.0,9.0,3.0,15.0,4.0,4.0,2.0,3.0,0.0,17.0,1.0,3.0,151.0
0.0,0.0,0.0,0.0,1.0,0.0,0.0,1.0,0.0,0.0,0.0,0.0,0.0,1.0,0.0,0.0,0.0,0.0,14.0,1.0,9.0,3.0,2.0,4.0,3.0,0.0,25.0,1.0,8.0,167.0
0.0,0.0,0.0,0.0,1.0,0.0,0.0,0.0,1.0,0.0,0.0,0.0,0.0,0.0,1.0,0.0,0.0,0.0,8.0,3.0,15.0,4.0,4.0,5.0,7.0,0.0,18.0,2.0,3.0,190.0
1.0,0.0,0.0,0.0,0.0,0.0,1.0,0.0,0.0,1.0,0.0,0.0,0.0,0.0,1.0,0.0,0.0,1.0,1.0,1.0,13.0,4.0,2.0,5.0,3.0,1.0,22.0,2.0,1.0,141.0
1.0,1.0,0.0,0.0,0.0,0.0,1.0,1.0,0.0,0.0,0.0,0.0,0.0,0.0,1.0,0.0,0.0,0.0,1.0,1.0,16.0,3.0,5.0,4.0,3.0,0.0,12.0,2.0,1.0,152.0
0.0,0.0,0.0,0.0,1.0,0.0,0.0,0.0,1.0,0.0,0.0,0.0,0.0,0.0,1.0,0.0,0.0,0.0,26.0,1.0,18.0,3.0,4.0,3.0,10.0,0.0,21.0,2.0,5.0,156.0
0.0,0.0,0.0,0.0,0.0,0.0,1.0,0.0,0.0,1.0,0.0,0.0,0.0,0.0,1.0,0.0,0.0,1.0,1.0,1.0,7.0,3.0,5.0,5.0,3.0,1.0,12.0,1.0,1.0,148.0
0.0,2.0,0.0,0.0,1.0,0.0,0.0,0.0,1.0,0.0,0.0,0.0,0.0,0.0,0.0,1.0,0.0,1.0,1.0,3.0,23.0,4.0,4.0,5.0,7.0,0.0,16.0,2.0,3.0,178.0
0.0,0.0,0.0,0.0,1.0,0.0,0.0,0.0,1.0,0.0,0.0,0.0,0.0,0.0,0.0,0.0,1.0,0.0,10.0,1.0,7.0,3.0,4.0,4.0,2.0,0.0,16.0,1.0,6.0,177.0
1.0,0.0,0.0,0.0,0.0,0.0,1.0,0.0,1.0,0.0,0.0,0.0,0.0,0.0,1.0,0.0,0.0,0.0,3.0,1.0,30.0,3.0,2.0,3.0,3.0,0.0,25.0,2.0,8.0,152.0
0.0,2.0,0.0,0.0,0.0,0.0,1.0,0.0,1.0,0.0,0.0,0.0,0.0,0.0,1.0,0.0,0.0,0.0,9.0,1.0,7.0,3.0,2.0,3.0,5.0,0.0,14.0,1.0,3.0,150.0
0.0,0.0,0.0,0.0,1.0,0.0,0.0,0.0,1.0,0.0,0.0,0.0,0.0,0.0,1.0,0.0,0.0,0.0,16.0,1.0,7.0,3.0,5.0,2.0,11.0,1.0,14.0,1.0,3.0,186.0
1.0,2.0,0.0,0.0,0.0,0.0,1.0,0.0,1.0,0.0,0.0,0.0,0.0,1.0,0.0,0.0,0.0,1.0,1.0,1.0,9.0,3.0,4.0,3.0,8.0,0.0,18.0,1.0,2.0,169.0
1.0,0.0,0.0,0.0,0.0,0.0,1.0,0.0,0.0,1.0,0.0,0.0,0.0,0.0,0.0,0.0,1.0,0.0,10.0,2.0,20.0,3.0,4.0,4.0,5.0,0.0,14.0,2.0,5.0,146.0
0.0,0.0,0.0,0.0,1.0,0.0,0.0,0.0,1.0,0.0,0.0,0.0,0.0,0.0,1.0,0.0,0.0,0.0,6.0,1.0,11.0,4.0,5.0,3.0,3.0,0.0,13.0,2.0,9.0,187.0
1.0,2.0,0.0,0.0,1.0,0.0,0.0,1.0,0.0,0.0,0.0,0.0,0.0,1.0,0.0,0.0,0.0,0.0,14.0,1.0,23.0,3.0,5.0,3.0,8.0,0.0,15.0,2.0,1.0,176.0
0.0,2.0,0.0,0.0,1.0,0.0,0.0,0.0,1.0,0.0,0.0,0.0,0.0,1.0,0.0,0.0,0.0,0.0,4.0,1.0,9.0,3.0,5.0,2.0,7.0,1.0,25.0,2.0,1.0,194.0
0.0,2.0,0.0,0.0,0.0,0.0,1.0,0.0,0.0,1.0,0.0,0.0,0.0,0.0,1.0,0.0,0.0,0.0,19.0,1.0,9.0,4.0,5.0,3.0,3.0,0.0,15.0,2.0,1.0,148.0
1.0,0.0,0.0,0.0,1.0,0.0,0.0,0.0,1.0,0.0,0.0,0.0,0.0,0.0,1.0,0.0,0.0,0.0,16.0,1.0,36.0,4.0,4.0,4.0,3.0,0.0,14.0,3.0,9.0,169.0
1.0,1.0,0.0,0.0,1.0,0.0,0.0,1.0,0.0,0.0,0.0,0.0,0.0,0.0,1.0,0.0,0.0,0.0,12.0,1.0,19.0,3.0,5.0,5.0,4.0,0.0,16.0,2.0,3.0,188.0
0.0,2.0,0.0,0.0,0.0,0.0,1.0,1.0,0.0,0.0,0.0,0.0,0.0,0.0,1.0,0.0,0.0,0.0,8.0,1.0,23.0,4.0,5.0,2.0,3.0,0.0,17.0,2.0,4.0,151.0
0.0,0.0,1.0,0.0,0.0,0.0,0.0,0.0,1.0,0.0,0.0,0.0,0.0,0.0,0.0,1.0,0.0,1.0,13.0,3.0,18.0,3.0,4.0,2.0,3.0,0.0,19.0,1.0,8.0,202.0
1.0,2.0,0.0,0.0,1.0,0.0,0.0,0.0,1.0,0.0,0.0,0.0,0.0,1.0,0.0,0.0,0.0,1.0,19.0,3.0,9.0,3.0,4.0,2.0,6.0,0.0,17.0,1.0,4.0,177.0
1.0,2.0,1.0,0.0,0.0,0.0,0.0,0.0,1.0,0.0,0.0,0.0,0.0,0.0,0.0,0.0,1.0,0.0,9.0,1.0,14.0,3.0,4.0,3.0,5.0,0.0,22.0,1.0,5.0,227.0
1.0,0.0,0.0,0.0,0.0,0.0,1.0,0.0,1.0,0.0,0.0,0.0,0.0,0.0,0.0,0.0,1.0,0.0,8.0,2.0,10.0,3.0,4.0,2.0,2.0,0.0,20.0,2.0,3.0,162.0
0.0,0.0,0.0,0.0,0.0,0.0,1.0,1.0,0.0,0.0,0.0,0.0,0.0,1.0,0.0,0.0,0.0,1.0,1.0,1.0,12.0,3.0,5.0,3.0,3.0,1.0,15.0,1.0,8.0,149.0
1.0,0.0,0.0,0.0,0.0,0.0,1.0,1.0,0.0,0.0,0.0,0.0,0.0,1.0,0.0,0.0,0.0,0.0,1.0,1.0,10.0,3.0,4.0,2.0,3.0,0.0,12.0,2.0,1.0,142.0
1.0,2.0,0.0,0.0,1.0,0.0,0.0,0.0,1.0,0.0,0.0,0.0,0.0,1.0,0.0,0.0,0.0,0.0,18.0,1.0,11.0,3.0,4.0,4.0,11.0,0.0,13.0,2.0,4.0,184.0
1.0,2.0,0.0,0.0,0.0,0.0,1.0,0.0,1.0,0.0,0.0,0.0,0.0,1.0,0.0,0.0,0.0,0.0,1.0,1.0,9.0,4.0,2.0,5.0,9.0,0.0,14.0,2.0,2.0,159.0
1.0,1.0,0.0,0.0,1.0,0.0,0.0,0.0,1.0,0.0,0.0,0.0,0.0,1.0,0.0,0.0,0.0,0.0,7.0,3.0,7.0,3.0,2.0,5.0,3.0,0.0,23.0,1.0,9.0,165.0
0.0,2.0,0.0,0.0,0.0,0.0,1.0,0.0,1.0,0.0,0.0,0.0,0.0,1.0,0.0,0.0,0.0,0.0,9.0,1.0,34.0,3.0,5.0,5.0,3.0,0.0,12.0,2.0,2.0,151.0
1.0,0.0,0.0,0.0,1.0,0.0,0.0,0.0,1.0,0.0,0.0,0.0,0.0,0.0,1.0,0.0,0.0,0.0,10.0,3.0,7.0,3.0,4.0,2.0,3.0,1.0,15.0,3.0,12.0,187.0
1.0,1.0,0.0,0.0,1.0,0.0,0.0,0.0,1.0,0.0,0.0,0.0,0.0,0.0,1.0,0.0,0.0,0.0,6.0,3.0,20.0,4.0,4.0,2.0,4.0,0.0,12.0,1.0,4.0,169.0
1.0,1.0,0.0,0.0,0.0,0.0,1.0,1.0,0.0,0.0,0.0,0.0,0.0,0.0,1.0,0.0,0.0,0.0,4.0,1.0,12.0,4.0,5.0,2.0,11.0,0.0,13.0,1.0,4.0,163.0
0.0,0.0,0.0,0.0,1.0,0.0,0.0,0.0,1.0,0.0,0.0,0.0,0.0,1.0,0.0,0.0,0.0,0.0,6.0,1.0,15.0,4.0,2.0,3.0,7.0,0.0,13.0,2.0,4.0,177.0
1.0,1.0,0.0,0.0,1.0,0.0,0.0,0.0,1.0,0.0,0.0,0.0,0.0,0.0,0.0,1.0,0.0,0.0,11.0,3.0,23.0,4.0,5.0,3.0,6.0,0.0,20.0,2.0,1.0,188.0
1.0,1.0,0.0,0.0,0.0,0.0,1.0,0.0,1.0,0.0,0.0,0.0,0.0,1.0,0.0,0.0,0.0,0.0,2.0,2.0,15.0,4.0,5.0,2.0,3.0,0.0,14.0,1.0,5.0,174.0
1.0,0.0,0.0,0.0,1.0,0.0,0.0,0.0,1.0,0.0,0.0,0.0,0.0,0.0,1.0,0.0,0.0,0.0,1.0,1.0,7.0,3.0,5.0,2.0,8.0,0.0,23.0,3.0,3.0,173.0
1.0,0.0,0.0,0.0,0.0,0.0,1.0,0.0,1.0,0.0,0.0,0.0,0.0,0.0,1.0,0.0,0.0,0.0,18.0,1.0,15.0,4.0,2.0,2.0,4.0,1.0,25.0,2.0,3.0,153.0
1.0,2.0,0.0,0.0,0.0,0.0,1.0,1.0,0.0,0.0,0.0,0.0,0.0,1.0,0.0,0.0,0.0,0.0,16.0,1.0,9.0,3.0,4.0,2.0,7.0,1.0,15.0,1.0,3.0,150.0
1.0,0.0,0.0,0.0,0.0,0.0,1.0,0.0,0.0,1.0,0.0,0.0,0.0,0.0,1.0,0.0,0.0,0.0,10.0,2.0,15.0,4.0,5.0,5.0,2.0,0.0,22.0,2.0,4.0,148.0
1.0,0.0,0.0,0.0,1.0,0.0,0.0,0.0,1.0,0.0,0.0,0.0,0.0,0.0,0.0,0.0,1.0,0.0,1.0,3.0,10.0,4.0,4.0,5.0,3.0,1.0,19.0,2.0,4.0,167.0
0.0,1.0,0.0,0.0,0.0,0.0,1.0,1.0,0.0,0.0,0.0,0.0,0.0,0.0,1.0,0.0,0.0,1.0,1.0,1.0,32.0,4.0,4.0,4.0,3.0,1.0,20.0,1.0,9.0,145.0
1.0,1.0,0.0,0.0,0.0,0.0,1.0,1.0,0.0,0.0,0.0,0.0,0.0,0.0,1.0,0.0,0.0,0.0,6.0,1.0,7.0,4.0,4.0,2.0,2.0,0.0,13.0,1.0,3.0,148.0
1.0,0.0,0.0,0.0,1.0,0.0,0.0,0.0,1.0,0.0,0.0,0.0,0.0,0.0,0.0,1.0,0.0,0.0,1.0,3.0,11.0,3.0,5.0,5.0,3.0,0.0,13.0,2.0,4.0,168.0
0.0,0.0,0.0,0.0,0.0,0.0,1.0,0.0,1.0,0.0,0.0,1.0,0.0,0.0,0.0,0.0,0.0,0.0,23.0,1.0,7.0,3.0,4.0,5.0,4.0,0.0,17.0,2.0,3.0,161.0
1.0,0.0,0.0,0.0,0.0,0.0,1.0,1.0,0.0,0.0,0.0,0.0,0.0,0.0,1.0,0.0,0.0,0.0,1.0,1.0,11.0,3.0,5.0,2.0,2.0,0.0,18.0,1.0,5.0,157.0
1.0,0.0,0.0,0.0,1.0,0.0,0.0,1.0,0.0,0.0,0.0,0.0,0.0,0.0,1.0,0.0,0.0,0.0,6.0,3.0,12.0,3.0,4.0,4.0,3.0,0.0,15.0,3.0,4.0,190.0
1.0,0.0,0.0,0.0,0.0,0.0,1.0,0.0,1.0,0.0,0.0,0.0,0.0,0.0,0.0,1.0,0.0,0.0,12.0,3.0,16.0,4.0,5.0,4.0,2.0,0.0,20.0,1.0,3.0,154.0
0.0,0.0,0.0,0.0,1.0,0.0,0.0,0.0,1.0,0.0,0.0,0.0,0.0,0.0,1.0,0.0,0.0,0.0,16.0,1.0,10.0,4.0,2.0,2.0,4.0,1.0,14.0,1.0,4.0,177.0
1.0,0.0,0.0,0.0,0.0,0.0,1.0,0.0,0.0,1.0,0.0,0.0,0.0,0.0,1.0,0.0,0.0,0.0,5.0,1.0,18.0,3.0,4.0,2.0,5.0,1.0,20.0,2.0,3.0,149.0
0.0,1.0,0.0,0.0,0.0,0.0,1.0,0.0,1.0,0.0,0.0,0.0,0.0,1.0,0.0,0.0,0.0,1.0,1.0,3.0,7.0,3.0,5.0,3.0,8.0,1.0,20.0,1.0,3.0,153.0
0.0,0.0,0.0,0.0,0.0,0.0,1.0,1.0,0.0,0.0,0.0,0.0,0.0,1.0,0.0,0.0,0.0,0.0,11.0,3.0,28.0,3.0,4.0,2.0,7.0,0.0,16.0,2.0,1.0,155.0
0.0,0.0,0.0,0.0,1.0,0.0,0.0,1.0,0.0,0.0,0.0,0.0,0.0,0.0,1.0,0.0,0.0,0.0,17.0,1.0,7.0,3.0,4.0,2.0,6.0,0.0,14.0,2.0,3.0,181.0
1.0,2.0,1.0,0.0,0.0,0.0,0.0,1.0,0.0,0.0,0.0,0.0,0.0,1.0,0.0,0.0,0.0,0.0,11.0,3.0,26.0,3.0,4.0,4.0,3.0,1.0,14.0,1.0,10.0,201.0
0.0,0.0,0.0,0.0,1.0,0.0,0.0,0.0,1.0,0.0,0.0,0.0,0.0,0.0,1.0,0.0,0.0,0.0,13.0,2.0,9.0,3.0,5.0,2.0,10.0,0.0,12.0,1.0,5.0,177.0
1.0,1.0,0.0,0.0,0.0,0.0,1.0,0.0,0.0,1.0,0.0,0.0,0.0,0.0,0.0,0.0,1.0,0.0,7.0,2.0,10.0,3.0,4.0,4.0,5.0,1.0,12.0,1.0,4.0,148.0
1.0,2.0,0.0,0.0,0.0,0.0,1.0,0.0,1.0,0.0,0.0,0.0,0.0,0.0,1.0,0.0,0.0,1.0,1.0,1.0,32.0,3.0,4.0,2.0,3.0,1.0,25.0,2.0,2.0,153.0
0.0,1.0,0.0,0.0,0.0,0.0,1.0,0.0,1.0,0.0,0.0,0.0,0.0,1.0,0.0,0.0,0.0,0.0,3.0,1.0,14.0,4.0,5.0,2.0,8.0,0.0,15.0,2.0,4.0,150.0
1.0,0.0,0.0,0.0,0.0,0.0,1.0,0.0,1.0,0.0,0.0,0.0,0.0,0.0,1.0,0.0,0.0,0.0,18.0,1.0,16.0,4.0,4.0,5.0,3.0,1.0,14.0,3.0,2.0,151.0
1.0,2.0,0.0,0.0,1.0,0.0,0.0,0.0,1.0,0.0,0.0,0.0,0.0,1.0,0.0,0.0,0.0,0.0,2.0,3.0,12.0,4.0,4.0,2.0,3.0,0.0,15.0,2.0,3.0,174.0
1.0,1.0,0.0,0.0,0.0,0.0,1.0,1.0,0.0,0.0,0.0,0.0,0.0,0.0,1.0,0.0,0.0,1.0,21.0,1.0,9.0,3.0,5.0,2.0,11.0,1.0,15.0,1.0,1.0,149.0
0.0,1.0,0.0,0.0,1.0,0.0,0.0,0.0,1.0,0.0,0.0,0.0,0.0,0.0,1.0,0.0,0.0,0.0,17.0,1.0,15.0,3.0,4.0,4.0,6.0,0.0,22.0,2.0,1.0,173.0
0.0,2.0,0.0,0.0,0.0,0.0,1.0,0.0,0.0,1.0,0.0,0.0,0.0,1.0,0.0,0.0,0.0,1.0,1.0,3.0,9.0,3.0,5.0,3.0,3.0,0.0,14.0,1.0,3.0,145.0
0.0,2.0,0.0,0.0,0.0,0.0,1.0,0.0,1.0,0.0,0.0,0.0,0.0,0.0,0.0,0.0,1.0,1.0,1.0,1.0,25.0,4.0,4.0,2.0,3.0,0.0,20.0,2.0,1.0,152.0
0.0,2.0,0.0,0.0,0.0,0.0,1.0,0.0,1.0,0.0,0.0,0.0,0.0,0.0,1.0,0.0,0.0,0.0,21.0,3.0,9.0,4.0,5.0,2.0,3.0,1.0,19.0,2.0,3.0,158.0
0.0,0.0,0.0,0.0,1.0,0.0,0.0,0.0,1.0,0.0,0.0,0.0,0.0,0.0,1.0,0.0,0.0,1.0,1.0,1.0,10.0,3.0,4.0,3.0,2.0,1.0,20.0,2.0,3.0,167.0
0.0,1.0,0.0,0.0,0.0,0.0,1.0,0.0,0.0,1.0,0.0,0.0,0.0,1.0,0.0,0.0,0.0,0.0,2.0,1.0,16.0,4.0,4.0,3.0,7.0,0.0,19.0,3.0,3.0,149.0
1.0,0.0,0.0,0.0,0.0,0.0,1.0,0.0,0.0,1.0,0.0,0.0,0.0,1.0,0.0,0.0,0.0,1.0,3.0,1.0,13.0,4.0,4.0,5.0,9.0,1.0,22.0,2.0,3.0,149.0
0.0,2.0,0.0,0.0,0.0,0.0,1.0,0.0,0.0,1.0,0.0,0.0,0.0,0.0,1.0,0.0,0.0,0.0,1.0,1.0,11.0,4.0,4.0,3.0,3.0,0.0,20.0,2.0,1.0,148.0
1.0,1.0,0.0,0.0,0.0,0.0,1.0,0.0,0.0,1.0,0.0,0.0,0.0,0.0,1.0,0.0,0.0,0.0,8.0,1.0,17.0,3.0,4.0,4.0,3.0,0.0,15.0,2.0,1.0,145.0
0.0,2.0,0.0,0.0,1.0,0.0,0.0,0.0,1.0,0.0,0.0,0.0,0.0,1.0,0.0,0.0,0.0,0.0,16.0,3.0,21.0,4.0,5.0,3.0,9.0,0.0,18.0,1.0,4.0,187.0
1.0,2.0,0.0,0.0,0.0,0.0,1.0,0.0,1.0,0.0,0.0,0.0,0.0,0.0,0.0,0.0,1.0,0.0,7.0,1.0,7.0,4.0,5.0,5.0,5.0,1.0,12.0,1.0,3.0,153.0
0.0,0.0,1.0,0.0,0.0,0.0,0.0,0.0,1.0,0.0,0.0,0.0,0.0,0.0,0.0,0.0,1.0,0.0,23.0,1.0,15.0,3.0,4.0,4.0,6.0,0.0,12.0,1.0,8.0,199.0
1.0,0.0,0.0,0.0,0.0,0.0,1.0,0.0,0.0,1.0,0.0,0.0,0.0,1.0,0.0,0.0,0.0,0.0,22.0,1.0,27.0,3.0,4.0,3.0,6.0,0.0,18.0,1.0,1.0,148.0
0.0,0.0,0.0,0.0,1.0,0.0,0.0,1.0,0.0,0.0,0.0,0.0,0.0,0.0,0.0,1.0,0.0,0.0,5.0,3.0,27.0,3.0,4.0,3.0,3.0,0.0,14.0,2.0,1.0,194.0
1.0,2.0,0.0,0.0,0.0,0.0,1.0,0.0,1.0,0.0,0.0,0.0,0.0,0.0,0.0,0.0,1.0,0.0,10.0,1.0,14.0,4.0,4.0,2.0,4.0,0.0,19.0,1.0,2.0,172.0
0.0,0.0,0.0,0.0,0.0,0.0,1.0,1.0,0.0,0.0,0.0,0.0,0.0,0.0,1.0,0.0,0.0,0.0,6.0,1.0,7.0,4.0,5.0,4.0,8.0,0.0,21.0,2.0,3.0,148.0
1.0,0.0,0.0,0.0,0.0,0.0,1.0,0.0,0.0,1.0,0.0,0.0,0.0,0.0,0.0,1.0,0.0,1.0,1.0,3.0,26.0,3.0,5.0,4.0,3.0,1.0,19.0,1.0,1.0,149.0
1.0,1.0,1.0,0.0,0.0,0.0,0.0,0.0,1.0,0.0,0.0,0.0,0.0,0.0,0.0,1.0,0.0,0.0,14.0,3.0,17.0,4.0,5.0,4.0,4.0,0.0,13.0,2.0,5.0,222.0
1.0,2.0,0.0,0.0,1.0,0.0,0.0,1.0,0.0,0.0,0.0,0.0,0.0,1.0,0.0,0.0,0.0,0.0,1.0,3.0,7.0,3.0,5.0,5.0,3.0,0.0,13.0,2.0,8.0,168.0
1.0,2.0,0.0,0.0,0.0,0.0,1.0,0.0,1.0,0.0,0.0,0.0,0.0,1.0,0.0,0.0,0.0,0.0,10.0,1.0,9.0,4.0,4.0,3.0,6.0,0.0,22.0,3.0,10.0,150.0
1.0,2.0,0.0,0.0,0.0,0.0,1.0,0.0,0.0,1.0,0.0,0.0,0.0,0.0,0.0,0.0,1.0,1.0,1.0,3.0,28.0,3.0,5.0,4.0,3.0,1.0,14.0,1.0,1.0,146.0
1.0,2.0,0.0,0.0,0.0,0.0,1.0,0.0,1.0,0.0,0.0,1.0,0.0,0.0,0.0,0.0,0.0,1.0,1.0,1.0,11.0,3.0,4.0,5.0,3.0,0.0,20.0,2.0,1.0,155.0
0.0,0.0,0.0,0.0,1.0,0.0,0.0,0.0,1.0,0.0,0.0,0.0,0.0,1.0,0.0,0.0,0.0,0.0,5.0,1.0,19.0,3.0,4.0,2.0,2.0,1.0,12.0,1.0,6.0,184.0
1.0,1.0,0.0,0.0,0.0,0.0,1.0,1.0,0.0,0.0,0.0,0.0,0.0,1.0,0.0,0.0,0.0,0.0,14.0,1.0,16.0,3.0,4.0,4.0,10.0,1.0,15.0,1.0,1.0,161.0
0.0,2.0,0.0,0.0,1.0,0.0,0.0,0.0,1.0,0.0,0.0,0.0,0.0,0.0,1.0,0.0,0.0,0.0,7.0,1.0,7.0,3.0,5.0,2.0,2.0,0.0,15.0,1.0,5.0,194.0
1.0,0.0,0.0,0.0,1.0,0.0,0.0,1.0,0.0,0.0,0.0,0.0,0.0,0.0,1.0,0.0,0.0,0.0,19.0,1.0,11.0,3.0,4.0,4.0,3.0,0.0,13.0,2.0,9.0,169.0
0.0,0.0,0.0,0.0,0.0,0.0,1.0,1.0,0.0,0.0,0.0,1.0,0.0,0.0,0.0,0.0,0.0,0.0,3.0,3.0,27.0,3.0,4.0,2.0,3.0,0.0,16.0,1.0,3.0,147.0
0.0,0.0,0.0,0.0,1.0,0.0,0.0,0.0,1.0,0.0,0.0,0.0,0.0,1.0,0.0,0.0,0.0,0.0,9.0,3.0,25.0,3.0,4.0,3.0,3.0,0.0,17.0,2.0,1.0,171.0
1.0,2.0,0.0,0.0,0.0,0.0,1.0,0.0,1.0,0.0,0.0,1.0,0.0,0.0,0.0,0.0,0.0,1.0,21.0,1.0,9.0,3.0,4.0,3.0,6.0,0.0,25.0,2.0,1.0,150.0
0.0,2.0,0.0,0.0,1.0,0.0,0.0,1.0,0.0,0.0,0.0,1.0,0.0,0.0,0.0,0.0,0.0,0.0,12.0,3.0,17.0,3.0,4.0,2.0,3.0,1.0,14.0,1.0,4.0,182.0
1.0,1.0,1.0,0.0,0.0,0.0,0.0,0.0,1.0,0.0,0.0,0.0,0.0,0.0,1.0,0.0,0.0,0.0,9.0,3.0,10.0,4.0,4.0,2.0,8.0,0.0,14.0,1.0,9.0,203.0
1.0,2.0,1.0,0.0,0.0,0.0,0.0,0.0,1.0,0.0,0.0,0.0,0.0,0.0,1.0,0.0,0.0,0.0,13.0,3.0,9.0,3.0,2.0,3.0,2.0,0.0,19.0,2.0,8.0,204.0
1.0,1.0,0.0,0.0,1.0,0.0,0.0,1.0,0.0,0.0,0.0,0.0,0.0,1.0,0.0,0.0,0.0,0.0,21.0,1.0,23.0,4.0,2.0,3.0,3.0,1.0,20.0,1.0,8.0,176.0
1.0,1.0,0.0,0.0,1.0,0.0,0.0,1.0,0.0,0.0,0.0,1.0,0.0,0.0,0.0,0.0,0.0,0.0,10.0,3.0,15.0,3.0,4.0,2.0,6.0,0.0,14.0,2.0,8.0,176.0
1.0,2.0,0.0,0.0,0.0,0.0,1.0,1.0,0.0,0.0,0.0,0.0,0.0,1.0,0.0,0.0,0.0,1.0,1.0,1.0,16.0,3.0,5.0,5.0,2.0,1.0,23.0,2.0,3.0,148.0
0.0,2.0,0.0,0.0,0.0,0.0,1.0,0.0,0.0,1.0,0.0,0.0,0.0,0.0,1.0,0.0,0.0,1.0,1.0,1.0,17.0,4.0,5.0,5.0,8.0,1.0,21.0,2.0,1.0,149.0
0.0,2.0,0.0,0.0,0.0,0.0,1.0,0.0,1.0,0.0,0.0,0.0,0.0,0.0,1.0,0.0,0.0,0.0,7.0,1.0,20.0,3.0,4.0,2.0,5.0,0.0,19.0,2.0,3.0,160.0
0.0,1.0,0.0,0.0,0.0,0.0,1.0,0.0,0.0,1.0,0.0,0.0,0.0,1.0,0.0,0.0,0.0,0.0,19.0,1.0,7.0,4.0,4.0,2.0,5.0,0.0,15.0,1.0,3.0,148.0
0.0,0.0,0.0,0.0,1.0,0.0,0.0,1.0,0.0,0.0,0.0,0.0,0.0,0.0,0.0,0.0,1.0,0.0,7.0,1.0,7.0,3.0,2.0,4.0,3.0,1.0,14.0,1.0,3.0,180.0
0.0,0.0,0.0,0.0,0.0,0.0,1.0,0.0,1.0,0.0,0.0,1.0,0.0,0.0,0.0,0.0,0.0,0.0,1.0,1.0,23.0,3.0,4.0,4.0,11.0,0.0,15.0,3.0,3.0,153.0
1.0,0.0,0.0,0.0,1.0,0.0,0.0,1.0,0.0,0.0,0.0,0.0,0.0,0.0,1.0,0.0,0.0,0.0,19.0,1.0,30.0,3.0,4.0,5.0,3.0,1.0,16.0,2.0,9.0,161.0
0.0,2.0,0.0,0.0,1.0,0.0,0.0,0.0,1.0,0.0,0.0,0.0,0.0,0.0,1.0,0.0,0.0,0.0,21.0,3.0,11.0,3.0,4.0,2.0,3.0,1.0,18.0,2.0,8.0,167.0
0.0,0.0,0.0,0.0,0.0,0.0,1.0,0.0,0.0,1.0,0.0,0.0,0.0,0.0,1.0,0.0,0.0,1.0,1.0,1.0,29.0,3.0,4.0,3.0,6.0,1.0,12.0,1.0,2.0,146.0
1.0,0.0,0.0,0.0,0.0,0.0,1.0,1.0,0.0,0.0,0.0,0.0,0.0,1.0,0.0,0.0,0.0,0.0,12.0,1.0,17.0,4.0,4.0,3.0,2.0,0.0,18.0,1.0,3.0,152.0
0.0,1.0,0.0,0.0,1.0,0.0,0.0,0.0,1.0,0.0,0.0,0.0,0.0,1.0,0.0,0.0,0.0,0.0,1.0,1.0,24.0,3.0,5.0,3.0,3.0,0.0,16.0,3.0,3.0,169.0
1.0,1.0,0.0,0.0,0.0,0.0,1.0,0.0,1.0,0.0,0.0,0.0,0.0,0.0,0.0,0.0,1.0,1.0,1.0,1.0,21.0,3.0,5.0,4.0,3.0,1.0,25.0,2.0,3.0,162.0
0.0,0.0,0.0,0.0,1.0,0.0,0.0,1.0,0.0,0.0,0.0,0.0,0.0,0.0,1.0,0.0,0.0,0.0,5.0,1.0,7.0,4.0,4.0,5.0,3.0,0.0,13.0,2.0,4.0,166.0
1.0,2.0,0.0,0.0,0.0,1.0,0.0,1.0,0.0,0.0,0.0,0.0,0.0,0.0,1.0,0.0,0.0,0.0,1.0,1.0,12.0,4.0,4.0,2.0,3.0,0.0,16.0,2.0,1.0,136.0
0.0,2.0,0.0,0.0,0.0,0.0,1.0,0.0,1.0,0.0,0.0,0.0,0.0,1.0,0.0,0.0,0.0,1.0,1.0,1.0,18.0,4.0,5.0,5.0,3.0,1.0,16.0,1.0,1.0,151.0
0.0,2.0,0.0,0.0,0.0,0.0,1.0,1.0,0.0,0.0,0.0,0.0,0.0,1.0,0.0,0.0,0.0,1.0,1.0,1.0,12.0,3.0,4.0,4.0,2.0,0.0,18.0,1.0,3.0,149.0
1.0,0.0,0.0,0.0,1.0,0.0,0.0,0.0,1.0,0.0,0.0,0.0,0.0,1.0,0.0,0.0,0.0,0.0,1.0,1.0,9.0,3.0,2.0,2.0,3.0,0.0,13.0,2.0,4.0,180.0
1.0,2.0,0.0,0.0,1.0,0.0,0.0,0.0,1.0,0.0,0.0,0.0,0.0,0.0,1.0,0.0,0.0,0.0,22.0,1.0,13.0,4.0,5.0,3.0,4.0,0.0,14.0,1.0,3.0,167.0
0.0,2.0,0.0,0.0,1.0,0.0,0.0,0.0,1.0,0.0,0.0,0.0,0.0,1.0,0.0,0.0,0.0,0.0,15.0,1.0,14.0,3.0,4.0,3.0,8.0,0.0,15.0,2.0,2.0,175.0
0.0,0.0,0.0,0.0,1.0,0.0,0.0,0.0,1.0,0.0,0.0,0.0,0.0,0.0,1.0,0.0,0.0,0.0,1.0,1.0,9.0,3.0,4.0,2.0,2.0,0.0,19.0,1.0,3.0,167.0
1.0,1.0,0.0,0.0,0.0,0.0,1.0,0.0,1.0,0.0,0.0,0.0,0.0,0.0,0.0,0.0,1.0,0.0,9.0,1.0,17.0,3.0,4.0,2.0,3.0,0.0,21.0,2.0,3.0,164.0
1.0,0.0,0.0,0.0,0.0,0.0,1.0,0.0,0.0,1.0,0.0,0.0,0.0,0.0,1.0,0.0,0.0,0.0,24.0,1.0,16.0,4.0,4.0,2.0,6.0,0.0,19.0,2.0,1.0,149.0
1.0,2.0,0.0,0.0,1.0,0.0,0.0,0.0,1.0,0.0,0.0,0.0,0.0,0.0,1.0,0.0,0.0,0.0,12.0,3.0,10.0,3.0,4.0,2.0,10.0,1.0,13.0,2.0,1.0,194.0
0.0,0.0,0.0,0.0,1.0,0.0,0.0,1.0,0.0,0.0,0.0,0.0,0.0,0.0,1.0,0.0,0.0,0.0,24.0,3.0,7.0,4.0,4.0,3.0,2.0,0.0,13.0,2.0,14.0,188.0
0.0,2.0,0.0,0.0,0.0,0.0,1.0,1.0,0.0,0.0,0.0,0.0,0.0,0.0,1.0,0.0,0.0,0.0,7.0,3.0,15.0,3.0,5.0,2.0,2.0,0.0,20.0,3.0,3.0,148.0
1.0,1.0,0.0,0.0,1.0,0.0,0.0,0.0,1.0,0.0,0.0,0.0,0.0,0.0,0.0,1.0,0.0,0.0,8.0,3.0,7.0,4.0,2.0,2.0,2.0,0.0,12.0,2.0,5.0,222.0
1.0,2.0,0.0,0.0,0.0,0.0,1.0,0.0,0.0,1.0,0.0,0.0,0.0,1.0,0.0,0.0,0.0,0.0,19.0,2.0,31.0,3.0,4.0,4.0,3.0,0.0,17.0,1.0,5.0,147.0
0.0,0.0,1.0,0.0,0.0,0.0,0.0,1.0,0.0,0.0,0.0,0.0,0.0,0.0,0.0,1.0,0.0,0.0,27.0,3.0,9.0,3.0,5.0,4.0,4.0,0.0,13.0,1.0,13.0,200.0
1.0,1.0,0.0,0.0,1.0,0.0,0.0,0.0,1.0,0.0,0.0,0.0,0.0,0.0,0.0,0.0,1.0,1.0,1.0,1.0,22.0,3.0,4.0,3.0,9.0,0.0,15.0,1.0,1.0,173.0
1.0,0.0,0.0,0.0,0.0,0.0,1.0,1.0,0.0,0.0,0.0,0.0,0.0,0.0,1.0,0.0,0.0,1.0,1.0,1.0,9.0,3.0,4.0,5.0,8.0,1.0,15.0,2.0,3.0,145.0
0.0,0.0,0.0,0.0,0.0,0.0,1.0,0.0,0.0,1.0,0.0,0.0,0.0,0.0,1.0,0.0,0.0,0.0,8.0,3.0,17.0,3.0,4.0,3.0,3.0,1.0,20.0,1.0,1.0,147.0
1.0,0.0,0.0,0.0,0.0,0.0,1.0,0.0,0.0,1.0,0.0,0.0,0.0,1.0,0.0,0.0,0.0,0.0,2.0,3.0,17.0,4.0,4.0,4.0,3.0,0.0,23.0,2.0,1.0,136.0
1.0,0.0,0.0,0.0,0.0,0.0,1.0,1.0,0.0,0.0,0.0,0.0,0.0,0.0,0.0,0.0,1.0,0.0,12.0,1.0,10.0,3.0,4.0,3.0,5.0,0.0,17.0,3.0,3.0,153.0
0.0,2.0,0.0,0.0,1.0,0.0,0.0,0.0,1.0,0.0,0.0,0.0,0.0,0.0,0.0,0.0,1.0,0.0,11.0,1.0,10.0,3.0,4.0,4.0,5.0,0.0,16.0,2.0,2.0,166.0
0.0,1.0,0.0,0.0,0.0,0.0,1.0,1.0,0.0,0.0,0.0,0.0,0.0,1.0,0.0,0.0,0.0,0.0,1.0,1.0,7.0,4.0,5.0,3.0,3.0,0.0,14.0,2.0,4.0,145.0
0.0,0.0,0.0,0.0,0.0,0.0,1.0,1.0,0.0,0.0,0.0,0.0,0.0,1.0,0.0,0.0,0.0,0.0,30.0,1.0,16.0,4.0,4.0,3.0,4.0,0.0,20.0,1.0,4.0,154.0
0.0,2.0,0.0,0.0,0.0,0.0,1.0,1.0,0.0,0.0,0.0,0.0,0.0,0.0,0.0,1.0,0.0,1.0,1.0,3.0,16.0,3.0,4.0,2.0,3.0,1.0,15.0,1.0,3.0,148.0
0.0,2.0,0.0,0.0,0.0,0.0,1.0,0.0,0.0,1.0,0.0,0.0,0.0,0.0,1.0,0.0,0.0,1.0,1.0,1.0,17.0,3.0,5.0,5.0,3.0,0.0,14.0,2.0,1.0,139.0
0.0,1.0,0.0,0.0,1.0,0.0,0.0,0.0,1.0,0.0,0.0,0.0,0.0,0.0,1.0,0.0,0.0,0.0,20.0,1.0,15.0,4.0,5.0,5.0,10.0,1.0,24.0,2.0,8.0,171.0
1.0,0.0,0.0,0.0,0.0,0.0,1.0,0.0,1.0,0.0,0.0,0.0,0.0,0.0,1.0,0.0,0.0,1.0,15.0,1.0,11.0,3.0,4.0,3.0,11.0,1.0,13.0,2.0,8.0,150.0
1.0,2.0,1.0,0.0,0.0,0.0,0.0,1.0,0.0,0.0,0.0,0.0,1.0,0.0,0.0,0.0,0.0,1.0,1.0,1.0,31.0,4.0,5.0,5.0,3.0,0.0,13.0,1.0,5.0,212.0
1.0,0.0,0.0,0.0,0.0,0.0,1.0,0.0,1.0,0.0,0.0,0.0,0.0,1.0,0.0,0.0,0.0,0.0,1.0,1.0,7.0,3.0,5.0,5.0,3.0,0.0,17.0,1.0,4.0,165.0
1.0,0.0,0.0,0.0,1.0,0.0,0.0,0.0,1.0,0.0,0.0,0.0,0.0,0.0,0.0,0.0,1.0,0.0,4.0,1.0,27.0,3.0,4.0,5.0,2.0,0.0,16.0,2.0,5.0,225.0
0.0,0.0,0.0,0.0,0.0,0.0,1.0,0.0,1.0,0.0,0.0,1.0,0.0,0.0,0.0,0.0,0.0,0.0,15.0,1.0,14.0,3.0,2.0,3.0,3.0,0.0,14.0,2.0,9.0,159.0
0.0,0.0,1.0,0.0,0.0,0.0,0.0,0.0,1.0,0.0,0.0,0.0,0.0,0.0,1.0,0.0,0.0,0.0,12.0,1.0,24.0,4.0,5.0,3.0,2.0,0.0,19.0,1.0,5.0,213.0
0.0,2.0,0.0,0.0,1.0,0.0,0.0,0.0,1.0,0.0,0.0,0.0,0.0,0.0,0.0,0.0,1.0,0.0,2.0,1.0,17.0,3.0,4.0,3.0,5.0,0.0,14.0,2.0,8.0,162.0
1.0,1.0,1.0,0.0,0.0,0.0,0.0,0.0,1.0,0.0,0.0,0.0,0.0,0.0,1.0,0.0,0.0,0.0,7.0,1.0,12.0,3.0,5.0,2.0,6.0,0.0,16.0,1.0,3.0,196.0
1.0,1.0,0.0,0.0,0.0,0.0,1.0,0.0,0.0,1.0,0.0,0.0,0.0,0.0,1.0,0.0,0.0,0.0,2.0,1.0,22.0,3.0,4.0,3.0,3.0,0.0,17.0,3.0,3.0,147.0
1.0,2.0,0.0,0.0,1.0,0.0,0.0,1.0,0.0,0.0,0.0,0.0,0.0,0.0,1.0,0.0,0.0,0.0,8.0,1.0,10.0,3.0,4.0,2.0,2.0,0.0,18.0,2.0,5.0,203.0
0.0,1.0,0.0,0.0,1.0,0.0,0.0,0.0,1.0,0.0,0.0,0.0,0.0,0.0,1.0,0.0,0.0,0.0,11.0,3.0,17.0,3.0,5.0,2.0,4.0,1.0,15.0,1.0,1.0,192.0
1.0,1.0,0.0,0.0,0.0,0.0,1.0,0.0,0.0,1.0,0.0,0.0,0.0,1.0,0.0,0.0,0.0,1.0,1.0,1.0,28.0,3.0,4.0,3.0,3.0,0.0,21.0,2.0,1.0,149.0
1.0,2.0,0.0,0.0,0.0,0.0,1.0,0.0,0.0,1.0,0.0,0.0,0.0,1.0,0.0,0.0,0.0,1.0,1.0,1.0,32.0,3.0,5.0,4.0,6.0,1.0,21.0,1.0,3.0,148.0
1.0,1.0,0.0,0.0,0.0,0.0,1.0,1.0,0.0,0.0,0.0,0.0,0.0,1.0,0.0,0.0,0.0,1.0,1.0,1.0,5.0,3.0,5.0,4.0,3.0,0.0,16.0,1.0,1.0,151.0
1.0,2.0,0.0,0.0,1.0,0.0,0.0,1.0,0.0,0.0,0.0,0.0,0.0,0.0,0.0,0.0,1.0,1.0,14.0,3.0,7.0,3.0,4.0,3.0,5.0,1.0,15.0,1.0,1.0,172.0
0.0,0.0,0.0,0.0,1.0,0.0,0.0,1.0,0.0,0.0,0.0,0.0,0.0,0.0,1.0,0.0,0.0,0.0,7.0,3.0,14.0,2.0,4.0,4.0,2.0,0.0,18.0,2.0,3.0,168.0
1.0,0.0,0.0,0.0,0.0,0.0,1.0,1.0,0.0,0.0,0.0,0.0,0.0,0.0,1.0,0.0,0.0,0.0,8.0,1.0,10.0,3.0,5.0,2.0,5.0,0.0,18.0,2.0,1.0,155.0
0.0,0.0,0.0,0.0,1.0,0.0,0.0,1.0,0.0,0.0,0.0,0.0,0.0,0.0,1.0,0.0,0.0,0.0,19.0,3.0,16.0,4.0,5.0,3.0,3.0,0.0,14.0,1.0,13.0,181.0
1.0,1.0,1.0,0.0,0.0,0.0,0.0,0.0,1.0,0.0,0.0,0.0,0.0,0.0,0.0,1.0,0.0,0.0,12.0,3.0,17.0,4.0,5.0,3.0,2.0,1.0,15.0,3.0,5.0,212.0
0.0,1.0,0.0,0.0,0.0,0.0,1.0,0.0,1.0,0.0,0.0,0.0,0.0,0.0,1.0,0.0,0.0,0.0,3.0,1.0,35.0,4.0,4.0,2.0,6.0,0.0,23.0,1.0,8.0,150.0
0.0,1.0,1.0,0.0,0.0,0.0,0.0,0.0,1.0,0.0,0.0,0.0,0.0,1.0,0.0,0.0,0.0,0.0,2.0,1.0,10.0,4.0,4.0,4.0,2.0,0.0,18.0,1.0,8.0,202.0
1.0,2.0,1.0,0.0,0.0,0.0,0.0,0.0,1.0,0.0,0.0,0.0,0.0,0.0,0.0,1.0,0.0,0.0,12.0,3.0,9.0,3.0,4.0,4.0,9.0,0.0,17.0,2.0,1.0,199.0
0.0,2.0,0.0,0.0,0.0,0.0,1.0,0.0,0.0,1.0,0.0,1.0,0.0,0.0,0.0,0.0,0.0,0.0,1.0,1.0,7.0,4.0,5.0,4.0,3.0,1.0,12.0,1.0,3.0,146.0
1.0,2.0,0.0,0.0,1.0,0.0,0.0,1.0,0.0,0.0,0.0,0.0,0.0,0.0,1.0,0.0,0.0,0.0,10.0,1.0,25.0,4.0,4.0,2.0,4.0,0.0,21.0,2.0,10.0,203.0
1.0,0.0,0.0,0.0,0.0,0.0,1.0,1.0,0.0,0.0,0.0,0.0,0.0,0.0,1.0,0.0,0.0,0.0,5.0,3.0,27.0,4.0,2.0,2.0,2.0,0.0,13.0,2.0,3.0,153.0
1.0,0.0,0.0,0.0,0.0,0.0,1.0,0.0,1.0,0.0,0.0,0.0,0.0,0.0,1.0,0.0,0.0,0.0,2.0,1.0,9.0,4.0,5.0,4.0,2.0,0.0,18.0,1.0,5.0,157.0
1.0,1.0,0.0,0.0,1.0,0.0,0.0,1.0,0.0,0.0,0.0,0.0,0.0,0.0,0.0,1.0,0.0,0.0,9.0,3.0,18.0,3.0,4.0,2.0,3.0,0.0,12.0,1.0,3.0,175.0
1.0,2.0,0.0,0.0,1.0,0.0,0.0,1.0,0.0,0.0,0.0,0.0,0.0,0.0,1.0,0.0,0.0,0.0,8.0,1.0,9.0,4.0,4.0,3.0,4.0,0.0,12.0,2.0,3.0,165.0
0.0,1.0,0.0,0.0,0.0,0.0,1.0,1.0,0.0,0.0,0.0,0.0,0.0,0.0,1.0,0.0,0.0,0.0,3.0,1.0,17.0,4.0,4.0,4.0,2.0,0.0,15.0,2.0,2.0,158.0
1.0,0.0,0.0,0.0,1.0,0.0,0.0,0.0,1.0,0.0,0.0,0.0,0.0,1.0,0.0,0.0,0.0,0.0,3.0,1.0,15.0,4.0,5.0,2.0,3.0,1.0,14.0,1.0,3.0,176.0
1.0,0.0,0.0,0.0,0.0,0.0,1.0,0.0,1.0,0.0,0.0,0.0,0.0,0.0,0.0,0.0,1.0,0.0,12.0,2.0,7.0,3.0,2.0,3.0,3.0,0.0,14.0,2.0,1.0,153.0
1.0,1.0,0.0,0.0,0.0,0.0,1.0,1.0,0.0,0.0,0.0,0.0,0.0,0.0,1.0,0.0,0.0,0.0,5.0,1.0,13.0,3.0,5.0,3.0,3.0,1.0,15.0,2.0,3.0,152.0
1.0,2.0,0.0,0.0,0.0,0.0,1.0,1.0,0.0,0.0,0.0,0.0,0.0,1.0,0.0,0.0,0.0,1.0,1.0,1.0,15.0,4.0,4.0,3.0,3.0,0.0,13.0,1.0,1.0,144.0
0.0,2.0,0.0,0.0,1.0,0.0,0.0,0.0,1.0,0.0,0.0,0.0,0.0,0.0,0.0,1.0,0.0,1.0,1.0,3.0,16.0,4.0,4.0,5.0,2.0,1.0,18.0,1.0,4.0,207.0
1.0,0.0,0.0,0.0,0.0,0.0,1.0,0.0,1.0,0.0,0.0,0.0,0.0,0.0,1.0,0.0,0.0,0.0,15.0,1.0,19.0,3.0,4.0,2.0,5.0,1.0,12.0,2.0,1.0,173.0
1.0,0.0,0.0,0.0,0.0,0.0,1.0,1.0,0.0,0.0,0.0,0.0,0.0,1.0,0.0,0.0,0.0,1.0,1.0,1.0,22.0,4.0,4.0,3.0,3.0,0.0,13.0,3.0,3.0,151.0
0.0,1.0,0.0,0.0,1.0,0.0,0.0,0.0,1.0,0.0,0.0,0.0,0.0,1.0,0.0,0.0,0.0,0.0,11.0,1.0,32.0,3.0,5.0,2.0,9.0,0.0,14.0,1.0,4.0,182.0
1.0,0.0,0.0,0.0,0.0,0.0,1.0,0.0,1.0,0.0,0.0,0.0,0.0,0.0,1.0,0.0,0.0,0.0,1.0,1.0,13.0,3.0,5.0,3.0,3.0,0.0,14.0,3.0,3.0,150.0
0.0,0.0,0.0,0.0,1.0,0.0,0.0,0.0,1.0,0.0,0.0,0.0,0.0,0.0,1.0,0.0,0.0,0.0,8.0,3.0,16.0,4.0,4.0,3.0,3.0,0.0,21.0,2.0,4.0,182.0
1.0,2.0,0.0,0.0,0.0,0.0,1.0,0.0,1.0,0.0,0.0,1.0,0.0,0.0,0.0,0.0,0.0,0.0,9.0,2.0,15.0,4.0,4.0,3.0,3.0,0.0,18.0,1.0,5.0,168.0
0.0,0.0,1.0,0.0,0.0,0.0,0.0,0.0,1.0,0.0,0.0,0.0,0.0,0.0,1.0,0.0,0.0,1.0,1.0,3.0,30.0,3.0,5.0,5.0,3.0,0.0,14.0,1.0,11.0,198.0
1.0,2.0,0.0,0.0,1.0,0.0,0.0,0.0,1.0,0.0,0.0,0.0,0.0,0.0,0.0,1.0,0.0,0.0,16.0,3.0,11.0,3.0,4.0,5.0,9.0,0.0,14.0,2.0,6.0,177.0
1.0,0.0,0.0,0.0,0.0,0.0,1.0,0.0,0.0,1.0,0.0,0.0,0.0,1.0,0.0,0.0,0.0,0.0,9.0,1.0,7.0,3.0,5.0,3.0,8.0,0.0,13.0,2.0,8.0,148.0
1.0,2.0,0.0,0.0,0.0,0.0,1.0,0.0,1.0,0.0,0.0,0.0,0.0,1.0,0.0,0.0,0.0,0.0,1.0,1.0,31.0,3.0,4.0,4.0,10.0,0.0,23.0,2.0,3.0,161.0
0.0,0.0,0.0,0.0,0.0,0.0,1.0,0.0,1.0,0.0,0.0,0.0,0.0,0.0,1.0,0.0,0.0,1.0,1.0,1.0,19.0,4.0,4.0,2.0,3.0,1.0,12.0,2.0,1.0,150.0
1.0,0.0,0.0,0.0,0.0,0.0,1.0,0.0,1.0,0.0,0.0,0.0,0.0,1.0,0.0,0.0,0.0,0.0,1.0,1.0,10.0,3.0,2.0,2.0,3.0,0.0,23.0,2.0,8.0,169.0
1.0,0.0,0.0,0.0,1.0,0.0,0.0,0.0,1.0,0.0,0.0,0.0,0.0,0.0,0.0,1.0,0.0,0.0,4.0,3.0,17.0,4.0,5.0,3.0,3.0,0.0,19.0,2.0,5.0,191.0
0.0,0.0,0.0,0.0,1.0,0.0,0.0,1.0,0.0,0.0,0.0,0.0,0.0,1.0,0.0,0.0,0.0,0.0,14.0,1.0,33.0,4.0,5.0,2.0,5.0,1.0,14.0,2.0,1.0,169.0
1.0,2.0,0.0,0.0,1.0,0.0,0.0,1.0,0.0,0.0,0.0,0.0,0.0,1.0,0.0,0.0,0.0,0.0,8.0,1.0,7.0,4.0,5.0,5.0,2.0,0.0,21.0,2.0,10.0,178.0
1.0,0.0,0.0,0.0,0.0,0.0,1.0,1.0,0.0,0.0,0.0,0.0,0.0,0.0,0.0,0.0,1.0,0.0,9.0,1.0,11.0,3.0,5.0,2.0,3.0,0.0,14.0,3.0,3.0,149.0
0.0,1.0,0.0,0.0,0.0,0.0,1.0,1.0,0.0,0.0,0.0,0.0,0.0,0.0,1.0,0.0,0.0,0.0,6.0,3.0,9.0,4.0,4.0,5.0,3.0,0.0,13.0,1.0,1.0,153.0
0.0,0.0,0.0,0.0,0.0,0.0,1.0,0.0,1.0,0.0,0.0,0.0,0.0,1.0,0.0,0.0,0.0,0.0,3.0,1.0,13.0,3.0,4.0,2.0,3.0,0.0,14.0,1.0,9.0,156.0
0.0,0.0,0.0,0.0,0.0,0.0,1.0,0.0,1.0,0.0,0.0,0.0,0.0,1.0,0.0,0.0,0.0,0.0,19.0,1.0,14.0,3.0,4.0,3.0,6.0,1.0,20.0,2.0,3.0,170.0
1.0,2.0,0.0,0.0,0.0,0.0,1.0,0.0,1.0,0.0,0.0,0.0,0.0,0.0,1.0,0.0,0.0,0.0,1.0,1.0,10.0,3.0,5.0,3.0,3.0,0.0,13.0,1.0,3.0,155.0
1.0,2.0,0.0,0.0,0.0,0.0,1.0,0.0,1.0,0.0,0.0,0.0,0.0,0.0,1.0,0.0,0.0,1.0,8.0,1.0,17.0,4.0,4.0,3.0,3.0,1.0,12.0,2.0,3.0,154.0
1.0,0.0,0.0,0.0,0.0,0.0,1.0,1.0,0.0,0.0,0.0,0.0,0.0,0.0,1.0,0.0,0.0,1.0,1.0,1.0,10.0,3.0,5.0,2.0,2.0,1.0,12.0,1.0,1.0,154.0
1.0,0.0,0.0,0.0,0.0,0.0,1.0,0.0,1.0,0.0,0.0,0.0,0.0,0.0,0.0,0.0,1.0,0.0,7.0,2.0,9.0,3.0,4.0,3.0,3.0,0.0,14.0,1.0,5.0,161.0
1.0,1.0,0.0,0.0,0.0,0.0,1.0,1.0,0.0,0.0,0.0,0.0,0.0,0.0,1.0,0.0,0.0,1.0,5.0,1.0,12.0,4.0,5.0,5.0,8.0,0.0,18.0,2.0,1.0,146.0
1.0,1.0,0.0,0.0,1.0,0.0,0.0,0.0,1.0,0.0,0.0,0.0,0.0,0.0,1.0,0.0,0.0,0.0,4.0,3.0,36.0,4.0,4.0,5.0,10.0,0.0,20.0,2.0,4.0,166.0
1.0,0.0,0.0,0.0,1.0,0.0,0.0,1.0,0.0,0.0,0.0,0.0,0.0,1.0,0.0,0.0,0.0,0.0,14.0,3.0,9.0,4.0,4.0,4.0,7.0,0.0,13.0,2.0,1.0,168.0
1.0,0.0,0.0,0.0,0.0,0.0,1.0,0.0,1.0,0.0,0.0,0.0,0.0,1.0,0.0,0.0,0.0,0.0,2.0,1.0,26.0,4.0,5.0,5.0,3.0,0.0,13.0,2.0,4.0,157.0
1.0,0.0,0.0,0.0,1.0,0.0,0.0,0.0,1.0,0.0,0.0,0.0,0.0,0.0,1.0,0.0,0.0,0.0,9.0,3.0,24.0,4.0,4.0,5.0,5.0,1.0,16.0,2.0,5.0,215.0
0.0,0.0,0.0,0.0,0.0,0.0,1.0,0.0,0.0,1.0,0.0,0.0,0.0,0.0,1.0,0.0,0.0,1.0,1.0,1.0,24.0,4.0,4.0,4.0,3.0,0.0,14.0,1.0,1.0,147.0
0.0,0.0,0.0,0.0,1.0,0.0,0.0,1.0,0.0,0.0,0.0,0.0,0.0,1.0,0.0,0.0,0.0,0.0,7.0,3.0,32.0,3.0,4.0,3.0,3.0,0.0,13.0,1.0,2.0,170.0
1.0,2.0,0.0,0.0,0.0,0.0,1.0,0.0,1.0,0.0,0.0,0.0,0.0,0.0,0.0,1.0,0.0,0.0,1.0,3.0,28.0,3.0,2.0,2.0,3.0,0.0,18.0,1.0,3.0,152.0
1.0,1.0,0.0,0.0,1.0,0.0,0.0,0.0,1.0,0.0,0.0,0.0,1.0,0.0,0.0,0.0,0.0,0.0,20.0,1.0,9.0,3.0,4.0,2.0,4.0,0.0,12.0,2.0,5.0,199.0
1.0,0.0,0.0,0.0,1.0,0.0,0.0,1.0,0.0,0.0,0.0,0.0,0.0,1.0,0.0,0.0,0.0,0.0,16.0,2.0,9.0,4.0,2.0,5.0,9.0,0.0,17.0,1.0,4.0,188.0
1.0,1.0,0.0,0.0,1.0,0.0,0.0,0.0,1.0,0.0,0.0,0.0,0.0,0.0,0.0,1.0,0.0,0.0,31.0,3.0,14.0,3.0,2.0,2.0,2.0,1.0,19.0,1.0,10.0,177.0
0.0,0.0,0.0,0.0,0.0,0.0,1.0,1.0,0.0,0.0,0.0,0.0,0.0,0.0,0.0,0.0,1.0,0.0,6.0,1.0,20.0,4.0,5.0,4.0,3.0,0.0,21.0,1.0,3.0,152.0
0.0,2.0,0.0,0.0,1.0,0.0,0.0,1.0,0.0,0.0,0.0,0.0,0.0,0.0,1.0,0.0,0.0,0.0,6.0,1.0,9.0,3.0,4.0,3.0,6.0,1.0,15.0,2.0,8.0,175.0
1.0,0.0,0.0,0.0,0.0,0.0,1.0,0.0,1.0,0.0,0.0,0.0,0.0,1.0,0.0,0.0,0.0,0.0,7.0,1.0,16.0,3.0,4.0,2.0,2.0,0.0,14.0,2.0,11.0,153.0
0.0,1.0,0.0,0.0,1.0,0.0,0.0,0.0,1.0,0.0,0.0,0.0,1.0,0.0,0.0,0.0,0.0,0.0,14.0,3.0,17.0,3.0,5.0,4.0,9.0,0.0,13.0,2.0,4.0,194.0
1.0,2.0,0.0,0.0,1.0,0.0,0.0,0.0,1.0,0.0,0.0,0.0,0.0,0.0,1.0,0.0,0.0,0.0,1.0,3.0,17.0,3.0,4.0,2.0,2.0,0.0,15.0,1.0,2.0,175.0
1.0,0.0,0.0,0.0,0.0,0.0,1.0,0.0,1.0,0.0,0.0,0.0,0.0,1.0,0.0,0.0,0.0,0.0,4.0,1.0,7.0,4.0,4.0,4.0,2.0,1.0,22.0,2.0,8.0,161.0
1.0,0.0,0.0,0.0,0.0,0.0,1.0,0.0,0.0,1.0,0.0,0.0,0.0,0.0,1.0,0.0,0.0,0.0,1.0,1.0,21.0,3.0,4.0,5.0,3.0,1.0,15.0,3.0,9.0,147.0
0.0,1.0,0.0,0.0,0.0,0.0,1.0,0.0,1.0,0.0,0.0,0.0,0.0,0.0,1.0,0.0,0.0,0.0,3.0,1.0,7.0,4.0,4.0,2.0,3.0,0.0,16.0,1.0,3.0,163.0
1.0,0.0,0.0,0.0,1.0,0.0,0.0,0.0,1.0,0.0,0.0,0.0,0.0,1.0,0.0,0.0,0.0,0.0,5.0,1.0,18.0,4.0,4.0,5.0,3.0,1.0,13.0,1.0,2.0,193.0
0.0,2.0,0.0,0.0,1.0,0.0,0.0,0.0,1.0,0.0,0.0,0.0,0.0,1.0,0.0,0.0,0.0,0.0,5.0,1.0,31.0,4.0,5.0,5.0,3.0,0.0,20.0,1.0,9.0,193.0
0.0,2.0,0.0,0.0,1.0,0.0,0.0,0.0,1.0,0.0,0.0,0.0,0.0,0.0,1.0,0.0,0.0,0.0,31.0,3.0,10.0,3.0,5.0,2.0,7.0,0.0,18.0,1.0,6.0,177.0
1.0,0.0,0.0,0.0,0.0,0.0,1.0,1.0,0.0,0.0,0.0,1.0,0.0,0.0,0.0,0.0,0.0,0.0,10.0,1.0,10.0,3.0,4.0,4.0,3.0,0.0,13.0,2.0,8.0,162.0
1.0,2.0,0.0,0.0,0.0,0.0,1.0,0.0,1.0,0.0,0.0,1.0,0.0,0.0,0.0,0.0,0.0,0.0,22.0,1.0,9.0,4.0,2.0,4.0,7.0,0.0,12.0,1.0,1.0,151.0
1.0,1.0,0.0,0.0,0.0,0.0,1.0,0.0,1.0,0.0,0.0,0.0,0.0,0.0,1.0,0.0,0.0,0.0,1.0,1.0,11.0,4.0,4.0,3.0,3.0,0.0,12.0,2.0,4.0,150.0
1.0,1.0,0.0,0.0,1.0,0.0,0.0,0.0,1.0,0.0,0.0,0.0,0.0,0.0,1.0,0.0,0.0,0.0,3.0,1.0,14.0,3.0,4.0,2.0,3.0,1.0,12.0,1.0,1.0,191.0
0.0,0.0,0.0,0.0,0.0,0.0,1.0,0.0,1.0,0.0,0.0,1.0,0.0,0.0,0.0,0.0,0.0,0.0,8.0,1.0,27.0,3.0,2.0,3.0,2.0,0.0,18.0,2.0,1.0,151.0
1.0,1.0,1.0,0.0,0.0,0.0,0.0,0.0,1.0,0.0,0.0,0.0,0.0,0.0,0.0,1.0,0.0,0.0,7.0,3.0,17.0,3.0,2.0,3.0,2.0,1.0,15.0,2.0,9.0,209.0
0.0,2.0,0.0,0.0,0.0,0.0,1.0,0.0,1.0,0.0,0.0,0.0,0.0,0.0,1.0,0.0,0.0,0.0,1.0,1.0,32.0,3.0,2.0,2.0,3.0,1.0,13.0,2.0,2.0,155.0
1.0,0.0,0.0,0.0,0.0,0.0,1.0,0.0,0.0,1.0,0.0,0.0,0.0,0.0,1.0,0.0,0.0,0.0,1.0,1.0,7.0,3.0,4.0,3.0,3.0,0.0,23.0,1.0,2.0,137.0
1.0,2.0,0.0,0.0,0.0,0.0,1.0,0.0,1.0,0.0,0.0,0.0,0.0,0.0,1.0,0.0,0.0,0.0,1.0,1.0,11.0,3.0,4.0,2.0,3.0,1.0,21.0,1.0,3.0,154.0
0.0,2.0,0.0,0.0,0.0,0.0,1.0,1.0,0.0,0.0,0.0,0.0,0.0,0.0,1.0,0.0,0.0,1.0,1.0,1.0,17.0,3.0,5.0,3.0,3.0,0.0,21.0,3.0,3.0,151.0
0.0,2.0,0.0,0.0,1.0,0.0,0.0,0.0,1.0,0.0,0.0,0.0,0.0,0.0,0.0,1.0,0.0,0.0,8.0,3.0,9.0,3.0,4.0,5.0,2.0,1.0,13.0,2.0,3.0,170.0
1.0,2.0,0.0,0.0,0.0,0.0,1.0,1.0,0.0,0.0,0.0,0.0,0.0,1.0,0.0,0.0,0.0,0.0,2.0,1.0,7.0,3.0,4.0,3.0,2.0,1.0,12.0,1.0,3.0,147.0
1.0,0.0,0.0,0.0,1.0,0.0,0.0,1.0,0.0,0.0,0.0,0.0,0.0,0.0,1.0,0.0,0.0,0.0,8.0,2.0,18.0,3.0,5.0,4.0,6.0,0.0,12.0,1.0,9.0,170.0
1.0,0.0,0.0,0.0,0.0,0.0,1.0,0.0,1.0,0.0,0.0,0.0,0.0,0.0,1.0,0.0,0.0,0.0,9.0,1.0,13.0,4.0,4.0,3.0,2.0,1.0,15.0,2.0,3.0,160.0
0.0,0.0,0.0,0.0,1.0,0.0,0.0,0.0,0.0,1.0,0.0,0.0,0.0,1.0,0.0,0.0,0.0,0.0,16.0,1.0,14.0,4.0,2.0,4.0,8.0,1.0,17.0,1.0,1.0,149.0
0.0,0.0,1.0,0.0,0.0,0.0,0.0,0.0,1.0,0.0,0.0,0.0,0.0,1.0,0.0,0.0,0.0,1.0,8.0,1.0,22.0,4.0,4.0,2.0,3.0,0.0,12.0,1.0,6.0,205.0
1.0,0.0,0.0,0.0,0.0,0.0,1.0,1.0,0.0,0.0,0.0,0.0,0.0,0.0,1.0,0.0,0.0,0.0,2.0,1.0,9.0,3.0,5.0,2.0,3.0,1.0,13.0,3.0,3.0,164.0
0.0,2.0,0.0,0.0,1.0,0.0,0.0,1.0,0.0,0.0,0.0,0.0,0.0,1.0,0.0,0.0,0.0,0.0,4.0,1.0,16.0,4.0,4.0,3.0,9.0,1.0,19.0,2.0,8.0,172.0
0.0,1.0,0.0,0.0,0.0,0.0,1.0,0.0,1.0,0.0,0.0,1.0,0.0,0.0,0.0,0.0,0.0,1.0,1.0,1.0,14.0,3.0,4.0,3.0,5.0,1.0,14.0,2.0,8.0,158.0
1.0,2.0,0.0,0.0,0.0,0.0,1.0,0.0,0.0,1.0,0.0,1.0,0.0,0.0,0.0,0.0,0.0,0.0,2.0,1.0,7.0,3.0,4.0,5.0,4.0,0.0,12.0,1.0,3.0,146.0
0.0,2.0,0.0,0.0,0.0,0.0,1.0,0.0,0.0,1.0,0.0,0.0,0.0,1.0,0.0,0.0,0.0,0.0,1.0,1.0,7.0,3.0,4.0,4.0,3.0,0.0,19.0,2.0,2.0,146.0
1.0,0.0,0.0,0.0,1.0,0.0,0.0,0.0,1.0,0.0,0.0,0.0,0.0,1.0,0.0,0.0,0.0,0.0,6.0,3.0,15.0,3.0,2.0,2.0,3.0,0.0,16.0,1.0,9.0,187.0
1.0,1.0,0.0,0.0,0.0,0.0,1.0,0.0,0.0,1.0,0.0,0.0,0.0,0.0,1.0,0.0,0.0,0.0,31.0,1.0,30.0,3.0,4.0,3.0,3.0,0.0,13.0,3.0,3.0,149.0
1.0,0.0,0.0,0.0,1.0,0.0,0.0,0.0,1.0,0.0,0.0,0.0,0.0,0.0,1.0,0.0,0.0,1.0,1.0,1.0,14.0,4.0,4.0,3.0,3.0,0.0,19.0,2.0,2.0,174.0
1.0,2.0,0.0,0.0,0.0,0.0,1.0,0.0,1.0,0.0,0.0,0.0,0.0,1.0,0.0,0.0,0.0,1.0,3.0,1.0,30.0,4.0,4.0,5.0,2.0,0.0,14.0,1.0,4.0,164.0
0.0,0.0,1.0,0.0,0.0,0.0,0.0,0.0,1.0,0.0,0.0,0.0,1.0,0.0,0.0,0.0,0.0,0.0,10.0,1.0,17.0,4.0,4.0,3.0,5.0,0.0,13.0,1.0,8.0,196.0
1.0,2.0,1.0,0.0,0.0,0.0,0.0,0.0,1.0,0.0,0.0,0.0,0.0,0.0,0.0,1.0,0.0,1.0,4.0,3.0,32.0,3.0,5.0,4.0,4.0,1.0,13.0,1.0,5.0,216.0
1.0,2.0,0.0,0.0,1.0,0.0,0.0,0.0,1.0,0.0,0.0,0.0,0.0,0.0,1.0,0.0,0.0,0.0,13.0,1.0,25.0,3.0,4.0,3.0,2.0,0.0,12.0,1.0,8.0,170.0
0.0,2.0,0.0,0.0,0.0,0.0,1.0,1.0,0.0,0.0,0.0,0.0,0.0,0.0,1.0,0.0,0.0,1.0,1.0,3.0,7.0,3.0,4.0,4.0,3.0,1.0,12.0,2.0,3.0,148.0
1.0,0.0,0.0,0.0,0.0,0.0,1.0,0.0,0.0,1.0,0.0,0.0,0.0,0.0,1.0,0.0,0.0,1.0,8.0,1.0,10.0,3.0,4.0,5.0,6.0,0.0,13.0,2.0,3.0,149.0
1.0,1.0,0.0,0.0,0.0,0.0,1.0,1.0,0.0,0.0,0.0,0.0,0.0,0.0,1.0,0.0,0.0,0.0,14.0,1.0,23.0,4.0,4.0,3.0,11.0,0.0,17.0,2.0,1.0,160.0
1.0,1.0,1.0,0.0,0.0,0.0,0.0,0.0,1.0,0.0,0.0,0.0,0.0,0.0,1.0,0.0,0.0,0.0,8.0,1.0,16.0,3.0,4.0,2.0,2.0,0.0,12.0,2.0,5.0,210.0
0.0,1.0,0.0,0.0,1.0,0.0,0.0,1.0,0.0,0.0,0.0,0.0,0.0,0.0,0.0,1.0,0.0,0.0,15.0,3.0,7.0,4.0,4.0,5.0,2.0,0.0,18.0,1.0,8.0,166.0
1.0,2.0,0.0,0.0,1.0,0.0,0.0,1.0,0.0,0.0,0.0,0.0,0.0,0.0,1.0,0.0,0.0,0.0,9.0,1.0,11.0,3.0,4.0,3.0,3.0,1.0,12.0,2.0,2.0,167.0
0.0,1.0,0.0,0.0,1.0,0.0,0.0,0.0,1.0,0.0,0.0,0.0,0.0,0.0,1.0,0.0,0.0,0.0,12.0,3.0,9.0,3.0,4.0,5.0,5.0,0.0,16.0,1.0,8.0,194.0
0.0,2.0,0.0,0.0,1.0,0.0,0.0,0.0,1.0,0.0,0.0,0.0,0.0,1.0,0.0,0.0,0.0,0.0,8.0,3.0,22.0,4.0,4.0,5.0,3.0,0.0,13.0,2.0,7.0,186.0
1.0,0.0,0.0,0.0,0.0,0.0,1.0,0.0,1.0,0.0,0.0,0.0,0.0,1.0,0.0,0.0,0.0,0.0,1.0,1.0,26.0,4.0,4.0,2.0,5.0,0.0,12.0,2.0,3.0,162.0
1.0,0.0,0.0,0.0,0.0,0.0,1.0,0.0,0.0,1.0,0.0,0.0,0.0,0.0,1.0,0.0,0.0,0.0,14.0,1.0,7.0,3.0,4.0,4.0,5.0,0.0,23.0,2.0,4.0,149.0
1.0,2.0,1.0,0.0,0.0,0.0,0.0,0.0,1.0,0.0,0.0,0.0,0.0,0.0,1.0,0.0,0.0,0.0,22.0,1.0,11.0,3.0,4.0,2.0,3.0,0.0,12.0,2.0,9.0,204.0
0.0,0.0,0.0,0.0,0.0,0.0,1.0,0.0,1.0,0.0,0.0,0.0,0.0,1.0,0.0,0.0,0.0,0.0,1.0,3.0,18.0,4.0,2.0,2.0,10.0,0.0,15.0,2.0,1.0,150.0
0.0,2.0,0.0,0.0,0.0,0.0,1.0,1.0,0.0,0.0,0.0,0.0,0.0,0.0,1.0,0.0,0.0,0.0,1.0,1.0,7.0,4.0,4.0,2.0,3.0,0.0,16.0,2.0,1.0,141.0
0.0,0.0,0.0,0.0,1.0,0.0,0.0,0.0,1.0,0.0,0.0,0.0,0.0,1.0,0.0,0.0,0.0,0.0,9.0,1.0,7.0,3.0,5.0,2.0,2.0,0.0,13.0,2.0,1.0,179.0
0.0,1.0,0.0,0.0,0.0,0.0,1.0,1.0,0.0,0.0,0.0,1.0,0.0,0.0,0.0,0.0,0.0,0.0,8.0,1.0,33.0,4.0,5.0,3.0,3.0,0.0,21.0,2.0,1.0,145.0
1.0,0.0,0.0,0.0,1.0,0.0,0.0,0.0,1.0,0.0,0.0,0.0,0.0,1.0,0.0,0.0,0.0,0.0,8.0,1.0,36.0,3.0,4.0,3.0,6.0,0.0,14.0,1.0,8.0,179.0
0.0,2.0,0.0,0.0,0.0,0.0,1.0,1.0,0.0,0.0,0.0,0.0,0.0,0.0,1.0,0.0,0.0,1.0,1.0,3.0,9.0,3.0,5.0,2.0,9.0,0.0,15.0,1.0,1.0,153.0
1.0,1.0,0.0,0.0,0.0,0.0,1.0,1.0,0.0,0.0,0.0,0.0,0.0,0.0,1.0,0.0,0.0,0.0,12.0,1.0,14.0,3.0,2.0,3.0,3.0,0.0,12.0,1.0,4.0,151.0
0.0,2.0,0.0,0.0,1.0,0.0,0.0,0.0,1.0,0.0,0.0,1.0,0.0,0.0,0.0,0.0,0.0,0.0,8.0,1.0,9.0,4.0,4.0,2.0,3.0,0.0,12.0,2.0,12.0,192.0
1.0,0.0,0.0,0.0,1.0,0.0,0.0,0.0,1.0,0.0,0.0,0.0,0.0,0.0,1.0,0.0,0.0,0.0,2.0,3.0,33.0,3.0,5.0,5.0,3.0,0.0,12.0,2.0,5.0,172.0
1.0,0.0,0.0,0.0,1.0,0.0,0.0,0.0,1.0,0.0,0.0,0.0,0.0,0.0,1.0,0.0,0.0,0.0,13.0,3.0,28.0,3.0,5.0,2.0,5.0,1.0,13.0,1.0,5.0,186.0
0.0,1.0,0.0,0.0,1.0,0.0,0.0,1.0,0.0,0.0,0.0,0.0,0.0,0.0,1.0,0.0,0.0,0.0,15.0,1.0,29.0,4.0,4.0,2.0,5.0,1.0,15.0,1.0,4.0,180.0
1.0,0.0,0.0,0.0,0.0,0.0,1.0,0.0,1.0,0.0,0.0,0.0,0.0,0.0,1.0,0.0,0.0,0.0,11.0,1.0,11.0,3.0,4.0,3.0,9.0,1.0,16.0,2.0,4.0,155.0
1.0,0.0,0.0,0.0,1.0,0.0,0.0,1.0,0.0,0.0,0.0,0.0,0.0,0.0,1.0,0.0,0.0,0.0,7.0,3.0,12.0,4.0,4.0,2.0,8.0,0.0,14.0,2.0,5.0,225.0
1.0,0.0,0.0,0.0,1.0,0.0,0.0,0.0,1.0,0.0,0.0,0.0,0.0,0.0,0.0,1.0,0.0,0.0,6.0,3.0,9.0,3.0,4.0,4.0,2.0,1.0,14.0,1.0,3.0,166.0
1.0,0.0,0.0,0.0,1.0,0.0,0.0,0.0,1.0,0.0,0.0,0.0,0.0,0.0,1.0,0.0,0.0,0.0,1.0,3.0,25.0,4.0,2.0,3.0,4.0,0.0,12.0,1.0,3.0,187.0
0.0,2.0,0.0,0.0,1.0,0.0,0.0,0.0,1.0,0.0,0.0,0.0,0.0,1.0,0.0,0.0,0.0,0.0,17.0,1.0,13.0,4.0,5.0,3.0,3.0,1.0,15.0,2.0,9.0,166.0
0.0,0.0,0.0,0.0,1.0,0.0,0.0,0.0,1.0,0.0,0.0,0.0,0.0,0.0,0.0,1.0,0.0,0.0,1.0,3.0,17.0,4.0,5.0,2.0,3.0,1.0,12.0,3.0,5.0,183.0
1.0,2.0,0.0,0.0,0.0,0.0,1.0,0.0,1.0,0.0,0.0,0.0,0.0,1.0,0.0,0.0,0.0,0.0,1.0,1.0,9.0,3.0,5.0,2.0,2.0,0.0,13.0,1.0,2.0,164.0
0.0,0.0,0.0,0.0,0.0,0.0,1.0,0.0,1.0,0.0,0.0,0.0,0.0,0.0,0.0,0.0,1.0,0.0,26.0,1.0,15.0,3.0,4.0,5.0,11.0,0.0,14.0,2.0,5.0,155.0
0.0,2.0,0.0,0.0,0.0,0.0,1.0,0.0,1.0,0.0,0.0,0.0,0.0,1.0,0.0,0.0,0.0,0.0,11.0,1.0,18.0,4.0,4.0,3.0,6.0,0.0,19.0,1.0,3.0,161.0
1.0,2.0,1.0,0.0,0.0,0.0,0.0,1.0,0.0,0.0,0.0,0.0,0.0,0.0,1.0,0.0,0.0,0.0,9.0,1.0,25.0,3.0,4.0,2.0,4.0,0.0,12.0,1.0,5.0,219.0
1.0,0.0,0.0,0.0,0.0,0.0,1.0,0.0,1.0,0.0,0.0,1.0,0.0,0.0,0.0,0.0,0.0,0.0,1.0,1.0,7.0,3.0,4.0,2.0,6.0,0.0,12.0,2.0,3.0,157.0
1.0,2.0,0.0,0.0,0.0,0.0,1.0,0.0,1.0,0.0,0.0,0.0,0.0,0.0,0.0,0.0,1.0,0.0,1.0,1.0,14.0,4.0,2.0,5.0,2.0,0.0,13.0,2.0,8.0,161.0
1.0,2.0,1.0,0.0,0.0,0.0,0.0,0.0,1.0,0.0,0.0,0.0,0.0,0.0,0.0,0.0,1.0,0.0,3.0,2.0,24.0,3.0,5.0,5.0,3.0,0.0,14.0,1.0,10.0,205.0
1.0,2.0,0.0,0.0,1.0,0.0,0.0,1.0,0.0,0.0,0.0,0.0,0.0,0.0,1.0,0.0,0.0,1.0,1.0,1.0,35.0,4.0,5.0,5.0,5.0,0.0,21.0,1.0,4.0,168.0
0.0,2.0,1.0,0.0,0.0,0.0,0.0,1.0,0.0,0.0,0.0,0.0,0.0,0.0,0.0,0.0,1.0,1.0,1.0,1.0,21.0,3.0,4.0,2.0,2.0,1.0,13.0,3.0,8.0,201.0
0.0,2.0,0.0,0.0,1.0,0.0,0.0,0.0,1.0,0.0,0.0,0.0,0.0,0.0,0.0,1.0,0.0,0.0,10.0,3.0,10.0,3.0,4.0,4.0,5.0,1.0,17.0,1.0,5.0,218.0
0.0,1.0,0.0,0.0,1.0,0.0,0.0,0.0,1.0,0.0,0.0,0.0,0.0,0.0,0.0,1.0,0.0,0.0,4.0,3.0,14.0,4.0,4.0,5.0,9.0,0.0,15.0,2.0,3.0,173.0
1.0,1.0,0.0,0.0,0.0,0.0,1.0,1.0,0.0,0.0,0.0,0.0,0.0,0.0,0.0,0.0,1.0,0.0,8.0,1.0,7.0,4.0,4.0,5.0,7.0,0.0,15.0,2.0,4.0,155.0
0.0,2.0,0.0,0.0,0.0,0.0,1.0,0.0,0.0,1.0,0.0,0.0,0.0,0.0,1.0,0.0,0.0,1.0,1.0,1.0,15.0,3.0,5.0,4.0,3.0,0.0,13.0,1.0,1.0,138.0
1.0,0.0,0.0,0.0,0.0,0.0,1.0,0.0,0.0,1.0,0.0,0.0,0.0,0.0,1.0,0.0,0.0,0.0,1.0,1.0,18.0,4.0,4.0,5.0,2.0,0.0,15.0,2.0,5.0,146.0
1.0,2.0,0.0,0.0,1.0,0.0,0.0,0.0,1.0,0.0,0.0,0.0,0.0,0.0,1.0,0.0,0.0,0.0,10.0,1.0,11.0,3.0,5.0,2.0,3.0,0.0,17.0,2.0,9.0,183.0
0.0,0.0,0.0,0.0,1.0,0.0,0.0,0.0,1.0,0.0,0.0,0.0,0.0,0.0,0.0,1.0,0.0,0.0,10.0,3.0,23.0,4.0,5.0,5.0,6.0,0.0,14.0,2.0,3.0,181.0
1.0,0.0,0.0,0.0,0.0,0.0,1.0,0.0,1.0,0.0,0.0,1.0,0.0,0.0,0.0,0.0,0.0,0.0,21.0,1.0,7.0,4.0,4.0,2.0,9.0,0.0,13.0,2.0,3.0,159.0
1.0,0.0,0.0,0.0,0.0,0.0,1.0,0.0,1.0,0.0,0.0,0.0,0.0,0.0,1.0,0.0,0.0,1.0,1.0,3.0,16.0,4.0,5.0,5.0,5.0,0.0,13.0,2.0,3.0,169.0
1.0,2.0,0.0,0.0,0.0,0.0,1.0,1.0,0.0,0.0,0.0,1.0,0.0,0.0,0.0,0.0,0.0,0.0,11.0,1.0,12.0,3.0,2.0,3.0,2.0,0.0,15.0,2.0,4.0,160.0
0.0,0.0,0.0,0.0,0.0,0.0,1.0,0.0,0.0,1.0,0.0,0.0,0.0,0.0,1.0,0.0,0.0,0.0,30.0,1.0,7.0,3.0,4.0,5.0,4.0,0.0,23.0,2.0,1.0,146.0
0.0,0.0,0.0,0.0,1.0,0.0,0.0,0.0,1.0,0.0,0.0,0.0,0.0,1.0,0.0,0.0,0.0,0.0,1.0,3.0,11.0,3.0,4.0,3.0,3.0,1.0,13.0,2.0,4.0,167.0
1.0,0.0,0.0,0.0,1.0,0.0,0.0,0.0,1.0,0.0,0.0,0.0,0.0,0.0,0.0,1.0,0.0,0.0,6.0,3.0,14.0,4.0,4.0,2.0,6.0,0.0,13.0,2.0,5.0,217.0
0.0,0.0,0.0,0.0,0.0,0.0,1.0,0.0,1.0,0.0,0.0,0.0,0.0,0.0,1.0,0.0,0.0,0.0,8.0,1.0,7.0,3.0,5.0,4.0,7.0,0.0,18.0,2.0,3.0,158.0
1.0,0.0,0.0,0.0,0.0,0.0,1.0,0.0,0.0,1.0,0.0,0.0,0.0,1.0,0.0,0.0,0.0,0.0,15.0,1.0,12.0,3.0,2.0,3.0,4.0,1.0,13.0,2.0,4.0,146.0
1.0,1.0,0.0,0.0,1.0,0.0,0.0,1.0,0.0,0.0,0.0,0.0,0.0,0.0,0.0,0.0,1.0,0.0,14.0,1.0,16.0,3.0,4.0,3.0,5.0,0.0,12.0,2.0,8.0,165.0
1.0,1.0,1.0,0.0,0.0,0.0,0.0,0.0,1.0,0.0,0.0,0.0,0.0,0.0,0.0,1.0,0.0,1.0,10.0,3.0,16.0,3.0,4.0,1.0,6.0,0.0,12.0,1.0,5.0,226.0
0.0,2.0,0.0,0.0,0.0,0.0,1.0,1.0,0.0,0.0,0.0,0.0,0.0,0.0,1.0,0.0,0.0,1.0,3.0,1.0,9.0,3.0,5.0,5.0,4.0,1.0,24.0,1.0,1.0,161.0
0.0,2.0,0.0,0.0,0.0,0.0,1.0,0.0,0.0,1.0,0.0,0.0,0.0,1.0,0.0,0.0,0.0,0.0,5.0,2.0,15.0,4.0,2.0,4.0,11.0,0.0,19.0,1.0,3.0,146.0
1.0,0.0,0.0,0.0,0.0,0.0,1.0,1.0,0.0,0.0,0.0,0.0,0.0,0.0,1.0,0.0,0.0,1.0,1.0,1.0,9.0,4.0,4.0,1.0,8.0,1.0,14.0,3.0,3.0,162.0
1.0,0.0,1.0,0.0,0.0,0.0,0.0,0.0,1.0,0.0,0.0,0.0,1.0,0.0,0.0,0.0,0.0,0.0,19.0,1.0,36.0,3.0,4.0,1.0,6.0,1.0,19.0,2.0,5.0,219.0
1.0,1.0,0.0,0.0,1.0,0.0,0.0,0.0,1.0,0.0,0.0,0.0,0.0,0.0,0.0,1.0,0.0,0.0,22.0,3.0,14.0,4.0,4.0,5.0,6.0,0.0,12.0,2.0,3.0,180.0
0.0,0.0,0.0,0.0,0.0,0.0,1.0,0.0,1.0,0.0,0.0,1.0,0.0,0.0,0.0,0.0,0.0,1.0,1.0,2.0,16.0,3.0,4.0,3.0,3.0,0.0,16.0,2.0,3.0,152.0
1.0,2.0,0.0,0.0,1.0,0.0,0.0,0.0,1.0,0.0,0.0,0.0,0.0,1.0,0.0,0.0,0.0,0.0,2.0,3.0,12.0,3.0,4.0,5.0,2.0,0.0,19.0,2.0,5.0,210.0
1.0,2.0,0.0,0.0,0.0,0.0,1.0,1.0,0.0,0.0,0.0,0.0,0.0,0.0,1.0,0.0,0.0,0.0,18.0,1.0,12.0,3.0,5.0,3.0,5.0,0.0,15.0,1.0,4.0,157.0
1.0,0.0,0.0,0.0,1.0,0.0,0.0,0.0,1.0,0.0,0.0,1.0,0.0,0.0,0.0,0.0,0.0,0.0,23.0,1.0,12.0,4.0,4.0,3.0,4.0,0.0,15.0,1.0,3.0,192.0
1.0,1.0,0.0,0.0,0.0,0.0,1.0,0.0,0.0,1.0,0.0,0.0,0.0,1.0,0.0,0.0,0.0,0.0,14.0,1.0,9.0,4.0,4.0,3.0,4.0,0.0,15.0,1.0,3.0,148.0
1.0,2.0,0.0,0.0,0.0,0.0,1.0,0.0,1.0,0.0,0.0,0.0,0.0,0.0,1.0,0.0,0.0,0.0,18.0,1.0,27.0,3.0,4.0,4.0,3.0,0.0,14.0,2.0,4.0,159.0
1.0,0.0,0.0,0.0,1.0,0.0,0.0,1.0,0.0,0.0,0.0,0.0,0.0,1.0,0.0,0.0,0.0,0.0,7.0,3.0,14.0,3.0,4.0,5.0,2.0,0.0,15.0,1.0,4.0,169.0
1.0,0.0,0.0,0.0,1.0,0.0,0.0,0.0,1.0,0.0,0.0,0.0,0.0,0.0,1.0,0.0,0.0,0.0,4.0,3.0,23.0,4.0,4.0,3.0,10.0,0.0,16.0,1.0,3.0,178.0
0.0,0.0,0.0,0.0,1.0,0.0,0.0,1.0,0.0,0.0,0.0,0.0,0.0,0.0,0.0,1.0,0.0,0.0,18.0,3.0,7.0,4.0,4.0,3.0,9.0,0.0,13.0,2.0,1.0,173.0
1.0,1.0,0.0,0.0,0.0,0.0,1.0,1.0,0.0,0.0,0.0,1.0,0.0,0.0,0.0,0.0,0.0,0.0,4.0,1.0,14.0,4.0,4.0,3.0,3.0,0.0,14.0,1.0,1.0,138.0
1.0,0.0,0.0,0.0,0.0,0.0,1.0,1.0,0.0,0.0,0.0,1.0,0.0,0.0,0.0,0.0,0.0,1.0,1.0,3.0,7.0,4.0,4.0,3.0,5.0,0.0,16.0,2.0,3.0,154.0
0.0,2.0,0.0,0.0,1.0,0.0,0.0,1.0,0.0,0.0,0.0,1.0,0.0,0.0,0.0,0.0,0.0,1.0,1.0,3.0,20.0,3.0,4.0,4.0,7.0,0.0,12.0,1.0,1.0,183.0
0.0,2.0,0.0,0.0,1.0,0.0,0.0,0.0,1.0,0.0,0.0,0.0,0.0,1.0,0.0,0.0,0.0,1.0,1.0,3.0,31.0,3.0,5.0,4.0,2.0,1.0,24.0,3.0,11.0,171.0
1.0,0.0,0.0,0.0,0.0,0.0,1.0,0.0,0.0,1.0,0.0,0.0,0.0,0.0,1.0,0.0,0.0,0.0,9.0,3.0,14.0,4.0,4.0,3.0,3.0,0.0,14.0,2.0,1.0,149.0
1.0,2.0,0.0,0.0,0.0,0.0,1.0,1.0,0.0,0.0,0.0,0.0,0.0,1.0,0.0,0.0,0.0,1.0,1.0,1.0,16.0,3.0,4.0,5.0,4.0,1.0,12.0,1.0,1.0,157.0
0.0,0.0,0.0,0.0,0.0,0.0,1.0,1.0,0.0,0.0,0.0,0.0,0.0,0.0,1.0,0.0,0.0,0.0,1.0,3.0,20.0,4.0,4.0,4.0,3.0,0.0,14.0,1.0,1.0,145.0
1.0,2.0,1.0,0.0,0.0,0.0,0.0,1.0,0.0,0.0,0.0,0.0,0.0,1.0,0.0,0.0,0.0,0.0,18.0,1.0,9.0,3.0,4.0,3.0,7.0,1.0,19.0,1.0,5.0,227.0
1.0,1.0,0.0,0.0,1.0,0.0,0.0,0.0,1.0,0.0,0.0,0.0,0.0,0.0,1.0,0.0,0.0,0.0,3.0,3.0,26.0,4.0,5.0,3.0,3.0,0.0,15.0,2.0,5.0,211.0
1.0,1.0,0.0,0.0,0.0,0.0,1.0,0.0,0.0,1.0,0.0,0.0,0.0,0.0,1.0,0.0,0.0,0.0,4.0,2.0,7.0,3.0,4.0,3.0,2.0,0.0,22.0,1.0,4.0,146.0
1.0,0.0,0.0,0.0,1.0,0.0,0.0,0.0,1.0,0.0,0.0,0.0,0.0,0.0,1.0,0.0,0.0,0.0,29.0,1.0,11.0,2.0,4.0,3.0,2.0,1.0,17.0,1.0,3.0,165.0
0.0,0.0,0.0,0.0,0.0,0.0,1.0,0.0,1.0,0.0,0.0,0.0,0.0,1.0,0.0,0.0,0.0,0.0,7.0,1.0,11.0,3.0,5.0,4.0,10.0,0.0,12.0,1.0,3.0,163.0
0.0,0.0,0.0,0.0,1.0,0.0,0.0,0.0,1.0,0.0,0.0,0.0,0.0,1.0,0.0,0.0,0.0,0.0,21.0,3.0,21.0,4.0,4.0,3.0,5.0,1.0,18.0,2.0,3.0,171.0
1.0,2.0,0.0,0.0,0.0,0.0,1.0,1.0,0.0,0.0,0.0,0.0,0.0,1.0,0.0,0.0,0.0,1.0,1.0,1.0,9.0,3.0,5.0,5.0,9.0,0.0,12.0,1.0,1.0,151.0
1.0,1.0,0.0,0.0,0.0,0.0,1.0,0.0,0.0,1.0,0.0,0.0,0.0,0.0,1.0,0.0,0.0,0.0,2.0,1.0,7.0,4.0,5.0,3.0,3.0,0.0,15.0,1.0,1.0,141.0
1.0,2.0,0.0,0.0,1.0,0.0,0.0,1.0,0.0,0.0,0.0,0.0,0.0,0.0,1.0,0.0,0.0,0.0,2.0,3.0,14.0,3.0,4.0,5.0,2.0,0.0,15.0,2.0,4.0,174.0
0.0,0.0,0.0,0.0,0.0,0.0,1.0,1.0,0.0,0.0,0.0,0.0,0.0,0.0,1.0,0.0,0.0,0.0,3.0,1.0,9.0,4.0,4.0,4.0,2.0,0.0,14.0,1.0,3.0,157.0
1.0,2.0,0.0,0.0,1.0,0.0,0.0,0.0,1.0,0.0,0.0,0.0,0.0,0.0,1.0,0.0,0.0,0.0,7.0,1.0,15.0,4.0,4.0,3.0,4.0,1.0,18.0,1.0,1.0,189.0
1.0,2.0,0.0,0.0,0.0,0.0,1.0,0.0,0.0,1.0,0.0,1.0,0.0,0.0,0.0,0.0,0.0,1.0,1.0,1.0,7.0,4.0,5.0,5.0,8.0,0.0,14.0,1.0,8.0,149.0
0.0,2.0,1.0,0.0,0.0,0.0,0.0,0.0,1.0,0.0,0.0,0.0,0.0,0.0,1.0,0.0,0.0,0.0,13.0,1.0,13.0,3.0,4.0,4.0,6.0,0.0,19.0,1.0,3.0,209.0
0.0,2.0,1.0,0.0,0.0,0.0,0.0,0.0,1.0,0.0,0.0,0.0,0.0,0.0,1.0,0.0,0.0,0.0,9.0,1.0,23.0,4.0,5.0,4.0,3.0,0.0,20.0,2.0,5.0,211.0
1.0,2.0,0.0,0.0,1.0,0.0,0.0,0.0,0.0,1.0,0.0,0.0,0.0,0.0,1.0,0.0,0.0,0.0,1.0,1.0,27.0,4.0,4.0,3.0,2.0,0.0,15.0,2.0,3.0,148.0
1.0,2.0,0.0,0.0,0.0,0.0,1.0,0.0,0.0,1.0,0.0,0.0,0.0,0.0,1.0,0.0,0.0,1.0,4.0,1.0,16.0,3.0,4.0,5.0,5.0,0.0,15.0,2.0,1.0,145.0
1.0,1.0,0.0,0.0,0.0,0.0,1.0,0.0,1.0,0.0,0.0,0.0,0.0,1.0,0.0,0.0,0.0,0.0,16.0,1.0,9.0,4.0,5.0,4.0,6.0,0.0,15.0,2.0,1.0,173.0
1.0,1.0,0.0,0.0,1.0,0.0,0.0,0.0,1.0,0.0,0.0,0.0,0.0,1.0,0.0,0.0,0.0,0.0,11.0,1.0,20.0,3.0,4.0,1.0,3.0,0.0,18.0,1.0,8.0,168.0
1.0,2.0,0.0,0.0,1.0,0.0,0.0,0.0,1.0,0.0,0.0,0.0,0.0,0.0,1.0,0.0,0.0,0.0,7.0,1.0,32.0,3.0,5.0,4.0,3.0,0.0,14.0,1.0,3.0,168.0
1.0,1.0,0.0,0.0,0.0,0.0,1.0,0.0,0.0,1.0,0.0,1.0,0.0,0.0,0.0,0.0,0.0,0.0,19.0,1.0,35.0,4.0,4.0,1.0,6.0,0.0,21.0,2.0,4.0,146.0
1.0,1.0,0.0,0.0,1.0,0.0,0.0,0.0,1.0,0.0,0.0,0.0,0.0,1.0,0.0,0.0,0.0,0.0,14.0,3.0,16.0,3.0,4.0,5.0,2.0,0.0,13.0,3.0,2.0,180.0
1.0,1.0,0.0,0.0,1.0,0.0,0.0,0.0,1.0,0.0,0.0,0.0,0.0,0.0,1.0,0.0,0.0,0.0,7.0,1.0,35.0,4.0,4.0,3.0,3.0,1.0,13.0,2.0,8.0,177.0
1.0,1.0,0.0,0.0,0.0,0.0,1.0,0.0,0.0,1.0,0.0,1.0,0.0,0.0,0.0,0.0,0.0,0.0,1.0,1.0,28.0,3.0,5.0,5.0,2.0,0.0,15.0,1.0,1.0,148.0
1.0,1.0,0.0,0.0,1.0,0.0,0.0,1.0,0.0,0.0,0.0,0.0,0.0,0.0,1.0,0.0,0.0,0.0,14.0,1.0,15.0,4.0,4.0,1.0,5.0,1.0,19.0,3.0,3.0,166.0
0.0,1.0,0.0,0.0,0.0,0.0,1.0,0.0,0.0,1.0,0.0,0.0,0.0,0.0,1.0,0.0,0.0,0.0,9.0,3.0,7.0,4.0,5.0,3.0,2.0,0.0,24.0,3.0,3.0,149.0
0.0,1.0,0.0,0.0,1.0,0.0,0.0,0.0,1.0,0.0,0.0,0.0,0.0,0.0,1.0,0.0,0.0,0.0,6.0,1.0,12.0,4.0,5.0,4.0,5.0,0.0,13.0,2.0,6.0,184.0
1.0,2.0,0.0,0.0,0.0,0.0,1.0,0.0,1.0,0.0,0.0,0.0,0.0,0.0,1.0,0.0,0.0,0.0,10.0,3.0,9.0,4.0,4.0,1.0,5.0,1.0,22.0,1.0,3.0,151.0
0.0,1.0,0.0,0.0,1.0,0.0,0.0,0.0,1.0,0.0,0.0,0.0,0.0,0.0,1.0,0.0,0.0,0.0,22.0,3.0,23.0,4.0,4.0,3.0,10.0,0.0,15.0,2.0,8.0,189.0
1.0,1.0,0.0,0.0,0.0,0.0,1.0,0.0,1.0,0.0,0.0,0.0,0.0,0.0,1.0,0.0,0.0,0.0,3.0,1.0,16.0,4.0,2.0,3.0,8.0,0.0,19.0,2.0,1.0,150.0
1.0,1.0,0.0,0.0,1.0,0.0,0.0,0.0,1.0,0.0,0.0,0.0,0.0,0.0,1.0,0.0,0.0,0.0,7.0,3.0,15.0,3.0,4.0,5.0,4.0,0.0,14.0,3.0,3.0,189.0
1.0,1.0,0.0,0.0,1.0,0.0,0.0,1.0,0.0,0.0,0.0,0.0,0.0,0.0,0.0,0.0,1.0,0.0,12.0,2.0,17.0,4.0,4.0,3.0,5.0,0.0,12.0,1.0,3.0,186.0
1.0,2.0,0.0,0.0,0.0,0.0,1.0,0.0,0.0,1.0,0.0,0.0,0.0,1.0,0.0,0.0,0.0,0.0,9.0,1.0,7.0,4.0,5.0,5.0,3.0,0.0,20.0,1.0,3.0,150.0
1.0,1.0,1.0,0.0,0.0,0.0,0.0,0.0,1.0,0.0,0.0,0.0,1.0,0.0,0.0,0.0,0.0,0.0,4.0,3.0,36.0,3.0,4.0,4.0,5.0,0.0,13.0,1.0,5.0,218.0
0.0,1.0,0.0,0.0,0.0,0.0,1.0,0.0,0.0,1.0,0.0,0.0,0.0,0.0,1.0,0.0,0.0,1.0,1.0,1.0,9.0,4.0,4.0,5.0,3.0,1.0,13.0,2.0,1.0,146.0
0.0,1.0,1.0,0.0,0.0,0.0,0.0,0.0,1.0,0.0,0.0,0.0,1.0,0.0,0.0,0.0,0.0,1.0,17.0,1.0,9.0,4.0,5.0,1.0,2.0,0.0,17.0,2.0,5.0,227.0
1.0,1.0,0.0,0.0,1.0,0.0,0.0,0.0,1.0,0.0,0.0,0.0,0.0,1.0,0.0,0.0,0.0,1.0,2.0,1.0,9.0,3.0,4.0,4.0,6.0,0.0,12.0,1.0,5.0,174.0
1.0,1.0,0.0,0.0,1.0,0.0,0.0,1.0,0.0,0.0,0.0,1.0,0.0,0.0,0.0,0.0,0.0,0.0,6.0,1.0,7.0,4.0,4.0,5.0,6.0,0.0,15.0,2.0,3.0,166.0
1.0,2.0,0.0,0.0,0.0,0.0,1.0,0.0,1.0,0.0,0.0,0.0,0.0,1.0,0.0,0.0,0.0,0.0,8.0,1.0,14.0,3.0,4.0,1.0,3.0,0.0,14.0,1.0,1.0,155.0
1.0,1.0,0.0,0.0,1.0,0.0,0.0,0.0,1.0,0.0,0.0,0.0,0.0,0.0,1.0,0.0,0.0,0.0,8.0,1.0,7.0,3.0,4.0,1.0,11.0,0.0,18.0,2.0,2.0,180.0
0.0,1.0,0.0,0.0,0.0,0.0,1.0,0.0,0.0,1.0,0.0,0.0,0.0,0.0,1.0,0.0,0.0,0.0,1.0,1.0,10.0,3.0,4.0,1.0,3.0,0.0,22.0,2.0,1.0,146.0
0.0,2.0,0.0,0.0,1.0,0.0,0.0,0.0,1.0,0.0,0.0,0.0,0.0,0.0,1.0,0.0,0.0,0.0,12.0,3.0,23.0,3.0,4.0,4.0,4.0,0.0,13.0,1.0,3.0,167.0
0.0,2.0,0.0,0.0,1.0,0.0,0.0,0.0,1.0,0.0,0.0,0.0,0.0,0.0,1.0,0.0,0.0,0.0,10.0,3.0,7.0,4.0,4.0,3.0,8.0,0.0,14.0,2.0,1.0,193.0
1.0,2.0,0.0,0.0,0.0,0.0,1.0,0.0,1.0,0.0,0.0,0.0,0.0,1.0,0.0,0.0,0.0,0.0,3.0,1.0,10.0,3.0,4.0,5.0,3.0,1.0,19.0,1.0,6.0,172.0
0.0,2.0,0.0,0.0,1.0,0.0,0.0,0.0,1.0,0.0,0.0,0.0,0.0,1.0,0.0,0.0,0.0,0.0,9.0,1.0,17.0,3.0,4.0,3.0,5.0,1.0,17.0,2.0,5.0,186.0
1.0,1.0,0.0,0.0,1.0,0.0,0.0,1.0,0.0,0.0,0.0,0.0,0.0,0.0,1.0,0.0,0.0,0.0,3.0,1.0,9.0,3.0,4.0,1.0,3.0,0.0,20.0,1.0,5.0,214.0
1.0,1.0,0.0,0.0,0.0,0.0,1.0,0.0,0.0,1.0,0.0,1.0,0.0,0.0,0.0,0.0,0.0,0.0,1.0,1.0,17.0,3.0,2.0,3.0,4.0,0.0,17.0,3.0,3.0,146.0
1.0,1.0,0.0,0.0,1.0,0.0,0.0,1.0,0.0,0.0,0.0,0.0,0.0,0.0,1.0,0.0,0.0,0.0,10.0,1.0,13.0,4.0,2.0,5.0,5.0,1.0,14.0,2.0,3.0,181.0
1.0,1.0,0.0,0.0,1.0,0.0,0.0,1.0,0.0,0.0,0.0,1.0,0.0,0.0,0.0,0.0,0.0,0.0,8.0,1.0,17.0,4.0,5.0,3.0,3.0,0.0,15.0,3.0,8.0,176.0
0.0,1.0,0.0,0.0,1.0,0.0,0.0,0.0,1.0,0.0,0.0,0.0,0.0,0.0,1.0,0.0,0.0,0.0,14.0,3.0,21.0,3.0,4.0,5.0,3.0,0.0,16.0,1.0,3.0,171.0
1.0,1.0,0.0,0.0,0.0,0.0,1.0,0.0,1.0,0.0,0.0,1.0,0.0,0.0,0.0,0.0,0.0,0.0,17.0,1.0,34.0,3.0,2.0,4.0,7.0,0.0,13.0,2.0,3.0,174.0
1.0,1.0,0.0,0.0,0.0,0.0,1.0,0.0,1.0,0.0,0.0,0.0,0.0,0.0,1.0,0.0,0.0,0.0,9.0,1.0,14.0,4.0,5.0,1.0,3.0,0.0,19.0,2.0,2.0,152.0
1.0,1.0,0.0,0.0,0.0,0.0,1.0,0.0,0.0,1.0,0.0,0.0,0.0,1.0,0.0,0.0,0.0,1.0,1.0,1.0,31.0,3.0,4.0,4.0,3.0,1.0,18.0,1.0,1.0,149.0
0.0,1.0,0.0,0.0,0.0,0.0,1.0,1.0,0.0,0.0,0.0,0.0,0.0,0.0,0.0,0.0,1.0,0.0,1.0,1.0,33.0,3.0,5.0,3.0,3.0,1.0,15.0,1.0,4.0,153.0
0.0,1.0,0.0,0.0,0.0,0.0,1.0,0.0,1.0,0.0,0.0,0.0,0.0,0.0,0.0,0.0,1.0,0.0,6.0,1.0,12.0,3.0,2.0,1.0,5.0,0.0,18.0,2.0,3.0,158.0
1.0,1.0,0.0,0.0,0.0,0.0,1.0,0.0,0.0,1.0,0.0,0.0,0.0,1.0,0.0,0.0,0.0,0.0,4.0,1.0,14.0,3.0,5.0,4.0,3.0,0.0,13.0,1.0,2.0,146.0
1.0,1.0,0.0,0.0,1.0,0.0,0.0,1.0,0.0,0.0,0.0,0.0,0.0,0.0,0.0,1.0,0.0,0.0,19.0,3.0,33.0,3.0,5.0,5.0,3.0,0.0,16.0,1.0,6.0,169.0
1.0,2.0,0.0,0.0,1.0,0.0,0.0,1.0,0.0,0.0,0.0,0.0,0.0,0.0,0.0,0.0,1.0,0.0,5.0,3.0,9.0,3.0,4.0,5.0,9.0,0.0,14.0,1.0,4.0,178.0
0.0,1.0,0.0,0.0,1.0,0.0,0.0,0.0,1.0,0.0,0.0,0.0,0.0,0.0,1.0,0.0,0.0,0.0,10.0,1.0,19.0,4.0,4.0,3.0,11.0,1.0,13.0,1.0,2.0,172.0
0.0,1.0,0.0,0.0,0.0,0.0,1.0,0.0,1.0,0.0,0.0,0.0,0.0,0.0,1.0,0.0,0.0,0.0,23.0,1.0,32.0,3.0,4.0,5.0,3.0,0.0,15.0,1.0,5.0,157.0
1.0,1.0,0.0,0.0,0.0,0.0,1.0,0.0,1.0,0.0,0.0,0.0,0.0,0.0,0.0,0.0,1.0,0.0,1.0,1.0,26.0,4.0,5.0,5.0,3.0,0.0,12.0,1.0,8.0,166.0
1.0,1.0,0.0,0.0,1.0,0.0,0.0,0.0,1.0,0.0,0.0,0.0,0.0,0.0,1.0,0.0,0.0,0.0,9.0,1.0,25.0,3.0,2.0,5.0,3.0,0.0,12.0,1.0,11.0,177.0
1.0,2.0,0.0,0.0,0.0,0.0,1.0,0.0,1.0,0.0,0.0,0.0,0.0,1.0,0.0,0.0,0.0,0.0,1.0,1.0,12.0,4.0,4.0,1.0,3.0,0.0,19.0,2.0,3.0,156.0
0.0,2.0,0.0,0.0,0.0,0.0,1.0,1.0,0.0,0.0,0.0,0.0,0.0,1.0,0.0,0.0,0.0,1.0,1.0,3.0,10.0,4.0,4.0,1.0,3.0,1.0,13.0,1.0,1.0,141.0
1.0,1.0,0.0,0.0,1.0,0.0,0.0,0.0,1.0,0.0,0.0,0.0,0.0,1.0,0.0,0.0,0.0,0.0,13.0,1.0,10.0,4.0,5.0,3.0,2.0,0.0,16.0,1.0,8.0,156.0
0.0,1.0,0.0,0.0,1.0,0.0,0.0,1.0,0.0,0.0,0.0,0.0,0.0,0.0,1.0,0.0,0.0,0.0,9.0,1.0,15.0,3.0,4.0,3.0,3.0,0.0,13.0,3.0,10.0,166.0
1.0,1.0,0.0,0.0,1.0,0.0,0.0,0.0,1.0,0.0,0.0,0.0,0.0,0.0,1.0,0.0,0.0,0.0,11.0,1.0,26.0,3.0,4.0,3.0,5.0,0.0,18.0,1.0,3.0,183.0
0.0,1.0,0.0,0.0,1.0,0.0,0.0,0.0,1.0,0.0,0.0,0.0,0.0,0.0,0.0,0.0,1.0,0.0,19.0,1.0,9.0,3.0,5.0,1.0,3.0,0.0,20.0,3.0,10.0,183.0
0.0,1.0,1.0,0.0,0.0,0.0,0.0,0.0,1.0,0.0,0.0,0.0,0.0,1.0,0.0,0.0,0.0,0.0,12.0,1.0,9.0,3.0,5.0,3.0,5.0,1.0,20.0,2.0,3.0,203.0
0.0,1.0,0.0,0.0,0.0,0.0,1.0,0.0,1.0,0.0,0.0,0.0,0.0,1.0,0.0,0.0,0.0,0.0,11.0,1.0,17.0,4.0,4.0,4.0,3.0,0.0,12.0,2.0,8.0,164.0
0.0,2.0,1.0,0.0,0.0,0.0,0.0,0.0,1.0,0.0,0.0,0.0,0.0,0.0,1.0,0.0,0.0,0.0,14.0,1.0,23.0,3.0,4.0,1.0,8.0,1.0,16.0,2.0,4.0,204.0
1.0,1.0,0.0,0.0,1.0,0.0,0.0,1.0,0.0,0.0,0.0,0.0,0.0,0.0,0.0,0.0,1.0,0.0,18.0,2.0,7.0,3.0,4.0,1.0,6.0,1.0,12.0,2.0,3.0,182.0
0.0,2.0,0.0,0.0,0.0,0.0,1.0,1.0,0.0,0.0,0.0,1.0,0.0,0.0,0.0,0.0,0.0,0.0,1.0,1.0,9.0,3.0,4.0,1.0,3.0,1.0,14.0,2.0,4.0,163.0
0.0,1.0,0.0,0.0,0.0,0.0,1.0,0.0,1.0,0.0,0.0,0.0,0.0,1.0,0.0,0.0,0.0,0.0,1.0,1.0,15.0,3.0,2.0,3.0,9.0,0.0,18.0,1.0,3.0,160.0
1.0,2.0,0.0,0.0,0.0,0.0,1.0,1.0,0.0,0.0,0.0,0.0,0.0,1.0,0.0,0.0,0.0,0.0,1.0,1.0,9.0,3.0,4.0,1.0,4.0,0.0,14.0,1.0,3.0,151.0
1.0,2.0,0.0,0.0,0.0,0.0,1.0,0.0,0.0,1.0,0.0,0.0,0.0,0.0,1.0,0.0,0.0,1.0,4.0,1.0,14.0,4.0,4.0,5.0,5.0,1.0,15.0,1.0,4.0,147.0
1.0,2.0,0.0,0.0,1.0,0.0,0.0,0.0,1.0,0.0,0.0,0.0,0.0,1.0,0.0,0.0,0.0,0.0,3.0,3.0,17.0,3.0,5.0,3.0,11.0,0.0,12.0,2.0,5.0,184.0
0.0,1.0,1.0,0.0,0.0,0.0,0.0,0.0,1.0,0.0,0.0,0.0,0.0,0.0,1.0,0.0,0.0,0.0,10.0,1.0,12.0,3.0,4.0,5.0,6.0,0.0,13.0,2.0,3.0,205.0
1.0,1.0,0.0,0.0,1.0,0.0,0.0,1.0,0.0,0.0,0.0,0.0,0.0,0.0,1.0,0.0,0.0,0.0,1.0,1.0,9.0,4.0,2.0,3.0,3.0,0.0,18.0,1.0,8.0,177.0
1.0,1.0,0.0,0.0,1.0,0.0,0.0,0.0,1.0,0.0,0.0,0.0,0.0,1.0,0.0,0.0,0.0,0.0,13.0,1.0,19.0,4.0,4.0,4.0,6.0,0.0,22.0,2.0,1.0,178.0
0.0,2.0,0.0,0.0,0.0,0.0,1.0,0.0,1.0,0.0,0.0,0.0,0.0,1.0,0.0,0.0,0.0,0.0,1.0,3.0,9.0,3.0,4.0,3.0,3.0,0.0,20.0,1.0,3.0,153.0
1.0,2.0,0.0,0.0,0.0,0.0,1.0,0.0,0.0,1.0,0.0,0.0,0.0,0.0,1.0,0.0,0.0,0.0,10.0,1.0,14.0,4.0,4.0,4.0,4.0,0.0,12.0,1.0,4.0,145.0
0.0,1.0,0.0,0.0,1.0,0.0,0.0,1.0,0.0,0.0,0.0,0.0,0.0,1.0,0.0,0.0,0.0,0.0,10.0,1.0,7.0,3.0,5.0,3.0,2.0,0.0,16.0,2.0,3.0,169.0
1.0,1.0,0.0,0.0,1.0,0.0,0.0,0.0,1.0,0.0,0.0,0.0,0.0,0.0,1.0,0.0,0.0,0.0,10.0,1.0,10.0,4.0,2.0,5.0,8.0,0.0,21.0,2.0,5.0,193.0
1.0,1.0,0.0,0.0,1.0,0.0,0.0,1.0,0.0,0.0,0.0,0.0,0.0,0.0,1.0,0.0,0.0,0.0,12.0,1.0,7.0,3.0,4.0,1.0,9.0,0.0,16.0,3.0,10.0,172.0
1.0,1.0,0.0,0.0,1.0,0.0,0.0,0.0,1.0,0.0,0.0,0.0,0.0,1.0,0.0,0.0,0.0,0.0,3.0,3.0,12.0,3.0,5.0,4.0,3.0,1.0,14.0,1.0,10.0,167.0
1.0,1.0,0.0,0.0,1.0,0.0,0.0,0.0,1.0,0.0,0.0,0.0,0.0,1.0,0.0,0.0,0.0,0.0,7.0,3.0,9.0,4.0,4.0,1.0,3.0,0.0,15.0,2.0,5.0,180.0
1.0,1.0,0.0,0.0,1.0,0.0,0.0,0.0,1.0,0.0,0.0,0.0,0.0,1.0,0.0,0.0,0.0,0.0,6.0,1.0,9.0,3.0,4.0,4.0,2.0,0.0,14.0,1.0,7.0,180.0
0.0,1.0,0.0,0.0,1.0,0.0,0.0,0.0,1.0,0.0,0.0,0.0,0.0,0.0,1.0,0.0,0.0,0.0,5.0,3.0,12.0,4.0,4.0,1.0,3.0,0.0,12.0,1.0,3.0,180.0
0.0,1.0,0.0,0.0,0.0,0.0,1.0,0.0,1.0,0.0,0.0,0.0,0.0,1.0,0.0,0.0,0.0,0.0,23.0,1.0,23.0,4.0,4.0,5.0,6.0,1.0,17.0,2.0,3.0,151.0
0.0,2.0,0.0,0.0,0.0,0.0,1.0,1.0,0.0,0.0,0.0,0.0,0.0,1.0,0.0,0.0,0.0,0.0,12.0,1.0,9.0,3.0,5.0,4.0,3.0,0.0,23.0,2.0,4.0,149.0
1.0,2.0,1.0,0.0,0.0,0.0,0.0,0.0,1.0,0.0,0.0,0.0,0.0,0.0,1.0,0.0,0.0,0.0,15.0,3.0,30.0,4.0,4.0,3.0,5.0,1.0,17.0,1.0,3.0,196.0
1.0,2.0,0.0,0.0,0.0,0.0,1.0,0.0,1.0,0.0,0.0,0.0,0.0,0.0,1.0,0.0,0.0,0.0,1.0,3.0,16.0,3.0,4.0,5.0,3.0,0.0,12.0,1.0,3.0,152.0
1.0,1.0,0.0,0.0,1.0,0.0,0.0,0.0,1.0,0.0,0.0,0.0,0.0,0.0,1.0,0.0,0.0,0.0,10.0,1.0,33.0,4.0,4.0,3.0,8.0,0.0,15.0,2.0,3.0,178.0
0.0,1.0,0.0,0.0,0.0,0.0,1.0,0.0,1.0,0.0,0.0,0.0,0.0,0.0,1.0,0.0,0.0,0.0,18.0,2.0,7.0,3.0,4.0,1.0,6.0,1.0,19.0,3.0,3.0,157.0
1.0,2.0,0.0,0.0,0.0,0.0,1.0,0.0,1.0,0.0,0.0,0.0,0.0,1.0,0.0,0.0,0.0,1.0,1.0,1.0,15.0,4.0,5.0,3.0,3.0,1.0,12.0,2.0,3.0,165.0
0.0,1.0,0.0,0.0,0.0,0.0,1.0,0.0,1.0,0.0,0.0,0.0,0.0,1.0,0.0,0.0,0.0,0.0,12.0,1.0,11.0,3.0,4.0,3.0,9.0,0.0,20.0,1.0,1.0,158.0
1.0,1.0,1.0,0.0,0.0,0.0,0.0,0.0,1.0,0.0,0.0,0.0,0.0,1.0,0.0,0.0,0.0,0.0,27.0,1.0,31.0,3.0,2.0,1.0,5.0,0.0,16.0,1.0,3.0,195.0
1.0,2.0,0.0,0.0,0.0,0.0,1.0,0.0,0.0,1.0,0.0,0.0,0.0,0.0,1.0,0.0,0.0,1.0,1.0,1.0,9.0,4.0,4.0,4.0,3.0,0.0,13.0,2.0,1.0,139.0
1.0,1.0,0.0,0.0,0.0,0.0,1.0,0.0,1.0,0.0,0.0,1.0,0.0,0.0,0.0,0.0,0.0,0.0,29.0,1.0,29.0,4.0,5.0,4.0,7.0,0.0,13.0,2.0,3.0,160.0
1.0,1.0,0.0,0.0,0.0,0.0,1.0,0.0,0.0,1.0,0.0,0.0,0.0,1.0,0.0,0.0,0.0,0.0,7.0,1.0,28.0,4.0,2.0,4.0,3.0,0.0,19.0,3.0,14.0,145.0
1.0,1.0,0.0,0.0,0.0,0.0,1.0,0.0,0.0,1.0,0.0,0.0,0.0,0.0,1.0,0.0,0.0,1.0,1.0,3.0,14.0,3.0,4.0,1.0,3.0,1.0,22.0,2.0,3.0,148.0
1.0,2.0,0.0,0.0,0.0,0.0,1.0,1.0,0.0,0.0,0.0,0.0,0.0,1.0,0.0,0.0,0.0,0.0,9.0,1.0,9.0,4.0,5.0,1.0,2.0,1.0,15.0,2.0,5.0,174.0
1.0,1.0,0.0,0.0,1.0,0.0,0.0,0.0,1.0,0.0,0.0,0.0,0.0,1.0,0.0,0.0,0.0,0.0,17.0,3.0,9.0,4.0,4.0,1.0,3.0,1.0,18.0,1.0,9.0,203.0
1.0,1.0,0.0,0.0,0.0,0.0,1.0,0.0,1.0,0.0,0.0,0.0,0.0,1.0,0.0,0.0,0.0,0.0,1.0,1.0,16.0,4.0,2.0,3.0,3.0,0.0,17.0,1.0,5.0,169.0
0.0,1.0,0.0,0.0,0.0,0.0,1.0,0.0,1.0,0.0,0.0,0.0,0.0,1.0,0.0,0.0,0.0,0.0,3.0,1.0,16.0,3.0,4.0,3.0,11.0,0.0,18.0,2.0,3.0,155.0
1.0,1.0,0.0,0.0,0.0,0.0,1.0,1.0,0.0,0.0,0.0,0.0,0.0,0.0,1.0,0.0,0.0,0.0,6.0,1.0,17.0,3.0,4.0,3.0,8.0,0.0,14.0,1.0,4.0,159.0
1.0,1.0,0.0,0.0,0.0,0.0,1.0,0.0,1.0,0.0,0.0,0.0,0.0,0.0,1.0,0.0,0.0,0.0,5.0,1.0,9.0,4.0,4.0,3.0,3.0,0.0,15.0,1.0,4.0,160.0
0.0,1.0,0.0,0.0,1.0,0.0,0.0,0.0,1.0,0.0,0.0,0.0,0.0,0.0,1.0,0.0,0.0,0.0,14.0,1.0,15.0,4.0,4.0,5.0,4.0,1.0,17.0,1.0,1.0,190.0
1.0,1.0,0.0,0.0,0.0,0.0,1.0,0.0,1.0,0.0,0.0,0.0,0.0,1.0,0.0,0.0,0.0,0.0,1.0,1.0,36.0,4.0,4.0,5.0,3.0,0.0,14.0,2.0,3.0,164.0
1.0,2.0,0.0,0.0,1.0,0.0,0.0,0.0,1.0,0.0,0.0,0.0,0.0,0.0,1.0,0.0,0.0,0.0,20.0,1.0,20.0,3.0,4.0,4.0,8.0,0.0,15.0,2.0,10.0,181.0
1.0,1.0,0.0,0.0,1.0,0.0,0.0,0.0,1.0,0.0,0.0,0.0,0.0,0.0,1.0,0.0,0.0,0.0,9.0,1.0,34.0,3.0,4.0,3.0,4.0,0.0,17.0,1.0,8.0,194.0
1.0,1.0,0.0,0.0,0.0,0.0,1.0,0.0,1.0,0.0,0.0,0.0,0.0,0.0,1.0,0.0,0.0,0.0,4.0,1.0,23.0,3.0,4.0,1.0,3.0,0.0,13.0,1.0,9.0,154.0
1.0,1.0,0.0,0.0,1.0,0.0,0.0,1.0,0.0,0.0,0.0,0.0,0.0,0.0,0.0,1.0,0.0,0.0,21.0,3.0,9.0,3.0,4.0,4.0,9.0,0.0,12.0,1.0,1.0,175.0
1.0,1.0,0.0,0.0,1.0,0.0,0.0,0.0,1.0,0.0,0.0,0.0,0.0,0.0,0.0,1.0,0.0,1.0,1.0,3.0,20.0,4.0,5.0,5.0,7.0,1.0,14.0,3.0,3.0,186.0
0.0,2.0,0.0,0.0,0.0,0.0,1.0,0.0,1.0,0.0,0.0,0.0,0.0,1.0,0.0,0.0,0.0,0.0,1.0,1.0,11.0,3.0,4.0,4.0,3.0,0.0,14.0,2.0,3.0,158.0
0.0,2.0,0.0,0.0,1.0,0.0,0.0,1.0,0.0,0.0,0.0,1.0,0.0,0.0,0.0,0.0,0.0,0.0,5.0,1.0,31.0,2.0,4.0,1.0,4.0,0.0,21.0,2.0,5.0,177.0
0.0,2.0,0.0,0.0,0.0,0.0,1.0,1.0,0.0,0.0,0.0,1.0,0.0,0.0,0.0,0.0,0.0,0.0,4.0,1.0,9.0,4.0,5.0,5.0,2.0,0.0,17.0,1.0,8.0,175.0
1.0,1.0,0.0,0.0,0.0,0.0,1.0,1.0,0.0,0.0,0.0,0.0,0.0,1.0,0.0,0.0,0.0,0.0,1.0,2.0,17.0,3.0,4.0,1.0,2.0,0.0,15.0,2.0,2.0,146.0
0.0,1.0,0.0,0.0,0.0,0.0,1.0,1.0,0.0,0.0,0.0,0.0,0.0,0.0,0.0,0.0,1.0,1.0,1.0,2.0,15.0,4.0,5.0,1.0,8.0,0.0,12.0,2.0,3.0,147.0
1.0,1.0,0.0,0.0,1.0,0.0,0.0,0.0,1.0,0.0,0.0,0.0,1.0,0.0,0.0,0.0,0.0,0.0,5.0,3.0,12.0,3.0,4.0,3.0,3.0,0.0,20.0,1.0,3.0,208.0
0.0,2.0,0.0,0.0,0.0,0.0,1.0,0.0,1.0,0.0,0.0,0.0,0.0,1.0,0.0,0.0,0.0,0.0,1.0,1.0,15.0,4.0,4.0,1.0,3.0,0.0,12.0,2.0,5.0,159.0
1.0,2.0,0.0,0.0,1.0,0.0,0.0,1.0,0.0,0.0,0.0,0.0,0.0,0.0,1.0,0.0,0.0,0.0,3.0,1.0,7.0,4.0,2.0,3.0,10.0,1.0,13.0,1.0,3.0,188.0
1.0,1.0,1.0,0.0,0.0,0.0,0.0,0.0,1.0,0.0,0.0,0.0,0.0,0.0,0.0,1.0,0.0,0.0,4.0,3.0,22.0,4.0,5.0,5.0,4.0,0.0,12.0,1.0,8.0,196.0
1.0,1.0,0.0,0.0,0.0,0.0,1.0,0.0,1.0,0.0,0.0,0.0,0.0,1.0,0.0,0.0,0.0,0.0,8.0,1.0,9.0,4.0,2.0,1.0,2.0,1.0,15.0,1.0,3.0,154.0
0.0,2.0,0.0,0.0,1.0,0.0,0.0,1.0,0.0,0.0,0.0,0.0,0.0,0.0,0.0,1.0,0.0,0.0,7.0,3.0,9.0,4.0,4.0,4.0,10.0,0.0,16.0,1.0,8.0,176.0
0.0,2.0,0.0,0.0,1.0,0.0,0.0,0.0,1.0,0.0,0.0,0.0,0.0,0.0,0.0,1.0,0.0,0.0,23.0,3.0,18.0,4.0,4.0,1.0,5.0,0.0,13.0,1.0,5.0,170.0
0.0,2.0,1.0,0.0,0.0,0.0,0.0,0.0,1.0,0.0,0.0,0.0,0.0,0.0,1.0,0.0,0.0,1.0,1.0,3.0,23.0,4.0,4.0,5.0,4.0,1.0,21.0,1.0,5.0,211.0
0.0,1.0,0.0,0.0,0.0,0.0,1.0,1.0,0.0,0.0,0.0,0.0,0.0,1.0,0.0,0.0,0.0,0.0,12.0,1.0,9.0,4.0,5.0,4.0,6.0,0.0,15.0,1.0,6.0,150.0
1.0,1.0,1.0,0.0,0.0,0.0,0.0,0.0,1.0,0.0,0.0,0.0,0.0,0.0,0.0,1.0,0.0,1.0,1.0,3.0,23.0,4.0,4.0,3.0,4.0,0.0,14.0,2.0,1.0,207.0
0.0,1.0,0.0,0.0,0.0,0.0,1.0,0.0,0.0,1.0,0.0,1.0,0.0,0.0,0.0,0.0,0.0,0.0,3.0,1.0,11.0,4.0,5.0,5.0,3.0,0.0,14.0,1.0,1.0,146.0
1.0,1.0,0.0,0.0,1.0,0.0,0.0,0.0,1.0,0.0,0.0,0.0,0.0,0.0,1.0,0.0,0.0,0.0,1.0,1.0,23.0,3.0,2.0,3.0,5.0,0.0,17.0,2.0,8.0,178.0
1.0,2.0,0.0,0.0,0.0,0.0,1.0,1.0,0.0,0.0,0.0,1.0,0.0,0.0,0.0,0.0,0.0,0.0,6.0,1.0,12.0,4.0,4.0,4.0,4.0,0.0,15.0,2.0,8.0,152.0
1.0,1.0,0.0,0.0,0.0,0.0,1.0,1.0,0.0,0.0,0.0,1.0,0.0,0.0,0.0,0.0,0.0,1.0,7.0,1.0,24.0,3.0,5.0,3.0,11.0,1.0,17.0,2.0,1.0,149.0
1.0,1.0,0.0,0.0,0.0,0.0,1.0,0.0,1.0,0.0,0.0,0.0,0.0,1.0,0.0,0.0,0.0,0.0,16.0,1.0,19.0,3.0,4.0,4.0,10.0,0.0,23.0,2.0,5.0,153.0
1.0,1.0,0.0,0.0,1.0,0.0,0.0,1.0,0.0,0.0,0.0,1.0,0.0,0.0,0.0,0.0,0.0,0.0,7.0,1.0,11.0,3.0,4.0,4.0,7.0,0.0,16.0,1.0,8.0,156.0
1.0,1.0,0.0,0.0,0.0,0.0,1.0,0.0,0.0,1.0,0.0,0.0,0.0,0.0,1.0,0.0,0.0,0.0,15.0,1.0,16.0,4.0,4.0,5.0,3.0,0.0,21.0,2.0,5.0,148.0
1.0,1.0,0.0,0.0,1.0,0.0,0.0,1.0,0.0,0.0,0.0,0.0,0.0,0.0,1.0,0.0,0.0,0.0,8.0,3.0,17.0,3.0,4.0,3.0,3.0,1.0,15.0,2.0,8.0,165.0
1.0,2.0,0.0,0.0,0.0,0.0,1.0,0.0,1.0,0.0,0.0,0.0,0.0,0.0,1.0,0.0,0.0,0.0,17.0,2.0,9.0,4.0,4.0,1.0,2.0,0.0,14.0,1.0,9.0,160.0
1.0,2.0,0.0,0.0,0.0,0.0,1.0,0.0,1.0,0.0,0.0,0.0,0.0,0.0,0.0,1.0,0.0,1.0,1.0,3.0,14.0,3.0,4.0,4.0,3.0,0.0,14.0,2.0,1.0,152.0
0.0,1.0,0.0,0.0,0.0,0.0,1.0,0.0,1.0,0.0,0.0,0.0,0.0,0.0,0.0,0.0,1.0,0.0,12.0,1.0,13.0,3.0,5.0,3.0,3.0,0.0,12.0,1.0,5.0,162.0
0.0,1.0,0.0,0.0,0.0,0.0,1.0,0.0,0.0,1.0,0.0,0.0,0.0,1.0,0.0,0.0,0.0,1.0,1.0,1.0,15.0,4.0,4.0,5.0,3.0,1.0,18.0,1.0,1.0,149.0
0.0,1.0,0.0,0.0,1.0,0.0,0.0,0.0,1.0,0.0,0.0,0.0,0.0,0.0,0.0,1.0,0.0,0.0,5.0,3.0,36.0,4.0,5.0,1.0,3.0,0.0,15.0,3.0,8.0,180.0
1.0,1.0,0.0,0.0,1.0,0.0,0.0,0.0,1.0,0.0,0.0,0.0,0.0,0.0,0.0,1.0,0.0,0.0,11.0,3.0,16.0,3.0,5.0,4.0,3.0,0.0,15.0,1.0,4.0,167.0
1.0,1.0,1.0,0.0,0.0,0.0,0.0,0.0,1.0,0.0,0.0,0.0,0.0,0.0,1.0,0.0,0.0,0.0,10.0,1.0,17.0,3.0,4.0,5.0,9.0,1.0,14.0,2.0,8.0,208.0
1.0,1.0,0.0,0.0,0.0,0.0,1.0,1.0,0.0,0.0,0.0,0.0,0.0,1.0,0.0,0.0,0.0,1.0,8.0,1.0,7.0,3.0,4.0,4.0,3.0,1.0,13.0,2.0,4.0,148.0
1.0,2.0,0.0,0.0,1.0,0.0,0.0,0.0,1.0,0.0,0.0,0.0,0.0,0.0,1.0,0.0,0.0,1.0,1.0,3.0,34.0,3.0,4.0,1.0,3.0,1.0,19.0,1.0,8.0,183.0
1.0,1.0,0.0,0.0,0.0,0.0,1.0,0.0,0.0,1.0,0.0,0.0,0.0,0.0,1.0,0.0,0.0,0.0,2.0,1.0,7.0,3.0,4.0,1.0,3.0,0.0,12.0,1.0,4.0,145.0
1.0,2.0,0.0,0.0,1.0,0.0,0.0,1.0,0.0,0.0,0.0,0.0,0.0,0.0,1.0,0.0,0.0,0.0,20.0,3.0,33.0,4.0,5.0,4.0,10.0,0.0,16.0,3.0,3.0,205.0
0.0,1.0,0.0,0.0,0.0,0.0,1.0,0.0,1.0,0.0,0.0,0.0,0.0,0.0,1.0,0.0,0.0,0.0,14.0,1.0,9.0,3.0,4.0,5.0,6.0,0.0,18.0,2.0,3.0,159.0
1.0,1.0,0.0,0.0,1.0,0.0,0.0,0.0,1.0,0.0,0.0,0.0,0.0,1.0,0.0,0.0,0.0,0.0,16.0,1.0,20.0,4.0,2.0,5.0,7.0,0.0,19.0,2.0,1.0,180.0
1.0,1.0,0.0,0.0,1.0,0.0,0.0,1.0,0.0,0.0,0.0,0.0,0.0,1.0,0.0,0.0,0.0,0.0,9.0,1.0,9.0,3.0,4.0,1.0,4.0,0.0,15.0,1.0,8.0,183.0
1.0,1.0,0.0,0.0,1.0,0.0,0.0,1.0,0.0,0.0,0.0,0.0,0.0,0.0,1.0,0.0,0.0,1.0,1.0,1.0,16.0,4.0,4.0,5.0,6.0,0.0,18.0,1.0,8.0,178.0
1.0,2.0,0.0,0.0,1.0,0.0,0.0,0.0,1.0,0.0,0.0,0.0,0.0,1.0,0.0,0.0,0.0,1.0,1.0,1.0,17.0,3.0,4.0,5.0,3.0,0.0,16.0,1.0,9.0,167.0
1.0,1.0,0.0,0.0,1.0,0.0,0.0,1.0,0.0,0.0,0.0,0.0,0.0,0.0,1.0,0.0,0.0,0.0,13.0,3.0,27.0,3.0,4.0,1.0,4.0,0.0,19.0,2.0,3.0,166.0
1.0,2.0,0.0,0.0,0.0,0.0,1.0,1.0,0.0,0.0,0.0,0.0,0.0,0.0,1.0,0.0,0.0,0.0,17.0,1.0,16.0,3.0,4.0,3.0,6.0,0.0,14.0,1.0,3.0,149.0
1.0,2.0,0.0,0.0,1.0,0.0,0.0,0.0,1.0,0.0,0.0,0.0,0.0,0.0,1.0,0.0,0.0,0.0,15.0,1.0,12.0,3.0,2.0,4.0,5.0,0.0,13.0,2.0,3.0,194.0
0.0,2.0,1.0,0.0,0.0,0.0,0.0,0.0,1.0,0.0,0.0,0.0,0.0,1.0,0.0,0.0,0.0,0.0,4.0,1.0,17.0,4.0,4.0,3.0,11.0,0.0,15.0,1.0,5.0,222.0
0.0,1.0,0.0,0.0,0.0,0.0,1.0,0.0,0.0,1.0,0.0,0.0,0.0,1.0,0.0,0.0,0.0,1.0,1.0,2.0,27.0,4.0,4.0,4.0,2.0,1.0,12.0,1.0,5.0,146.0
0.0,1.0,0.0,0.0,1.0,0.0,0.0,0.0,1.0,0.0,0.0,0.0,0.0,1.0,0.0,0.0,0.0,1.0,10.0,1.0,28.0,4.0,4.0,4.0,6.0,0.0,23.0,2.0,5.0,214.0
0.0,1.0,0.0,0.0,1.0,0.0,0.0,0.0,1.0,0.0,0.0,0.0,0.0,0.0,1.0,0.0,0.0,0.0,14.0,1.0,7.0,3.0,4.0,1.0,6.0,0.0,18.0,1.0,4.0,190.0
1.0,1.0,0.0,0.0,1.0,0.0,0.0,0.0,1.0,0.0,0.0,0.0,1.0,0.0,0.0,0.0,0.0,0.0,8.0,3.0,15.0,4.0,2.0,3.0,3.0,0.0,22.0,1.0,9.0,193.0
0.0,1.0,0.0,0.0,1.0,0.0,0.0,0.0,1.0,0.0,0.0,0.0,0.0,1.0,0.0,0.0,0.0,0.0,28.0,1.0,14.0,4.0,4.0,1.0,6.0,0.0,16.0,2.0,8.0,194.0
0.0,1.0,1.0,0.0,0.0,0.0,0.0,1.0,0.0,0.0,0.0,0.0,0.0,0.0,0.0,1.0,0.0,0.0,5.0,3.0,14.0,4.0,4.0,5.0,4.0,0.0,15.0,3.0,5.0,221.0
1.0,2.0,0.0,0.0,1.0,0.0,0.0,0.0,1.0,0.0,0.0,0.0,0.0,1.0,0.0,0.0,0.0,0.0,1.0,3.0,17.0,3.0,4.0,1.0,3.0,0.0,14.0,1.0,3.0,172.0
0.0,2.0,0.0,0.0,0.0,0.0,1.0,1.0,0.0,0.0,0.0,0.0,0.0,1.0,0.0,0.0,0.0,0.0,1.0,1.0,21.0,3.0,4.0,3.0,3.0,0.0,17.0,2.0,1.0,140.0
1.0,1.0,0.0,0.0,0.0,0.0,1.0,0.0,1.0,0.0,0.0,0.0,0.0,0.0,0.0,0.0,1.0,1.0,1.0,2.0,25.0,3.0,2.0,5.0,2.0,0.0,18.0,2.0,1.0,155.0
1.0,1.0,0.0,0.0,0.0,0.0,1.0,0.0,0.0,1.0,0.0,0.0,0.0,0.0,0.0,0.0,1.0,1.0,1.0,2.0,20.0,3.0,5.0,5.0,6.0,1.0,16.0,2.0,1.0,148.0
0.0,1.0,0.0,0.0,1.0,0.0,0.0,0.0,1.0,0.0,0.0,0.0,0.0,0.0,0.0,0.0,1.0,0.0,10.0,1.0,9.0,4.0,4.0,4.0,6.0,1.0,23.0,1.0,1.0,195.0
0.0,2.0,0.0,0.0,0.0,0.0,1.0,1.0,0.0,0.0,0.0,0.0,0.0,0.0,1.0,0.0,0.0,0.0,1.0,1.0,12.0,3.0,4.0,1.0,2.0,1.0,15.0,2.0,3.0,149.0
1.0,1.0,0.0,0.0,0.0,0.0,1.0,1.0,0.0,0.0,0.0,0.0,0.0,1.0,0.0,0.0,0.0,0.0,3.0,1.0,27.0,3.0,4.0,1.0,3.0,0.0,14.0,2.0,11.0,163.0
1.0,2.0,0.0,0.0,1.0,0.0,0.0,1.0,0.0,0.0,0.0,0.0,0.0,0.0,0.0,1.0,0.0,0.0,6.0,3.0,17.0,4.0,4.0,1.0,10.0,0.0,14.0,2.0,1.0,171.0
1.0,1.0,0.0,0.0,0.0,0.0,1.0,1.0,0.0,0.0,0.0,1.0,0.0,0.0,0.0,0.0,0.0,0.0,16.0,1.0,17.0,3.0,4.0,3.0,5.0,0.0,23.0,2.0,4.0,154.0
0.0,2.0,0.0,0.0,0.0,0.0,1.0,0.0,0.0,1.0,0.0,0.0,0.0,0.0,1.0,0.0,0.0,0.0,21.0,1.0,16.0,4.0,4.0,3.0,6.0,0.0,13.0,2.0,1.0,146.0
1.0,1.0,1.0,0.0,0.0,0.0,0.0,0.0,1.0,0.0,0.0,0.0,0.0,0.0,1.0,0.0,0.0,0.0,20.0,1.0,9.0,3.0,4.0,1.0,5.0,0.0,15.0,2.0,5.0,211.0
1.0,1.0,0.0,0.0,0.0,0.0,1.0,1.0,0.0,0.0,0.0,0.0,0.0,0.0,1.0,0.0,0.0,0.0,2.0,2.0,7.0,3.0,4.0,1.0,3.0,0.0,16.0,1.0,3.0,152.0
1.0,2.0,0.0,0.0,0.0,0.0,1.0,0.0,1.0,0.0,0.0,0.0,0.0,0.0,1.0,0.0,0.0,0.0,16.0,1.0,15.0,3.0,4.0,3.0,6.0,0.0,14.0,2.0,1.0,165.0
1.0,2.0,0.0,0.0,1.0,0.0,0.0,0.0,1.0,0.0,0.0,0.0,0.0,0.0,0.0,1.0,0.0,1.0,1.0,3.0,9.0,3.0,5.0,4.0,9.0,1.0,13.0,3.0,5.0,224.0
1.0,1.0,0.0,0.0,0.0,0.0,1.0,0.0,1.0,0.0,0.0,0.0,0.0,1.0,0.0,0.0,0.0,0.0,3.0,2.0,13.0,3.0,5.0,4.0,3.0,0.0,12.0,2.0,1.0,153.0
1.0,2.0,0.0,0.0,0.0,0.0,1.0,1.0,0.0,0.0,0.0,0.0,0.0,0.0,1.0,0.0,0.0,1.0,1.0,1.0,31.0,4.0,5.0,1.0,3.0,1.0,25.0,2.0,1.0,149.0
0.0,1.0,1.0,0.0,0.0,0.0,0.0,0.0,1.0,0.0,0.0,0.0,0.0,0.0,1.0,0.0,0.0,1.0,10.0,3.0,17.0,4.0,4.0,4.0,7.0,0.0,22.0,1.0,8.0,198.0
1.0,1.0,0.0,0.0,1.0,0.0,0.0,0.0,1.0,0.0,0.0,0.0,0.0,0.0,0.0,0.0,1.0,0.0,13.0,1.0,26.0,3.0,4.0,1.0,10.0,0.0,15.0,2.0,3.0,164.0
1.0,1.0,0.0,0.0,0.0,0.0,1.0,0.0,1.0,0.0,0.0,1.0,0.0,0.0,0.0,0.0,0.0,0.0,29.0,1.0,9.0,4.0,5.0,1.0,10.0,0.0,21.0,1.0,5.0,152.0
0.0,1.0,0.0,0.0,0.0,0.0,1.0,0.0,1.0,0.0,0.0,0.0,0.0,1.0,0.0,0.0,0.0,0.0,2.0,3.0,10.0,4.0,4.0,4.0,3.0,0.0,20.0,2.0,1.0,154.0
1.0,2.0,0.0,0.0,0.0,0.0,1.0,0.0,0.0,1.0,0.0,0.0,0.0,1.0,0.0,0.0,0.0,1.0,1.0,3.0,16.0,3.0,4.0,1.0,3.0,0.0,14.0,1.0,1.0,136.0
1.0,2.0,0.0,0.0,0.0,0.0,1.0,0.0,1.0,0.0,0.0,0.0,0.0,0.0,1.0,0.0,0.0,1.0,1.0,1.0,14.0,4.0,4.0,4.0,3.0,1.0,24.0,2.0,1.0,150.0
0.0,1.0,0.0,0.0,1.0,0.0,0.0,0.0,1.0,0.0,0.0,1.0,0.0,0.0,0.0,0.0,0.0,0.0,10.0,3.0,17.0,4.0,5.0,3.0,3.0,1.0,14.0,2.0,8.0,182.0
1.0,1.0,0.0,0.0,1.0,0.0,0.0,0.0,1.0,0.0,0.0,0.0,0.0,0.0,1.0,0.0,0.0,0.0,5.0,1.0,27.0,3.0,4.0,3.0,3.0,0.0,12.0,1.0,3.0,167.0
1.0,1.0,1.0,0.0,0.0,0.0,0.0,0.0,1.0,0.0,0.0,0.0,0.0,0.0,1.0,0.0,0.0,0.0,8.0,3.0,11.0,4.0,4.0,1.0,4.0,1.0,14.0,1.0,5.0,222.0
1.0,2.0,0.0,0.0,0.0,0.0,1.0,0.0,0.0,1.0,0.0,0.0,0.0,0.0,1.0,0.0,0.0,0.0,3.0,1.0,14.0,3.0,4.0,5.0,5.0,0.0,15.0,1.0,3.0,146.0
1.0,1.0,0.0,0.0,1.0,0.0,0.0,0.0,1.0,0.0,0.0,0.0,0.0,1.0,0.0,0.0,0.0,0.0,11.0,1.0,14.0,4.0,4.0,5.0,7.0,1.0,23.0,1.0,5.0,168.0
0.0,1.0,0.0,0.0,1.0,0.0,0.0,0.0,1.0,0.0,0.0,0.0,0.0,0.0,0.0,0.0,1.0,0.0,9.0,1.0,23.0,3.0,5.0,4.0,2.0,1.0,12.0,2.0,3.0,173.0
0.0,1.0,0.0,0.0,1.0,0.0,0.0,0.0,1.0,0.0,0.0,0.0,0.0,0.0,1.0,0.0,0.0,0.0,19.0,1.0,32.0,4.0,5.0,1.0,2.0,0.0,14.0,1.0,9.0,184.0
1.0,2.0,0.0,0.0,1.0,0.0,0.0,1.0,0.0,0.0,0.0,0.0,0.0,0.0,0.0,0.0,1.0,0.0,10.0,2.0,9.0,4.0,5.0,1.0,3.0,0.0,22.0,2.0,9.0,164.0
0.0,1.0,0.0,0.0,0.0,0.0,1.0,0.0,1.0,0.0,0.0,0.0,0.0,0.0,1.0,0.0,0.0,0.0,1.0,1.0,7.0,3.0,5.0,3.0,3.0,1.0,14.0,1.0,1.0,154.0
0.0,2.0,0.0,0.0,1.0,0.0,0.0,0.0,1.0,0.0,0.0,0.0,0.0,1.0,0.0,0.0,0.0,0.0,1.0,3.0,9.0,3.0,2.0,3.0,2.0,0.0,15.0,1.0,8.0,190.0
1.0,1.0,0.0,0.0,1.0,0.0,0.0,0.0,1.0,0.0,0.0,0.0,0.0,0.0,1.0,0.0,0.0,0.0,18.0,1.0,7.0,4.0,2.0,5.0,4.0,0.0,16.0,3.0,3.0,175.0
1.0,2.0,0.0,0.0,0.0,0.0,1.0,0.0,1.0,0.0,0.0,0.0,0.0,0.0,1.0,0.0,0.0,1.0,20.0,1.0,31.0,4.0,4.0,1.0,3.0,0.0,17.0,1.0,1.0,151.0
1.0,1.0,0.0,0.0,1.0,0.0,0.0,0.0,1.0,0.0,0.0,0.0,0.0,0.0,0.0,1.0,0.0,0.0,10.0,3.0,24.0,3.0,5.0,4.0,4.0,0.0,17.0,2.0,4.0,180.0
0.0,1.0,0.0,0.0,1.0,0.0,0.0,0.0,1.0,0.0,0.0,0.0,0.0,0.0,0.0,1.0,0.0,0.0,15.0,3.0,15.0,3.0,4.0,4.0,7.0,0.0,22.0,2.0,5.0,169.0
0.0,1.0,0.0,0.0,1.0,0.0,0.0,0.0,1.0,0.0,0.0,0.0,0.0,1.0,0.0,0.0,0.0,0.0,5.0,3.0,17.0,3.0,4.0,1.0,4.0,1.0,12.0,1.0,5.0,191.0
0.0,1.0,0.0,0.0,1.0,0.0,0.0,0.0,1.0,0.0,0.0,0.0,0.0,1.0,0.0,0.0,0.0,0.0,8.0,3.0,10.0,4.0,5.0,1.0,5.0,1.0,13.0,1.0,2.0,206.0
0.0,1.0,0.0,0.0,0.0,0.0,1.0,0.0,1.0,0.0,0.0,0.0,0.0,1.0,0.0,0.0,0.0,0.0,5.0,1.0,11.0,4.0,2.0,3.0,10.0,0.0,13.0,3.0,3.0,165.0
1.0,1.0,0.0,0.0,0.0,0.0,1.0,1.0,0.0,0.0,0.0,0.0,0.0,0.0,0.0,0.0,1.0,0.0,1.0,1.0,13.0,4.0,2.0,1.0,2.0,0.0,19.0,3.0,8.0,150.0
1.0,2.0,0.0,0.0,1.0,0.0,0.0,1.0,0.0,0.0,0.0,0.0,0.0,1.0,0.0,0.0,0.0,0.0,19.0,1.0,7.0,3.0,4.0,3.0,6.0,0.0,13.0,2.0,4.0,179.0
1.0,2.0,0.0,0.0,1.0,0.0,0.0,0.0,1.0,0.0,0.0,0.0,0.0,0.0,0.0,1.0,0.0,0.0,7.0,3.0,17.0,3.0,4.0,3.0,3.0,0.0,15.0,1.0,10.0,180.0
1.0,1.0,0.0,0.0,1.0,0.0,0.0,1.0,0.0,0.0,0.0,0.0,0.0,0.0,1.0,0.0,0.0,0.0,2.0,3.0,7.0,3.0,5.0,1.0,3.0,1.0,13.0,1.0,8.0,193.0
1.0,2.0,0.0,0.0,0.0,0.0,1.0,1.0,0.0,0.0,0.0,1.0,0.0,0.0,0.0,0.0,0.0,1.0,1.0,3.0,31.0,3.0,2.0,5.0,3.0,0.0,18.0,2.0,1.0,136.0
1.0,1.0,0.0,0.0,0.0,0.0,1.0,0.0,0.0,1.0,0.0,1.0,0.0,0.0,0.0,0.0,0.0,0.0,1.0,1.0,9.0,3.0,4.0,4.0,3.0,0.0,12.0,2.0,3.0,147.0
0.0,2.0,0.0,0.0,1.0,0.0,0.0,0.0,1.0,0.0,0.0,0.0,0.0,0.0,0.0,1.0,0.0,1.0,1.0,3.0,20.0,3.0,4.0,3.0,5.0,1.0,12.0,3.0,5.0,224.0
1.0,1.0,0.0,0.0,1.0,0.0,0.0,1.0,0.0,0.0,0.0,1.0,0.0,0.0,0.0,0.0,0.0,0.0,21.0,1.0,21.0,4.0,4.0,4.0,10.0,0.0,19.0,1.0,8.0,180.0
0.0,1.0,0.0,0.0,1.0,0.0,0.0,0.0,1.0,0.0,0.0,0.0,0.0,0.0,0.0,1.0,0.0,0.0,30.0,3.0,18.0,3.0,5.0,5.0,6.0,0.0,17.0,1.0,1.0,179.0
0.0,1.0,0.0,0.0,1.0,0.0,0.0,1.0,0.0,0.0,0.0,0.0,0.0,1.0,0.0,0.0,0.0,0.0,12.0,1.0,15.0,3.0,5.0,4.0,3.0,1.0,17.0,2.0,8.0,146.0
0.0,2.0,0.0,0.0,0.0,0.0,1.0,1.0,0.0,0.0,0.0,0.0,0.0,0.0,1.0,0.0,0.0,1.0,1.0,1.0,12.0,3.0,2.0,3.0,5.0,1.0,15.0,1.0,4.0,149.0
1.0,1.0,0.0,0.0,0.0,0.0,1.0,0.0,1.0,0.0,0.0,0.0,0.0,0.0,1.0,0.0,0.0,0.0,12.0,1.0,16.0,4.0,4.0,1.0,4.0,0.0,20.0,2.0,4.0,173.0
1.0,1.0,0.0,0.0,1.0,0.0,0.0,0.0,1.0,0.0,0.0,0.0,0.0,0.0,0.0,1.0,0.0,0.0,16.0,3.0,19.0,4.0,4.0,1.0,5.0,1.0,13.0,1.0,1.0,176.0
0.0,1.0,0.0,0.0,0.0,0.0,1.0,1.0,0.0,0.0,0.0,0.0,0.0,0.0,0.0,0.0,1.0,1.0,1.0,2.0,29.0,3.0,5.0,4.0,3.0,0.0,13.0,2.0,1.0,154.0
1.0,2.0,0.0,0.0,0.0,0.0,1.0,1.0,0.0,0.0,0.0,0.0,0.0,1.0,0.0,0.0,0.0,0.0,2.0,1.0,23.0,3.0,4.0,3.0,3.0,0.0,15.0,1.0,5.0,146.0
1.0,1.0,0.0,0.0,0.0,0.0,1.0,1.0,0.0,0.0,0.0,0.0,0.0,1.0,0.0,0.0,0.0,0.0,5.0,1.0,10.0,3.0,4.0,5.0,3.0,1.0,14.0,1.0,4.0,156.0
1.0,1.0,0.0,0.0,0.0,0.0,1.0,1.0,0.0,0.0,0.0,0.0,0.0,0.0,1.0,0.0,0.0,0.0,10.0,1.0,16.0,4.0,2.0,4.0,3.0,0.0,23.0,2.0,3.0,153.0
1.0,2.0,1.0,0.0,0.0,0.0,0.0,0.0,1.0,0.0,0.0,0.0,0.0,0.0,0.0,1.0,0.0,0.0,8.0,3.0,7.0,3.0,4.0,1.0,3.0,0.0,22.0,2.0,5.0,224.0
1.0,1.0,1.0,0.0,0.0,0.0,0.0,0.0,1.0,0.0,0.0,0.0,0.0,1.0,0.0,0.0,0.0,0.0,8.0,3.0,20.0,3.0,4.0,3.0,3.0,0.0,19.0,2.0,5.0,211.0
1.0,1.0,0.0,0.0,1.0,0.0,0.0,0.0,1.0,0.0,0.0,0.0,0.0,0.0,1.0,0.0,0.0,0.0,3.0,1.0,7.0,3.0,4.0,5.0,2.0,0.0,13.0,2.0,3.0,179.0
0.0,1.0,0.0,0.0,1.0,0.0,0.0,1.0,0.0,0.0,0.0,0.0,0.0,1.0,0.0,0.0,0.0,0.0,6.0,1.0,22.0,3.0,4.0,1.0,7.0,0.0,19.0,1.0,3.0,192.0
1.0,1.0,0.0,0.0,0.0,0.0,1.0,0.0,0.0,1.0,0.0,1.0,0.0,0.0,0.0,0.0,0.0,1.0,1.0,1.0,24.0,3.0,5.0,1.0,7.0,0.0,13.0,1.0,4.0,149.0
1.0,2.0,0.0,0.0,0.0,0.0,1.0,0.0,1.0,0.0,0.0,0.0,0.0,0.0,1.0,0.0,0.0,0.0,12.0,3.0,7.0,3.0,5.0,5.0,6.0,0.0,15.0,1.0,1.0,154.0
0.0,1.0,0.0,0.0,1.0,0.0,0.0,0.0,1.0,0.0,0.0,0.0,0.0,0.0,1.0,0.0,0.0,0.0,9.0,3.0,14.0,3.0,4.0,1.0,3.0,1.0,12.0,2.0,10.0,177.0
1.0,2.0,0.0,0.0,1.0,0.0,0.0,0.0,1.0,0.0,0.0,0.0,0.0,0.0,0.0,1.0,0.0,0.0,1.0,3.0,16.0,3.0,4.0,1.0,3.0,0.0,15.0,1.0,8.0,166.0
1.0,2.0,0.0,0.0,1.0,0.0,0.0,0.0,1.0,0.0,0.0,0.0,0.0,0.0,1.0,0.0,0.0,0.0,6.0,1.0,12.0,3.0,5.0,1.0,10.0,0.0,25.0,1.0,5.0,222.0
1.0,1.0,0.0,0.0,1.0,0.0,0.0,1.0,0.0,0.0,0.0,0.0,0.0,0.0,0.0,1.0,0.0,1.0,1.0,3.0,33.0,4.0,4.0,1.0,3.0,1.0,12.0,1.0,9.0,181.0
0.0,1.0,0.0,0.0,1.0,0.0,0.0,0.0,1.0,0.0,0.0,0.0,0.0,0.0,1.0,0.0,0.0,0.0,28.0,1.0,16.0,4.0,4.0,3.0,5.0,0.0,12.0,1.0,4.0,154.0
1.0,1.0,0.0,0.0,1.0,0.0,0.0,1.0,0.0,0.0,0.0,0.0,0.0,0.0,1.0,0.0,0.0,0.0,7.0,1.0,14.0,3.0,4.0,3.0,3.0,0.0,21.0,3.0,9.0,185.0
1.0,1.0,1.0,0.0,0.0,0.0,0.0,0.0,1.0,0.0,0.0,0.0,0.0,0.0,1.0,0.0,0.0,0.0,17.0,1.0,18.0,2.0,4.0,3.0,3.0,0.0,18.0,2.0,10.0,200.0
1.0,1.0,0.0,0.0,0.0,0.0,1.0,1.0,0.0,0.0,0.0,0.0,0.0,0.0,0.0,0.0,1.0,0.0,12.0,2.0,7.0,3.0,4.0,4.0,2.0,1.0,12.0,2.0,3.0,155.0
1.0,2.0,0.0,0.0,1.0,0.0,0.0,1.0,0.0,0.0,0.0,0.0,0.0,0.0,1.0,0.0,0.0,0.0,16.0,1.0,30.0,3.0,5.0,3.0,3.0,0.0,13.0,3.0,8.0,168.0
0.0,2.0,0.0,0.0,1.0,0.0,0.0,0.0,1.0,0.0,0.0,0.0,0.0,1.0,0.0,0.0,0.0,0.0,28.0,1.0,17.0,4.0,4.0,5.0,8.0,1.0,20.0,1.0,5.0,169.0
1.0,2.0,0.0,0.0,1.0,0.0,0.0,0.0,1.0,0.0,0.0,0.0,0.0,0.0,1.0,0.0,0.0,0.0,1.0,1.0,7.0,3.0,5.0,3.0,3.0,0.0,13.0,2.0,3.0,171.0
1.0,2.0,0.0,0.0,0.0,0.0,1.0,0.0,1.0,0.0,0.0,0.0,0.0,0.0,0.0,0.0,1.0,0.0,1.0,1.0,19.0,4.0,4.0,1.0,3.0,0.0,14.0,2.0,5.0,151.0
0.0,1.0,0.0,0.0,1.0,0.0,0.0,1.0,0.0,0.0,0.0,1.0,0.0,0.0,0.0,0.0,0.0,0.0,14.0,1.0,18.0,4.0,4.0,3.0,3.0,0.0,12.0,3.0,5.0,188.0
0.0,1.0,0.0,0.0,1.0,0.0,0.0,0.0,1.0,0.0,0.0,0.0,0.0,0.0,0.0,1.0,0.0,0.0,14.0,3.0,9.0,4.0,4.0,4.0,5.0,0.0,15.0,2.0,11.0,182.0
0.0,1.0,0.0,0.0,0.0,0.0,1.0,0.0,0.0,1.0,0.0,0.0,0.0,0.0,0.0,0.0,1.0,0.0,1.0,2.0,9.0,3.0,4.0,4.0,6.0,0.0,15.0,1.0,3.0,147.0
1.0,1.0,0.0,0.0,0.0,0.0,1.0,0.0,1.0,0.0,0.0,0.0,0.0,1.0,0.0,0.0,0.0,0.0,4.0,1.0,7.0,4.0,4.0,4.0,3.0,0.0,14.0,1.0,8.0,162.0
1.0,1.0,0.0,0.0,0.0,0.0,1.0,0.0,1.0,0.0,0.0,0.0,0.0,0.0,0.0,0.0,1.0,0.0,1.0,1.0,9.0,3.0,4.0,3.0,8.0,1.0,20.0,1.0,3.0,165.0
1.0,2.0,1.0,0.0,0.0,0.0,0.0,0.0,1.0,0.0,0.0,0.0,0.0,1.0,0.0,0.0,0.0,0.0,21.0,1.0,32.0,3.0,4.0,3.0,4.0,0.0,24.0,2.0,5.0,211.0
1.0,1.0,0.0,0.0,0.0,0.0,1.0,1.0,0.0,0.0,0.0,0.0,0.0,1.0,0.0,0.0,0.0,0.0,7.0,1.0,7.0,3.0,5.0,3.0,3.0,0.0,13.0,1.0,1.0,145.0
1.0,1.0,0.0,0.0,0.0,0.0,1.0,0.0,1.0,0.0,0.0,0.0,0.0,0.0,1.0,0.0,0.0,0.0,5.0,3.0,9.0,3.0,4.0,3.0,2.0,0.0,20.0,2.0,3.0,156.0
1.0,1.0,0.0,0.0,1.0,0.0,0.0,1.0,0.0,0.0,0.0,0.0,0.0,0.0,1.0,0.0,0.0,0.0,12.0,1.0,13.0,4.0,5.0,3.0,4.0,0.0,12.0,3.0,8.0,178.0
1.0,1.0,0.0,0.0,1.0,0.0,0.0,0.0,1.0,0.0,0.0,0.0,0.0,0.0,1.0,0.0,0.0,0.0,16.0,1.0,25.0,3.0,4.0,5.0,8.0,1.0,18.0,1.0,3.0,179.0
1.0,1.0,0.0,0.0,0.0,0.0,1.0,0.0,1.0,0.0,0.0,0.0,0.0,0.0,1.0,0.0,0.0,0.0,15.0,1.0,7.0,4.0,4.0,1.0,5.0,0.0,23.0,1.0,1.0,153.0
1.0,1.0,0.0,0.0,0.0,0.0,1.0,0.0,1.0,0.0,0.0,0.0,0.0,1.0,0.0,0.0,0.0,0.0,9.0,1.0,18.0,3.0,4.0,3.0,9.0,1.0,12.0,1.0,3.0,152.0
1.0,2.0,0.0,0.0,0.0,0.0,1.0,0.0,1.0,0.0,0.0,0.0,0.0,0.0,1.0,0.0,0.0,0.0,1.0,1.0,7.0,4.0,4.0,3.0,2.0,0.0,13.0,1.0,3.0,159.0
1.0,2.0,0.0,0.0,1.0,0.0,0.0,0.0,1.0,0.0,0.0,0.0,0.0,1.0,0.0,0.0,0.0,0.0,9.0,1.0,16.0,3.0,4.0,3.0,3.0,0.0,20.0,1.0,9.0,176.0
1.0,1.0,0.0,0.0,0.0,0.0,1.0,0.0,0.0,1.0,0.0,0.0,0.0,0.0,1.0,0.0,0.0,0.0,14.0,1.0,7.0,3.0,4.0,1.0,10.0,0.0,20.0,1.0,1.0,149.0
1.0,1.0,0.0,0.0,0.0,0.0,1.0,0.0,0.0,1.0,0.0,0.0,0.0,1.0,0.0,0.0,0.0,0.0,6.0,3.0,7.0,4.0,5.0,4.0,2.0,0.0,15.0,1.0,3.0,148.0
1.0,2.0,0.0,0.0,1.0,0.0,0.0,0.0,1.0,0.0,0.0,0.0,0.0,0.0,1.0,0.0,0.0,0.0,13.0,1.0,31.0,3.0,4.0,1.0,9.0,0.0,14.0,2.0,8.0,166.0
0.0,1.0,0.0,0.0,1.0,0.0,0.0,0.0,1.0,0.0,0.0,0.0,0.0,0.0,0.0,0.0,1.0,0.0,1.0,3.0,15.0,3.0,4.0,3.0,2.0,1.0,23.0,2.0,5.0,174.0
1.0,2.0,0.0,0.0,0.0,0.0,1.0,0.0,0.0,1.0,0.0,0.0,0.0,1.0,0.0,0.0,0.0,0.0,18.0,1.0,7.0,3.0,4.0,1.0,8.0,1.0,13.0,1.0,3.0,149.0
1.0,2.0,0.0,0.0,0.0,0.0,1.0,0.0,0.0,1.0,0.0,0.0,0.0,1.0,0.0,0.0,0.0,0.0,1.0,3.0,12.0,3.0,4.0,5.0,3.0,1.0,12.0,2.0,3.0,149.0
1.0,1.0,0.0,0.0,0.0,0.0,1.0,1.0,0.0,0.0,0.0,0.0,0.0,0.0,0.0,1.0,0.0,1.0,1.0,3.0,16.0,3.0,4.0,5.0,3.0,0.0,20.0,2.0,1.0,143.0
0.0,1.0,0.0,0.0,1.0,0.0,0.0,1.0,0.0,0.0,0.0,0.0,0.0,0.0,1.0,0.0,0.0,0.0,10.0,1.0,11.0,4.0,4.0,4.0,9.0,0.0,14.0,2.0,3.0,176.0
1.0,1.0,0.0,0.0,1.0,0.0,0.0,1.0,0.0,0.0,0.0,0.0,0.0,0.0,1.0,0.0,0.0,0.0,30.0,1.0,7.0,3.0,4.0,3.0,3.0,0.0,22.0,1.0,10.0,188.0
1.0,1.0,0.0,0.0,0.0,0.0,1.0,0.0,1.0,0.0,0.0,0.0,0.0,1.0,0.0,0.0,0.0,1.0,1.0,1.0,7.0,3.0,4.0,1.0,11.0,1.0,15.0,3.0,3.0,173.0
0.0,1.0,0.0,0.0,1.0,0.0,0.0,0.0,1.0,0.0,0.0,0.0,0.0,0.0,0.0,1.0,0.0,0.0,8.0,3.0,35.0,4.0,5.0,3.0,3.0,0.0,22.0,2.0,8.0,192.0
1.0,1.0,0.0,0.0,1.0,0.0,0.0,0.0,1.0,0.0,0.0,0.0,0.0,0.0,1.0,0.0,0.0,0.0,15.0,3.0,10.0,3.0,5.0,4.0,4.0,0.0,12.0,1.0,5.0,214.0
1.0,2.0,0.0,0.0,0.0,0.0,1.0,0.0,0.0,1.0,0.0,1.0,0.0,0.0,0.0,0.0,0.0,0.0,6.0,1.0,9.0,4.0,4.0,5.0,3.0,0.0,15.0,2.0,3.0,149.0
0.0,2.0,1.0,0.0,0.0,0.0,0.0,0.0,1.0,0.0,0.0,0.0,0.0,0.0,1.0,0.0,0.0,0.0,9.0,2.0,33.0,3.0,4.0,1.0,3.0,1.0,17.0,2.0,5.0,213.0
0.0,1.0,0.0,0.0,1.0,0.0,0.0,0.0,1.0,0.0,0.0,0.0,0.0,0.0,1.0,0.0,0.0,0.0,12.0,3.0,17.0,4.0,4.0,1.0,3.0,0.0,12.0,1.0,10.0,178.0
1.0,1.0,0.0,0.0,1.0,0.0,0.0,1.0,0.0,0.0,0.0,0.0,0.0,0.0,1.0,0.0,0.0,1.0,14.0,3.0,7.0,4.0,4.0,3.0,9.0,0.0,13.0,2.0,2.0,192.0
0.0,1.0,0.0,0.0,1.0,0.0,0.0,0.0,1.0,0.0,0.0,0.0,0.0,0.0,0.0,1.0,0.0,0.0,10.0,3.0,18.0,4.0,5.0,1.0,6.0,0.0,14.0,2.0,1.0,192.0
0.0,2.0,0.0,0.0,1.0,0.0,0.0,0.0,1.0,0.0,0.0,0.0,0.0,0.0,1.0,0.0,0.0,0.0,19.0,3.0,27.0,3.0,4.0,3.0,10.0,0.0,16.0,2.0,2.0,174.0
1.0,2.0,0.0,0.0,0.0,0.0,1.0,0.0,1.0,0.0,0.0,0.0,0.0,0.0,1.0,0.0,0.0,0.0,14.0,1.0,9.0,3.0,5.0,3.0,4.0,0.0,15.0,1.0,3.0,153.0
1.0,1.0,0.0,0.0,1.0,0.0,0.0,1.0,0.0,0.0,0.0,0.0,0.0,0.0,1.0,0.0,0.0,0.0,9.0,1.0,25.0,4.0,4.0,3.0,3.0,1.0,15.0,2.0,3.0,182.0
0.0,1.0,0.0,0.0,0.0,0.0,1.0,0.0,0.0,1.0,0.0,0.0,0.0,1.0,0.0,0.0,0.0,0.0,14.0,1.0,9.0,4.0,4.0,3.0,4.0,0.0,15.0,2.0,3.0,145.0
1.0,1.0,0.0,0.0,1.0,0.0,0.0,0.0,1.0,0.0,0.0,0.0,0.0,0.0,0.0,0.0,1.0,0.0,3.0,1.0,20.0,3.0,5.0,4.0,6.0,1.0,14.0,2.0,4.0,165.0
0.0,2.0,0.0,0.0,0.0,0.0,1.0,0.0,1.0,0.0,0.0,0.0,0.0,1.0,0.0,0.0,0.0,0.0,3.0,1.0,35.0,4.0,5.0,5.0,3.0,0.0,15.0,1.0,5.0,163.0
1.0,2.0,0.0,0.0,1.0,0.0,0.0,1.0,0.0,0.0,0.0,0.0,0.0,1.0,0.0,0.0,0.0,0.0,5.0,1.0,12.0,4.0,4.0,5.0,2.0,0.0,20.0,1.0,5.0,224.0
0.0,2.0,0.0,0.0,0.0,0.0,1.0,0.0,1.0,0.0,0.0,0.0,0.0,0.0,0.0,0.0,1.0,0.0,1.0,3.0,12.0,2.0,5.0,3.0,2.0,0.0,19.0,1.0,1.0,155.0
1.0,1.0,0.0,0.0,1.0,0.0,0.0,1.0,0.0,0.0,0.0,0.0,0.0,1.0,0.0,0.0,0.0,0.0,10.0,1.0,30.0,3.0,2.0,1.0,6.0,0.0,18.0,1.0,4.0,151.0
1.0,1.0,1.0,0.0,0.0,0.0,0.0,0.0,1.0,0.0,0.0,0.0,0.0,1.0,0.0,0.0,0.0,0.0,13.0,1.0,13.0,3.0,5.0,5.0,6.0,0.0,16.0,2.0,5.0,225.0
1.0,1.0,0.0,0.0,1.0,0.0,0.0,0.0,1.0,0.0,0.0,0.0,0.0,0.0,1.0,0.0,0.0,0.0,1.0,1.0,11.0,3.0,2.0,4.0,3.0,1.0,21.0,2.0,4.0,186.0
1.0,1.0,0.0,0.0,1.0,0.0,0.0,1.0,0.0,0.0,0.0,0.0,0.0,1.0,0.0,0.0,0.0,0.0,23.0,3.0,9.0,4.0,5.0,4.0,4.0,0.0,15.0,2.0,9.0,179.0
1.0,1.0,0.0,0.0,1.0,0.0,0.0,0.0,1.0,0.0,0.0,0.0,0.0,1.0,0.0,0.0,0.0,0.0,8.0,1.0,15.0,3.0,2.0,3.0,4.0,0.0,13.0,1.0,3.0,169.0
0.0,2.0,0.0,0.0,1.0,0.0,0.0,0.0,1.0,0.0,0.0,0.0,0.0,0.0,1.0,0.0,0.0,1.0,5.0,3.0,7.0,4.0,4.0,1.0,10.0,1.0,12.0,1.0,6.0,185.0
1.0,1.0,0.0,0.0,1.0,0.0,0.0,1.0,0.0,0.0,0.0,0.0,0.0,0.0,1.0,0.0,0.0,0.0,23.0,1.0,15.0,4.0,5.0,4.0,3.0,0.0,24.0,1.0,8.0,176.0
1.0,2.0,0.0,0.0,0.0,0.0,1.0,0.0,0.0,1.0,0.0,0.0,0.0,0.0,0.0,0.0,1.0,1.0,1.0,1.0,9.0,4.0,5.0,3.0,8.0,1.0,16.0,1.0,1.0,146.0
0.0,1.0,0.0,0.0,0.0,0.0,1.0,1.0,0.0,0.0,0.0,0.0,0.0,0.0,1.0,0.0,0.0,0.0,7.0,1.0,10.0,3.0,4.0,3.0,3.0,1.0,12.0,3.0,1.0,154.0
1.0,1.0,0.0,0.0,0.0,0.0,1.0,0.0,1.0,0.0,0.0,0.0,0.0,1.0,0.0,0.0,0.0,0.0,1.0,1.0,9.0,3.0,4.0,4.0,11.0,0.0,13.0,2.0,3.0,160.0
1.0,2.0,0.0,0.0,0.0,0.0,1.0,1.0,0.0,0.0,0.0,0.0,0.0,0.0,1.0,0.0,0.0,0.0,6.0,1.0,9.0,4.0,4.0,1.0,2.0,0.0,14.0,2.0,7.0,156.0
0.0,1.0,0.0,0.0,0.0,0.0,1.0,0.0,1.0,0.0,0.0,0.0,0.0,1.0,0.0,0.0,0.0,0.0,31.0,1.0,10.0,3.0,2.0,5.0,6.0,1.0,21.0,1.0,1.0,152.0
1.0,1.0,0.0,0.0,0.0,0.0,1.0,0.0,1.0,0.0,0.0,0.0,0.0,0.0,1.0,0.0,0.0,0.0,4.0,1.0,31.0,4.0,4.0,3.0,3.0,0.0,23.0,2.0,1.0,152.0
1.0,2.0,1.0,0.0,0.0,0.0,0.0,1.0,0.0,0.0,0.0,0.0,0.0,0.0,1.0,0.0,0.0,0.0,12.0,1.0,30.0,3.0,5.0,3.0,2.0,0.0,22.0,2.0,5.0,220.0
1.0,1.0,0.0,0.0,1.0,0.0,0.0,0.0,1.0,0.0,0.0,0.0,0.0,1.0,0.0,0.0,0.0,0.0,10.0,1.0,34.0,4.0,4.0,3.0,8.0,0.0,14.0,1.0,8.0,177.0
1.0,1.0,0.0,0.0,0.0,0.0,1.0,0.0,0.0,1.0,0.0,0.0,0.0,1.0,0.0,0.0,0.0,0.0,9.0,1.0,23.0,3.0,2.0,4.0,2.0,0.0,14.0,2.0,4.0,149.0
0.0,2.0,0.0,0.0,1.0,0.0,0.0,0.0,1.0,0.0,0.0,0.0,0.0,0.0,1.0,0.0,0.0,0.0,3.0,1.0,22.0,3.0,5.0,3.0,2.0,1.0,13.0,2.0,9.0,167.0
1.0,1.0,0.0,0.0,0.0,0.0,1.0,0.0,1.0,0.0,0.0,0.0,0.0,1.0,0.0,0.0,0.0,0.0,8.0,1.0,26.0,4.0,4.0,1.0,2.0,0.0,12.0,1.0,3.0,152.0
1.0,2.0,0.0,0.0,0.0,0.0,1.0,0.0,0.0,1.0,0.0,0.0,0.0,0.0,1.0,0.0,0.0,1.0,1.0,1.0,31.0,3.0,5.0,3.0,7.0,1.0,15.0,1.0,4.0,145.0
1.0,1.0,0.0,0.0,0.0,0.0,1.0,0.0,1.0,0.0,0.0,0.0,0.0,0.0,1.0,0.0,0.0,0.0,6.0,1.0,12.0,4.0,2.0,4.0,2.0,1.0,13.0,2.0,6.0,158.0
1.0,1.0,0.0,0.0,0.0,0.0,1.0,1.0,0.0,0.0,0.0,0.0,0.0,1.0,0.0,0.0,0.0,0.0,1.0,1.0,23.0,4.0,2.0,1.0,3.0,1.0,14.0,1.0,1.0,154.0
1.0,2.0,0.0,0.0,0.0,0.0,1.0,0.0,1.0,0.0,0.0,0.0,0.0,0.0,1.0,0.0,0.0,0.0,12.0,1.0,9.0,3.0,4.0,1.0,7.0,1.0,12.0,1.0,3.0,164.0
0.0,1.0,0.0,0.0,1.0,0.0,0.0,1.0,0.0,0.0,0.0,0.0,0.0,0.0,0.0,0.0,1.0,0.0,1.0,1.0,18.0,4.0,2.0,3.0,2.0,0.0,19.0,1.0,4.0,165.0
1.0,2.0,0.0,0.0,0.0,0.0,1.0,0.0,1.0,0.0,0.0,0.0,0.0,0.0,1.0,0.0,0.0,1.0,1.0,3.0,16.0,3.0,5.0,5.0,9.0,0.0,24.0,1.0,4.0,159.0
1.0,2.0,0.0,0.0,0.0,0.0,1.0,0.0,0.0,1.0,0.0,0.0,0.0,0.0,1.0,0.0,0.0,0.0,1.0,1.0,22.0,4.0,4.0,1.0,3.0,0.0,15.0,2.0,1.0,137.0
1.0,2.0,0.0,0.0,0.0,0.0,1.0,0.0,1.0,0.0,0.0,0.0,0.0,1.0,0.0,0.0,0.0,1.0,1.0,1.0,13.0,3.0,4.0,5.0,4.0,0.0,12.0,1.0,4.0,155.0
1.0,1.0,0.0,0.0,1.0,0.0,0.0,0.0,1.0,0.0,0.0,0.0,0.0,0.0,0.0,1.0,0.0,0.0,16.0,3.0,15.0,3.0,4.0,4.0,2.0,0.0,12.0,3.0,3.0,193.0
0.0,1.0,1.0,0.0,0.0,0.0,0.0,0.0,1.0,0.0,0.0,0.0,0.0,1.0,0.0,0.0,0.0,0.0,18.0,1.0,14.0,3.0,5.0,1.0,5.0,0.0,15.0,1.0,5.0,227.0
1.0,2.0,0.0,0.0,0.0,0.0,1.0,0.0,1.0,0.0,0.0,0.0,0.0,1.0,0.0,0.0,0.0,0.0,7.0,1.0,9.0,4.0,4.0,1.0,6.0,0.0,12.0,1.0,1.0,150.0
1.0,1.0,0.0,0.0,1.0,0.0,0.0,0.0,1.0,0.0,0.0,0.0,0.0,0.0,0.0,0.0,1.0,0.0,18.0,1.0,17.0,3.0,4.0,1.0,4.0,1.0,14.0,1.0,4.0,190.0
1.0,2.0,0.0,0.0,0.0,0.0,1.0,0.0,0.0,1.0,0.0,0.0,0.0,1.0,0.0,0.0,0.0,0.0,4.0,1.0,16.0,3.0,5.0,3.0,3.0,0.0,14.0,1.0,9.0,147.0
1.0,1.0,0.0,0.0,1.0,0.0,0.0,0.0,0.0,1.0,0.0,1.0,0.0,0.0,0.0,0.0,0.0,1.0,3.0,3.0,12.0,3.0,4.0,1.0,5.0,0.0,15.0,1.0,1.0,146.0
1.0,1.0,0.0,0.0,0.0,0.0,1.0,0.0,0.0,1.0,0.0,0.0,0.0,1.0,0.0,0.0,0.0,1.0,1.0,1.0,7.0,4.0,4.0,1.0,4.0,1.0,17.0,1.0,1.0,148.0
0.0,1.0,0.0,0.0,0.0,0.0,1.0,0.0,1.0,0.0,0.0,0.0,0.0,1.0,0.0,0.0,0.0,0.0,17.0,1.0,9.0,4.0,2.0,3.0,3.0,0.0,13.0,2.0,5.0,151.0
1.0,1.0,0.0,0.0,0.0,0.0,1.0,0.0,1.0,0.0,0.0,0.0,0.0,0.0,0.0,1.0,0.0,1.0,14.0,3.0,10.0,3.0,5.0,3.0,3.0,1.0,15.0,2.0,3.0,152.0
0.0,1.0,0.0,0.0,0.0,0.0,1.0,0.0,0.0,1.0,0.0,0.0,0.0,0.0,0.0,1.0,0.0,0.0,9.0,3.0,9.0,4.0,4.0,1.0,3.0,0.0,14.0,3.0,3.0,145.0
0.0,1.0,0.0,0.0,0.0,0.0,1.0,0.0,1.0,0.0,0.0,0.0,0.0,0.0,1.0,0.0,0.0,0.0,10.0,1.0,12.0,3.0,5.0,5.0,11.0,1.0,15.0,2.0,1.0,159.0
0.0,1.0,0.0,0.0,1.0,0.0,0.0,1.0,0.0,0.0,0.0,0.0,0.0,0.0,1.0,0.0,0.0,0.0,7.0,3.0,7.0,3.0,2.0,5.0,4.0,0.0,20.0,1.0,4.0,179.0
1.0,1.0,0.0,0.0,0.0,0.0,1.0,0.0,0.0,1.0,0.0,0.0,0.0,0.0,0.0,0.0,1.0,0.0,9.0,1.0,11.0,4.0,4.0,1.0,3.0,0.0,13.0,2.0,1.0,145.0
0.0,1.0,0.0,0.0,0.0,0.0,1.0,0.0,0.0,1.0,0.0,0.0,0.0,0.0,1.0,0.0,0.0,0.0,1.0,1.0,9.0,3.0,4.0,5.0,3.0,0.0,14.0,2.0,1.0,148.0
1.0,2.0,1.0,0.0,0.0,0.0,0.0,1.0,0.0,0.0,0.0,0.0,0.0,0.0,1.0,0.0,0.0,0.0,1.0,3.0,15.0,3.0,4.0,3.0,3.0,0.0,16.0,2.0,5.0,212.0
0.0,2.0,0.0,0.0,1.0,0.0,0.0,1.0,0.0,0.0,0.0,0.0,0.0,1.0,0.0,0.0,0.0,0.0,4.0,1.0,7.0,3.0,4.0,1.0,3.0,0.0,24.0,2.0,8.0,165.0
1.0,2.0,0.0,0.0,1.0,0.0,0.0,1.0,0.0,0.0,0.0,0.0,0.0,0.0,0.0,1.0,0.0,0.0,8.0,3.0,30.0,4.0,4.0,3.0,2.0,0.0,21.0,1.0,8.0,171.0
1.0,1.0,0.0,0.0,0.0,0.0,1.0,0.0,1.0,0.0,0.0,0.0,0.0,0.0,1.0,0.0,0.0,0.0,11.0,1.0,26.0,4.0,4.0,4.0,6.0,0.0,22.0,1.0,1.0,155.0
1.0,2.0,0.0,0.0,1.0,0.0,0.0,1.0,0.0,0.0,0.0,0.0,0.0,0.0,0.0,1.0,0.0,0.0,20.0,3.0,12.0,4.0,4.0,1.0,6.0,1.0,22.0,2.0,9.0,183.0
1.0,1.0,0.0,0.0,0.0,0.0,1.0,0.0,0.0,1.0,0.0,0.0,0.0,0.0,1.0,0.0,0.0,0.0,9.0,1.0,15.0,3.0,2.0,1.0,3.0,0.0,20.0,2.0,2.0,148.0
1.0,2.0,1.0,0.0,0.0,0.0,0.0,0.0,1.0,0.0,0.0,0.0,0.0,0.0,1.0,0.0,0.0,1.0,12.0,1.0,7.0,4.0,5.0,3.0,11.0,1.0,14.0,1.0,1.0,179.0
1.0,2.0,0.0,0.0,0.0,0.0,1.0,0.0,1.0,0.0,0.0,1.0,0.0,0.0,0.0,0.0,0.0,1.0,1.0,1.0,12.0,3.0,4.0,3.0,3.0,1.0,14.0,1.0,3.0,159.0
0.0,1.0,0.0,0.0,1.0,0.0,0.0,0.0,1.0,0.0,0.0,0.0,0.0,0.0,0.0,1.0,0.0,0.0,18.0,3.0,7.0,4.0,4.0,5.0,7.0,1.0,22.0,2.0,4.0,180.0
1.0,1.0,1.0,0.0,0.0,0.0,0.0,1.0,0.0,0.0,0.0,0.0,0.0,1.0,0.0,0.0,0.0,0.0,9.0,1.0,18.0,4.0,5.0,5.0,4.0,1.0,14.0,2.0,5.0,224.0
0.0,1.0,0.0,0.0,1.0,0.0,0.0,0.0,1.0,0.0,0.0,0.0,0.0,0.0,0.0,1.0,0.0,0.0,1.0,3.0,30.0,3.0,5.0,1.0,9.0,1.0,20.0,1.0,1.0,167.0
1.0,1.0,1.0,0.0,0.0,0.0,0.0,1.0,0.0,0.0,0.0,0.0,0.0,0.0,1.0,0.0,0.0,0.0,9.0,3.0,6.0,4.0,4.0,5.0,3.0,0.0,23.0,1.0,5.0,216.0
0.0,1.0,0.0,0.0,0.0,0.0,1.0,0.0,1.0,0.0,0.0,0.0,0.0,1.0,0.0,0.0,0.0,0.0,9.0,1.0,30.0,2.0,4.0,5.0,5.0,1.0,16.0,1.0,3.0,165.0
1.0,1.0,0.0,0.0,1.0,0.0,0.0,0.0,1.0,0.0,0.0,0.0,0.0,0.0,1.0,0.0,0.0,0.0,5.0,1.0,14.0,3.0,4.0,1.0,5.0,0.0,23.0,1.0,8.0,184.0
1.0,1.0,0.0,0.0,1.0,0.0,0.0,0.0,1.0,0.0,0.0,0.0,0.0,0.0,1.0,0.0,0.0,0.0,11.0,1.0,7.0,3.0,5.0,3.0,3.0,0.0,19.0,1.0,8.0,185.0
1.0,2.0,0.0,0.0,1.0,0.0,0.0,1.0,0.0,0.0,0.0,0.0,0.0,0.0,1.0,0.0,0.0,0.0,10.0,1.0,18.0,4.0,5.0,4.0,3.0,0.0,14.0,2.0,4.0,190.0
1.0,1.0,1.0,0.0,0.0,0.0,0.0,0.0,1.0,0.0,0.0,0.0,0.0,0.0,1.0,0.0,0.0,0.0,19.0,1.0,14.0,3.0,4.0,5.0,4.0,0.0,18.0,1.0,5.0,222.0
1.0,1.0,0.0,0.0,0.0,0.0,1.0,1.0,0.0,0.0,0.0,0.0,0.0,1.0,0.0,0.0,0.0,0.0,9.0,1.0,7.0,4.0,4.0,5.0,6.0,0.0,14.0,1.0,3.0,147.0
1.0,1.0,0.0,0.0,0.0,0.0,1.0,0.0,1.0,0.0,0.0,0.0,0.0,1.0,0.0,0.0,0.0,1.0,1.0,1.0,16.0,4.0,5.0,3.0,2.0,1.0,18.0,2.0,1.0,159.0
0.0,2.0,0.0,0.0,1.0,0.0,0.0,1.0,0.0,0.0,0.0,0.0,0.0,0.0,1.0,0.0,0.0,0.0,31.0,3.0,7.0,3.0,5.0,3.0,9.0,0.0,12.0,2.0,4.0,180.0
1.0,1.0,0.0,0.0,0.0,0.0,1.0,0.0,1.0,0.0,0.0,0.0,0.0,0.0,1.0,0.0,0.0,0.0,3.0,1.0,9.0,4.0,4.0,4.0,2.0,0.0,24.0,2.0,5.0,152.0
1.0,2.0,0.0,0.0,0.0,0.0,1.0,0.0,1.0,0.0,0.0,0.0,0.0,1.0,0.0,0.0,0.0,0.0,5.0,1.0,7.0,3.0,4.0,4.0,3.0,0.0,18.0,2.0,1.0,150.0
1.0,1.0,0.0,0.0,1.0,0.0,0.0,0.0,1.0,0.0,0.0,0.0,0.0,0.0,1.0,0.0,0.0,0.0,6.0,1.0,7.0,4.0,4.0,4.0,3.0,0.0,18.0,2.0,10.0,187.0
0.0,1.0,0.0,0.0,0.0,0.0,1.0,0.0,1.0,0.0,0.0,0.0,0.0,0.0,1.0,0.0,0.0,0.0,10.0,1.0,13.0,3.0,2.0,1.0,5.0,0.0,13.0,1.0,1.0,155.0
0.0,2.0,0.0,0.0,1.0,0.0,0.0,0.0,1.0,0.0,0.0,0.0,0.0,0.0,1.0,0.0,0.0,0.0,5.0,1.0,15.0,4.0,4.0,1.0,3.0,0.0,24.0,2.0,9.0,169.0
1.0,2.0,0.0,0.0,1.0,0.0,0.0,0.0,1.0,0.0,0.0,0.0,0.0,0.0,0.0,1.0,0.0,0.0,9.0,3.0,7.0,3.0,5.0,5.0,2.0,0.0,15.0,2.0,9.0,168.0
1.0,1.0,0.0,0.0,1.0,0.0,0.0,0.0,1.0,0.0,0.0,0.0,0.0,1.0,0.0,0.0,0.0,0.0,20.0,2.0,12.0,4.0,4.0,4.0,3.0,1.0,23.0,2.0,3.0,175.0
1.0,1.0,0.0,0.0,1.0,0.0,0.0,0.0,1.0,0.0,0.0,0.0,0.0,0.0,1.0,0.0,0.0,0.0,4.0,1.0,7.0,3.0,5.0,1.0,3.0,1.0,13.0,2.0,1.0,176.0
1.0,2.0,0.0,0.0,0.0,0.0,1.0,0.0,1.0,0.0,0.0,0.0,0.0,1.0,0.0,0.0,0.0,0.0,9.0,1.0,7.0,2.0,5.0,3.0,3.0,0.0,19.0,2.0,5.0,154.0
1.0,1.0,1.0,0.0,0.0,0.0,0.0,0.0,1.0,0.0,0.0,0.0,0.0,0.0,1.0,0.0,0.0,0.0,29.0,3.0,7.0,4.0,4.0,1.0,5.0,0.0,15.0,1.0,5.0,227.0
1.0,1.0,0.0,0.0,1.0,0.0,0.0,0.0,1.0,0.0,0.0,0.0,0.0,1.0,0.0,0.0,0.0,0.0,8.0,1.0,7.0,4.0,4.0,4.0,3.0,0.0,16.0,2.0,4.0,168.0
1.0,1.0,0.0,0.0,0.0,0.0,1.0,0.0,0.0,1.0,0.0,1.0,0.0,0.0,0.0,0.0,0.0,0.0,1.0,3.0,9.0,4.0,4.0,5.0,5.0,0.0,14.0,2.0,1.0,148.0
1.0,1.0,0.0,0.0,0.0,0.0,1.0,0.0,0.0,1.0,0.0,0.0,0.0,0.0,1.0,0.0,0.0,0.0,25.0,1.0,16.0,4.0,4.0,1.0,5.0,0.0,24.0,2.0,4.0,146.0
1.0,2.0,0.0,0.0,1.0,0.0,0.0,0.0,1.0,0.0,0.0,0.0,0.0,0.0,0.0,1.0,0.0,0.0,25.0,3.0,28.0,4.0,4.0,1.0,2.0,1.0,23.0,1.0,1.0,179.0
0.0,1.0,0.0,0.0,1.0,0.0,0.0,0.0,1.0,0.0,0.0,0.0,0.0,1.0,0.0,0.0,0.0,0.0,4.0,3.0,11.0,4.0,5.0,4.0,3.0,1.0,13.0,3.0,8.0,177.0
0.0,1.0,0.0,0.0,1.0,0.0,0.0,0.0,1.0,0.0,0.0,0.0,0.0,0.0,0.0,0.0,1.0,0.0,1.0,3.0,10.0,3.0,4.0,3.0,2.0,0.0,22.0,1.0,3.0,175.0
1.0,1.0,0.0,0.0,1.0,0.0,0.0,1.0,0.0,0.0,0.0,0.0,0.0,1.0,0.0,0.0,0.0,0.0,2.0,3.0,11.0,3.0,4.0,3.0,3.0,0.0,16.0,1.0,5.0,167.0
1.0,1.0,0.0,0.0,1.0,0.0,0.0,1.0,0.0,0.0,0.0,0.0,0.0,1.0,0.0,0.0,0.0,0.0,18.0,1.0,30.0,4.0,4.0,4.0,6.0,0.0,13.0,1.0,3.0,145.0
1.0,1.0,0.0,0.0,0.0,0.0,1.0,0.0,0.0,1.0,0.0,0.0,0.0,0.0,0.0,0.0,1.0,1.0,1.0,2.0,13.0,4.0,4.0,5.0,6.0,1.0,23.0,1.0,3.0,146.0
1.0,2.0,0.0,0.0,0.0,0.0,1.0,0.0,1.0,0.0,0.0,0.0,0.0,0.0,1.0,0.0,0.0,0.0,6.0,1.0,7.0,4.0,4.0,5.0,3.0,0.0,14.0,1.0,1.0,155.0
0.0,2.0,0.0,0.0,0.0,0.0,1.0,1.0,0.0,0.0,0.0,0.0,0.0,0.0,1.0,0.0,0.0,1.0,1.0,1.0,13.0,4.0,5.0,1.0,3.0,1.0,19.0,1.0,1.0,154.0
0.0,2.0,0.0,0.0,1.0,0.0,0.0,0.0,1.0,0.0,0.0,0.0,0.0,0.0,0.0,0.0,1.0,0.0,8.0,1.0,13.0,3.0,4.0,3.0,3.0,0.0,15.0,1.0,11.0,173.0
1.0,1.0,0.0,0.0,1.0,0.0,0.0,1.0,0.0,0.0,0.0,0.0,0.0,0.0,1.0,0.0,0.0,0.0,11.0,1.0,9.0,4.0,5.0,1.0,7.0,0.0,15.0,2.0,1.0,177.0
1.0,2.0,0.0,0.0,1.0,0.0,0.0,0.0,1.0,0.0,0.0,0.0,0.0,0.0,0.0,1.0,0.0,1.0,1.0,3.0,12.0,3.0,5.0,3.0,3.0,1.0,12.0,1.0,4.0,182.0
1.0,1.0,0.0,0.0,0.0,0.0,1.0,0.0,1.0,0.0,0.0,0.0,0.0,1.0,0.0,0.0,0.0,0.0,1.0,1.0,14.0,4.0,5.0,1.0,3.0,0.0,12.0,1.0,2.0,154.0
0.0,2.0,0.0,0.0,0.0,0.0,1.0,0.0,1.0,0.0,0.0,0.0,0.0,1.0,0.0,0.0,0.0,0.0,1.0,1.0,22.0,3.0,4.0,1.0,3.0,0.0,16.0,2.0,1.0,154.0
1.0,1.0,0.0,0.0,0.0,0.0,1.0,0.0,1.0,0.0,0.0,0.0,0.0,0.0,1.0,0.0,0.0,0.0,1.0,1.0,25.0,3.0,4.0,3.0,2.0,0.0,13.0,1.0,3.0,153.0
0.0,1.0,0.0,0.0,1.0,0.0,0.0,0.0,1.0,0.0,0.0,0.0,0.0,0.0,1.0,0.0,0.0,0.0,8.0,1.0,13.0,3.0,5.0,4.0,8.0,0.0,16.0,2.0,1.0,170.0
1.0,2.0,1.0,0.0,0.0,0.0,0.0,0.0,1.0,0.0,0.0,0.0,0.0,0.0,1.0,0.0,0.0,0.0,11.0,3.0,10.0,3.0,4.0,1.0,4.0,0.0,13.0,1.0,4.0,199.0
0.0,1.0,1.0,0.0,0.0,0.0,0.0,1.0,0.0,0.0,0.0,0.0,1.0,0.0,0.0,0.0,0.0,0.0,10.0,3.0,18.0,4.0,4.0,1.0,2.0,0.0,15.0,1.0,5.0,222.0
0.0,1.0,0.0,0.0,0.0,0.0,1.0,0.0,1.0,0.0,0.0,0.0,0.0,0.0,1.0,0.0,0.0,0.0,10.0,1.0,10.0,3.0,4.0,1.0,7.0,0.0,23.0,1.0,1.0,153.0
1.0,1.0,0.0,0.0,1.0,0.0,0.0,1.0,0.0,0.0,0.0,0.0,0.0,0.0,0.0,1.0,0.0,0.0,7.0,3.0,29.0,4.0,4.0,4.0,2.0,0.0,14.0,1.0,8.0,186.0
0.0,1.0,0.0,0.0,0.0,0.0,1.0,0.0,0.0,1.0,0.0,0.0,0.0,0.0,0.0,0.0,1.0,0.0,1.0,1.0,13.0,3.0,5.0,4.0,3.0,0.0,20.0,3.0,4.0,149.0
1.0,2.0,0.0,0.0,0.0,0.0,1.0,0.0,0.0,1.0,0.0,0.0,0.0,0.0,0.0,1.0,0.0,1.0,1.0,3.0,29.0,3.0,4.0,3.0,3.0,1.0,20.0,2.0,1.0,142.0
1.0,1.0,0.0,0.0,0.0,0.0,1.0,0.0,1.0,0.0,0.0,1.0,0.0,0.0,0.0,0.0,0.0,0.0,1.0,1.0,9.0,4.0,4.0,1.0,2.0,0.0,15.0,3.0,2.0,150.0
0.0,2.0,0.0,0.0,0.0,0.0,1.0,1.0,0.0,0.0,0.0,0.0,0.0,1.0,0.0,0.0,0.0,0.0,17.0,1.0,35.0,4.0,2.0,3.0,6.0,0.0,13.0,1.0,3.0,172.0
0.0,2.0,1.0,0.0,0.0,0.0,0.0,1.0,0.0,0.0,0.0,0.0,0.0,0.0,0.0,1.0,0.0,0.0,24.0,3.0,19.0,4.0,4.0,1.0,6.0,0.0,12.0,2.0,5.0,217.0
1.0,1.0,1.0,0.0,0.0,0.0,0.0,0.0,1.0,0.0,0.0,0.0,0.0,0.0,1.0,0.0,0.0,0.0,15.0,3.0,16.0,4.0,4.0,3.0,5.0,1.0,14.0,1.0,8.0,207.0
0.0,1.0,0.0,0.0,0.0,0.0,1.0,0.0,1.0,0.0,0.0,0.0,0.0,0.0,1.0,0.0,0.0,0.0,1.0,2.0,32.0,4.0,4.0,3.0,3.0,0.0,24.0,3.0,8.0,154.0
1.0,1.0,0.0,0.0,1.0,0.0,0.0,0.0,1.0,0.0,0.0,0.0,0.0,1.0,0.0,0.0,0.0,0.0,10.0,1.0,13.0,3.0,4.0,4.0,8.0,0.0,21.0,1.0,2.0,174.0
1.0,1.0,0.0,0.0,1.0,0.0,0.0,0.0,1.0,0.0,0.0,0.0,0.0,0.0,1.0,0.0,0.0,0.0,1.0,3.0,35.0,3.0,5.0,3.0,4.0,0.0,19.0,2.0,5.0,211.0
0.0,2.0,0.0,0.0,0.0,0.0,1.0,0.0,1.0,0.0,0.0,0.0,0.0,1.0,0.0,0.0,0.0,1.0,1.0,1.0,16.0,3.0,4.0,5.0,9.0,0.0,23.0,2.0,5.0,167.0
1.0,2.0,0.0,0.0,0.0,0.0,1.0,0.0,1.0,0.0,0.0,0.0,0.0,1.0,0.0,0.0,0.0,0.0,19.0,1.0,36.0,3.0,4.0,1.0,7.0,0.0,14.0,2.0,4.0,160.0
0.0,2.0,0.0,0.0,1.0,0.0,0.0,0.0,1.0,0.0,0.0,1.0,0.0,0.0,0.0,0.0,0.0,0.0,12.0,1.0,10.0,3.0,4.0,3.0,5.0,1.0,21.0,3.0,3.0,168.0
0.0,2.0,0.0,0.0,0.0,0.0,1.0,0.0,1.0,0.0,0.0,0.0,0.0,0.0,1.0,0.0,0.0,0.0,4.0,1.0,25.0,4.0,4.0,3.0,3.0,0.0,15.0,2.0,5.0,151.0
1.0,2.0,0.0,0.0,0.0,0.0,1.0,0.0,1.0,0.0,0.0,0.0,0.0,1.0,0.0,0.0,0.0,0.0,4.0,1.0,9.0,3.0,5.0,1.0,2.0,0.0,14.0,1.0,3.0,152.0
1.0,1.0,0.0,0.0,0.0,0.0,1.0,0.0,0.0,1.0,0.0,0.0,0.0,0.0,1.0,0.0,0.0,0.0,15.0,1.0,16.0,4.0,4.0,5.0,4.0,0.0,22.0,1.0,5.0,147.0
0.0,2.0,0.0,0.0,0.0,0.0,1.0,0.0,0.0,1.0,0.0,0.0,0.0,1.0,0.0,0.0,0.0,0.0,1.0,1.0,10.0,4.0,4.0,4.0,3.0,0.0,15.0,2.0,1.0,140.0
0.0,1.0,0.0,0.0,1.0,0.0,0.0,1.0,0.0,0.0,0.0,0.0,0.0,1.0,0.0,0.0,0.0,0.0,14.0,1.0,33.0,3.0,4.0,4.0,3.0,0.0,12.0,1.0,14.0,181.0
1.0,1.0,1.0,0.0,0.0,0.0,0.0,0.0,1.0,0.0,0.0,0.0,0.0,0.0,0.0,1.0,0.0,0.0,9.0,3.0,7.0,4.0,4.0,4.0,3.0,0.0,14.0,1.0,7.0,198.0
1.0,1.0,0.0,0.0,1.0,0.0,0.0,0.0,0.0,1.0,0.0,0.0,0.0,0.0,0.0,1.0,0.0,0.0,27.0,3.0,13.0,3.0,4.0,3.0,4.0,1.0,21.0,1.0,6.0,148.0
0.0,2.0,1.0,0.0,0.0,0.0,0.0,1.0,0.0,0.0,0.0,0.0,0.0,0.0,0.0,1.0,0.0,0.0,6.0,3.0,15.0,3.0,4.0,1.0,3.0,0.0,15.0,3.0,5.0,215.0
1.0,1.0,0.0,0.0,1.0,0.0,0.0,1.0,0.0,0.0,0.0,1.0,0.0,0.0,0.0,0.0,0.0,0.0,3.0,1.0,7.0,3.0,4.0,3.0,3.0,0.0,14.0,1.0,10.0,168.0
1.0,1.0,0.0,0.0,1.0,0.0,0.0,0.0,1.0,0.0,0.0,0.0,0.0,1.0,0.0,0.0,0.0,0.0,25.0,1.0,14.0,3.0,5.0,3.0,4.0,0.0,18.0,2.0,1.0,186.0
0.0,1.0,0.0,0.0,0.0,0.0,1.0,0.0,1.0,0.0,0.0,0.0,0.0,1.0,0.0,0.0,0.0,0.0,31.0,1.0,16.0,4.0,5.0,4.0,6.0,1.0,21.0,2.0,1.0,158.0
0.0,1.0,0.0,0.0,0.0,0.0,1.0,1.0,0.0,0.0,0.0,0.0,0.0,0.0,0.0,1.0,0.0,0.0,8.0,3.0,9.0,4.0,4.0,3.0,8.0,0.0,19.0,1.0,3.0,147.0
1.0,1.0,0.0,0.0,0.0,0.0,1.0,0.0,0.0,1.0,0.0,0.0,0.0,1.0,0.0,0.0,0.0,0.0,1.0,1.0,26.0,4.0,4.0,1.0,3.0,0.0,25.0,3.0,3.0,148.0
1.0,1.0,0.0,0.0,0.0,0.0,1.0,1.0,0.0,0.0,0.0,0.0,0.0,1.0,0.0,0.0,0.0,0.0,1.0,1.0,16.0,3.0,4.0,4.0,8.0,0.0,19.0,3.0,3.0,145.0
1.0,1.0,0.0,0.0,0.0,0.0,1.0,0.0,1.0,0.0,0.0,0.0,0.0,1.0,0.0,0.0,0.0,0.0,2.0,1.0,28.0,3.0,4.0,1.0,3.0,0.0,12.0,1.0,3.0,152.0
1.0,1.0,1.0,0.0,0.0,0.0,0.0,0.0,1.0,0.0,0.0,0.0,0.0,0.0,1.0,0.0,0.0,0.0,31.0,1.0,31.0,3.0,2.0,1.0,5.0,1.0,17.0,2.0,5.0,219.0
1.0,1.0,0.0,0.0,0.0,0.0,1.0,1.0,0.0,0.0,0.0,0.0,0.0,1.0,0.0,0.0,0.0,0.0,1.0,1.0,10.0,4.0,5.0,3.0,3.0,1.0,16.0,1.0,2.0,151.0
1.0,1.0,0.0,0.0,0.0,0.0,1.0,0.0,1.0,0.0,0.0,0.0,0.0,0.0,1.0,0.0,0.0,0.0,15.0,1.0,21.0,3.0,4.0,3.0,6.0,0.0,13.0,2.0,9.0,150.0
0.0,1.0,1.0,0.0,0.0,0.0,0.0,0.0,1.0,0.0,0.0,0.0,0.0,0.0,1.0,0.0,0.0,0.0,4.0,3.0,12.0,3.0,4.0,1.0,4.0,0.0,13.0,2.0,5.0,219.0
0.0,2.0,0.0,0.0,1.0,0.0,0.0,0.0,1.0,0.0,0.0,0.0,0.0,0.0,1.0,0.0,0.0,0.0,12.0,3.0,7.0,3.0,5.0,1.0,6.0,0.0,23.0,1.0,5.0,212.0
1.0,2.0,0.0,0.0,0.0,0.0,1.0,0.0,1.0,0.0,0.0,0.0,0.0,0.0,1.0,0.0,0.0,0.0,6.0,1.0,13.0,3.0,4.0,3.0,5.0,0.0,21.0,1.0,5.0,155.0
1.0,1.0,0.0,0.0,0.0,0.0,1.0,0.0,1.0,0.0,0.0,1.0,0.0,0.0,0.0,0.0,0.0,0.0,1.0,1.0,24.0,3.0,4.0,4.0,2.0,1.0,17.0,1.0,2.0,156.0
1.0,2.0,0.0,0.0,0.0,0.0,1.0,1.0,0.0,0.0,0.0,0.0,0.0,1.0,0.0,0.0,0.0,0.0,10.0,1.0,10.0,2.0,4.0,4.0,6.0,0.0,13.0,3.0,3.0,146.0
0.0,1.0,0.0,0.0,1.0,0.0,0.0,0.0,1.0,0.0,0.0,0.0,0.0,0.0,1.0,0.0,0.0,0.0,19.0,3.0,11.0,2.0,4.0,5.0,6.0,1.0,12.0,1.0,4.0,175.0
0.0,1.0,0.0,0.0,0.0,0.0,1.0,0.0,1.0,0.0,0.0,0.0,0.0,0.0,1.0,0.0,0.0,0.0,30.0,1.0,15.0,4.0,4.0,5.0,6.0,1.0,19.0,3.0,3.0,168.0
1.0,2.0,0.0,0.0,0.0,0.0,1.0,0.0,1.0,0.0,0.0,0.0,0.0,0.0,1.0,0.0,0.0,0.0,7.0,1.0,9.0,3.0,4.0,1.0,2.0,0.0,15.0,2.0,3.0,150.0
1.0,2.0,0.0,0.0,0.0,0.0,1.0,0.0,0.0,1.0,0.0,0.0,0.0,0.0,1.0,0.0,0.0,1.0,1.0,1.0,9.0,3.0,5.0,1.0,3.0,0.0,23.0,2.0,1.0,136.0
0.0,2.0,0.0,0.0,0.0,0.0,1.0,0.0,0.0,1.0,0.0,0.0,0.0,0.0,1.0,0.0,0.0,0.0,12.0,1.0,16.0,4.0,4.0,1.0,3.0,0.0,13.0,2.0,2.0,148.0
0.0,1.0,0.0,0.0,0.0,0.0,1.0,0.0,1.0,0.0,0.0,0.0,0.0,1.0,0.0,0.0,0.0,0.0,5.0,1.0,19.0,4.0,4.0,1.0,10.0,1.0,24.0,2.0,3.0,164.0
0.0,2.0,0.0,0.0,0.0,0.0,1.0,0.0,0.0,1.0,0.0,0.0,0.0,1.0,0.0,0.0,0.0,0.0,8.0,1.0,34.0,4.0,4.0,4.0,4.0,0.0,16.0,1.0,3.0,148.0
0.0,2.0,0.0,0.0,0.0,0.0,1.0,0.0,1.0,0.0,0.0,0.0,0.0,0.0,0.0,1.0,0.0,1.0,5.0,3.0,27.0,4.0,4.0,4.0,3.0,1.0,23.0,1.0,3.0,156.0
1.0,1.0,0.0,0.0,0.0,0.0,1.0,0.0,1.0,0.0,0.0,0.0,0.0,1.0,0.0,0.0,0.0,0.0,24.0,1.0,7.0,3.0,5.0,3.0,4.0,0.0,16.0,2.0,3.0,162.0
0.0,1.0,0.0,0.0,1.0,0.0,0.0,0.0,1.0,0.0,0.0,0.0,0.0,1.0,0.0,0.0,0.0,0.0,27.0,1.0,20.0,3.0,2.0,5.0,3.0,0.0,12.0,2.0,4.0,170.0
0.0,1.0,0.0,0.0,0.0,0.0,1.0,0.0,1.0,0.0,0.0,0.0,0.0,1.0,0.0,0.0,0.0,0.0,7.0,1.0,21.0,4.0,4.0,4.0,3.0,0.0,14.0,2.0,7.0,153.0
1.0,1.0,0.0,0.0,1.0,0.0,0.0,1.0,0.0,0.0,0.0,0.0,0.0,0.0,1.0,0.0,0.0,0.0,8.0,1.0,9.0,3.0,5.0,3.0,3.0,0.0,18.0,1.0,5.0,220.0
1.0,1.0,0.0,0.0,1.0,0.0,0.0,0.0,1.0,0.0,0.0,0.0,0.0,0.0,1.0,0.0,0.0,1.0,1.0,1.0,30.0,3.0,5.0,3.0,5.0,1.0,14.0,2.0,2.0,184.0
1.0,1.0,0.0,0.0,0.0,0.0,1.0,1.0,0.0,0.0,0.0,0.0,0.0,1.0,0.0,0.0,0.0,0.0,17.0,1.0,14.0,3.0,2.0,1.0,6.0,0.0,15.0,2.0,3.0,146.0
1.0,1.0,0.0,0.0,0.0,0.0,1.0,0.0,1.0,0.0,0.0,0.0,0.0,0.0,1.0,0.0,0.0,0.0,11.0,1.0,28.0,4.0,2.0,5.0,3.0,1.0,13.0,2.0,8.0,161.0
0.0,2.0,0.0,0.0,1.0,0.0,0.0,1.0,0.0,0.0,0.0,0.0,0.0,1.0,0.0,0.0,0.0,0.0,9.0,1.0,9.0,3.0,4.0,4.0,7.0,0.0,12.0,1.0,3.0,169.0
0.0,1.0,0.0,0.0,1.0,0.0,0.0,1.0,0.0,0.0,0.0,0.0,0.0,1.0,0.0,0.0,0.0,0.0,16.0,1.0,28.0,3.0,4.0,3.0,4.0,0.0,17.0,1.0,3.0,178.0
1.0,1.0,0.0,0.0,1.0,0.0,0.0,0.0,1.0,0.0,0.0,0.0,0.0,0.0,1.0,0.0,0.0,0.0,12.0,1.0,9.0,3.0,4.0,3.0,11.0,0.0,15.0,2.0,1.0,191.0
1.0,1.0,0.0,0.0,1.0,0.0,0.0,0.0,1.0,0.0,0.0,1.0,0.0,0.0,0.0,0.0,0.0,0.0,12.0,1.0,36.0,3.0,4.0,1.0,5.0,0.0,19.0,1.0,8.0,188.0
1.0,1.0,0.0,0.0,1.0,0.0,0.0,1.0,0.0,0.0,0.0,1.0,0.0,0.0,0.0,0.0,0.0,0.0,1.0,1.0,7.0,3.0,5.0,5.0,7.0,0.0,20.0,3.0,1.0,168.0
1.0,1.0,0.0,0.0,1.0,0.0,0.0,1.0,0.0,0.0,0.0,0.0,0.0,0.0,1.0,0.0,0.0,0.0,23.0,1.0,25.0,4.0,4.0,1.0,3.0,1.0,16.0,1.0,8.0,193.0
1.0,1.0,0.0,0.0,0.0,0.0,1.0,1.0,0.0,0.0,0.0,0.0,0.0,1.0,0.0,0.0,0.0,0.0,8.0,1.0,17.0,3.0,4.0,3.0,3.0,1.0,18.0,3.0,1.0,163.0
1.0,1.0,0.0,0.0,1.0,0.0,0.0,0.0,1.0,0.0,0.0,0.0,0.0,1.0,0.0,0.0,0.0,1.0,2.0,1.0,36.0,4.0,4.0,5.0,9.0,1.0,20.0,2.0,1.0,192.0
0.0,1.0,1.0,0.0,0.0,0.0,0.0,0.0,1.0,0.0,0.0,0.0,0.0,0.0,0.0,1.0,0.0,1.0,1.0,3.0,34.0,3.0,4.0,1.0,3.0,0.0,23.0,1.0,10.0,201.0
1.0,1.0,0.0,0.0,0.0,0.0,1.0,0.0,0.0,1.0,0.0,0.0,0.0,0.0,1.0,0.0,0.0,0.0,1.0,1.0,12.0,3.0,2.0,4.0,3.0,1.0,17.0,3.0,3.0,148.0
0.0,2.0,0.0,0.0,0.0,0.0,1.0,1.0,0.0,0.0,0.0,0.0,0.0,1.0,0.0,0.0,0.0,0.0,10.0,1.0,25.0,4.0,4.0,1.0,3.0,0.0,14.0,1.0,8.0,147.0
1.0,1.0,0.0,0.0,1.0,0.0,0.0,1.0,0.0,0.0,0.0,0.0,0.0,0.0,1.0,0.0,0.0,0.0,14.0,1.0,16.0,4.0,5.0,1.0,11.0,0.0,15.0,1.0,3.0,174.0
1.0,1.0,1.0,0.0,0.0,0.0,0.0,0.0,1.0,0.0,0.0,0.0,0.0,1.0,0.0,0.0,0.0,0.0,20.0,1.0,7.0,4.0,4.0,5.0,9.0,0.0,17.0,1.0,5.0,219.0
0.0,2.0,0.0,0.0,1.0,0.0,0.0,1.0,0.0,0.0,0.0,0.0,0.0,0.0,1.0,0.0,0.0,0.0,1.0,3.0,27.0,3.0,4.0,3.0,3.0,0.0,15.0,2.0,5.0,225.0
0.0,2.0,0.0,0.0,0.0,0.0,1.0,0.0,1.0,0.0,0.0,1.0,0.0,0.0,0.0,0.0,0.0,1.0,1.0,1.0,10.0,3.0,4.0,5.0,7.0,1.0,12.0,1.0,5.0,152.0
0.0,2.0,0.0,0.0,1.0,0.0,0.0,1.0,0.0,0.0,0.0,0.0,0.0,0.0,0.0,1.0,0.0,1.0,1.0,3.0,33.0,3.0,5.0,5.0,7.0,0.0,16.0,2.0,2.0,192.0
1.0,2.0,0.0,0.0,0.0,0.0,1.0,0.0,0.0,1.0,0.0,1.0,0.0,0.0,0.0,0.0,0.0,1.0,1.0,1.0,7.0,3.0,4.0,3.0,2.0,0.0,15.0,1.0,6.0,146.0
0.0,1.0,0.0,0.0,1.0,0.0,0.0,0.0,1.0,0.0,0.0,0.0,0.0,0.0,0.0,1.0,0.0,0.0,28.0,3.0,10.0,3.0,4.0,5.0,4.0,0.0,15.0,2.0,6.0,184.0
1.0,2.0,0.0,0.0,1.0,0.0,0.0,0.0,1.0,0.0,0.0,0.0,0.0,0.0,1.0,0.0,0.0,0.0,10.0,1.0,12.0,4.0,4.0,4.0,10.0,0.0,17.0,3.0,8.0,184.0
0.0,1.0,0.0,0.0,0.0,0.0,1.0,0.0,1.0,0.0,0.0,0.0,0.0,1.0,0.0,0.0,0.0,0.0,7.0,1.0,11.0,3.0,5.0,4.0,8.0,0.0,22.0,1.0,2.0,151.0
1.0,1.0,0.0,0.0,0.0,0.0,1.0,0.0,0.0,1.0,0.0,0.0,0.0,0.0,1.0,0.0,0.0,0.0,31.0,1.0,10.0,4.0,5.0,1.0,5.0,0.0,18.0,1.0,1.0,147.0
0.0,2.0,1.0,0.0,0.0,0.0,0.0,1.0,0.0,0.0,0.0,0.0,0.0,0.0,0.0,1.0,0.0,0.0,9.0,3.0,7.0,4.0,4.0,3.0,3.0,0.0,15.0,2.0,5.0,213.0
1.0,2.0,0.0,0.0,0.0,0.0,1.0,0.0,0.0,1.0,0.0,0.0,0.0,1.0,0.0,0.0,0.0,1.0,1.0,1.0,25.0,3.0,5.0,1.0,3.0,1.0,14.0,1.0,2.0,149.0
0.0,2.0,0.0,0.0,0.0,0.0,1.0,0.0,1.0,0.0,0.0,0.0,0.0,0.0,1.0,0.0,0.0,0.0,26.0,1.0,9.0,3.0,5.0,1.0,9.0,0.0,16.0,3.0,3.0,157.0
1.0,1.0,0.0,0.0,0.0,0.0,1.0,0.0,0.0,1.0,0.0,0.0,0.0,1.0,0.0,0.0,0.0,0.0,31.0,2.0,13.0,3.0,4.0,3.0,10.0,0.0,18.0,1.0,3.0,148.0
1.0,1.0,0.0,0.0,0.0,0.0,1.0,0.0,0.0,1.0,0.0,0.0,0.0,1.0,0.0,0.0,0.0,1.0,1.0,1.0,21.0,3.0,4.0,1.0,7.0,1.0,14.0,2.0,5.0,149.0
0.0,1.0,0.0,0.0,0.0,0.0,1.0,0.0,1.0,0.0,0.0,0.0,0.0,0.0,1.0,0.0,0.0,1.0,1.0,1.0,9.0,3.0,4.0,5.0,9.0,0.0,21.0,2.0,8.0,152.0
0.0,1.0,0.0,0.0,0.0,0.0,1.0,0.0,1.0,0.0,0.0,0.0,0.0,0.0,1.0,0.0,0.0,0.0,6.0,3.0,11.0,3.0,4.0,4.0,4.0,0.0,12.0,2.0,3.0,164.0
1.0,2.0,0.0,0.0,0.0,0.0,1.0,0.0,1.0,0.0,0.0,0.0,0.0,0.0,1.0,0.0,0.0,1.0,1.0,1.0,7.0,4.0,5.0,3.0,2.0,1.0,15.0,1.0,3.0,162.0
0.0,1.0,0.0,0.0,0.0,0.0,1.0,0.0,0.0,1.0,0.0,0.0,0.0,1.0,0.0,0.0,0.0,0.0,13.0,1.0,7.0,4.0,4.0,3.0,9.0,0.0,15.0,2.0,3.0,147.0
1.0,1.0,0.0,0.0,1.0,0.0,0.0,1.0,0.0,0.0,0.0,0.0,0.0,0.0,0.0,1.0,0.0,0.0,6.0,3.0,33.0,4.0,4.0,1.0,2.0,0.0,19.0,3.0,3.0,170.0
1.0,1.0,0.0,0.0,1.0,0.0,0.0,0.0,1.0,0.0,0.0,0.0,0.0,0.0,1.0,0.0,0.0,0.0,15.0,1.0,26.0,3.0,4.0,5.0,4.0,0.0,17.0,1.0,1.0,156.0
1.0,1.0,0.0,0.0,1.0,0.0,0.0,0.0,1.0,0.0,0.0,1.0,0.0,0.0,0.0,0.0,0.0,0.0,14.0,1.0,31.0,4.0,4.0,1.0,3.0,0.0,18.0,3.0,8.0,158.0
0.0,1.0,0.0,0.0,0.0,0.0,1.0,0.0,1.0,0.0,0.0,0.0,0.0,0.0,1.0,0.0,0.0,0.0,7.0,1.0,12.0,4.0,5.0,1.0,3.0,0.0,14.0,1.0,3.0,154.0
1.0,1.0,0.0,0.0,1.0,0.0,0.0,0.0,1.0,0.0,0.0,0.0,0.0,0.0,1.0,0.0,0.0,0.0,8.0,1.0,9.0,3.0,5.0,5.0,8.0,0.0,14.0,1.0,10.0,185.0
0.0,1.0,0.0,0.0,0.0,0.0,1.0,0.0,1.0,0.0,0.0,0.0,0.0,1.0,0.0,0.0,0.0,0.0,11.0,1.0,7.0,3.0,5.0,5.0,4.0,0.0,15.0,1.0,3.0,164.0
1.0,1.0,0.0,0.0,1.0,0.0,0.0,1.0,0.0,0.0,0.0,0.0,0.0,0.0,1.0,0.0,0.0,0.0,19.0,1.0,14.0,4.0,2.0,3.0,6.0,0.0,18.0,2.0,3.0,189.0
1.0,1.0,1.0,0.0,0.0,0.0,0.0,1.0,0.0,0.0,0.0,0.0,0.0,1.0,0.0,0.0,0.0,1.0,1.0,1.0,17.0,4.0,4.0,3.0,8.0,0.0,12.0,1.0,5.0,225.0
1.0,2.0,0.0,0.0,0.0,0.0,1.0,0.0,0.0,1.0,0.0,0.0,0.0,0.0,1.0,0.0,0.0,0.0,3.0,1.0,22.0,3.0,4.0,1.0,3.0,0.0,20.0,2.0,6.0,148.0
0.0,2.0,0.0,0.0,1.0,0.0,0.0,0.0,1.0,0.0,0.0,0.0,0.0,0.0,1.0,0.0,0.0,0.0,16.0,1.0,24.0,3.0,2.0,5.0,5.0,1.0,14.0,2.0,3.0,190.0
1.0,1.0,0.0,0.0,1.0,0.0,0.0,0.0,1.0,0.0,0.0,0.0,0.0,0.0,0.0,1.0,0.0,0.0,3.0,3.0,27.0,3.0,4.0,1.0,4.0,0.0,15.0,2.0,3.0,194.0
0.0,1.0,0.0,0.0,1.0,0.0,0.0,0.0,1.0,0.0,0.0,0.0,0.0,0.0,1.0,0.0,0.0,0.0,1.0,1.0,7.0,4.0,4.0,3.0,2.0,0.0,13.0,2.0,3.0,174.0
1.0,1.0,0.0,0.0,0.0,0.0,1.0,0.0,1.0,0.0,0.0,0.0,0.0,0.0,1.0,0.0,0.0,0.0,25.0,1.0,7.0,4.0,4.0,1.0,3.0,0.0,12.0,2.0,1.0,152.0
1.0,2.0,0.0,0.0,0.0,0.0,1.0,1.0,0.0,0.0,0.0,0.0,0.0,1.0,0.0,0.0,0.0,1.0,1.0,1.0,36.0,4.0,5.0,4.0,2.0,0.0,12.0,1.0,5.0,160.0
1.0,1.0,0.0,0.0,0.0,0.0,1.0,1.0,0.0,0.0,0.0,0.0,0.0,0.0,1.0,0.0,0.0,0.0,6.0,1.0,14.0,4.0,2.0,4.0,3.0,0.0,21.0,1.0,4.0,153.0
1.0,1.0,0.0,0.0,1.0,0.0,0.0,1.0,0.0,0.0,0.0,0.0,0.0,0.0,1.0,0.0,0.0,0.0,12.0,3.0,9.0,3.0,5.0,1.0,5.0,0.0,19.0,2.0,6.0,177.0
1.0,2.0,0.0,0.0,1.0,0.0,0.0,0.0,0.0,1.0,0.0,1.0,0.0,0.0,0.0,0.0,0.0,0.0,6.0,1.0,9.0,3.0,5.0,5.0,6.0,0.0,14.0,1.0,5.0,147.0
1.0,2.0,0.0,0.0,0.0,0.0,1.0,0.0,1.0,0.0,0.0,0.0,0.0,0.0,1.0,0.0,0.0,1.0,1.0,1.0,9.0,4.0,4.0,3.0,4.0,0.0,12.0,1.0,1.0,160.0
1.0,1.0,0.0,0.0,1.0,0.0,0.0,0.0,1.0,0.0,0.0,0.0,0.0,1.0,0.0,0.0,0.0,0.0,3.0,3.0,9.0,4.0,5.0,4.0,4.0,0.0,20.0,2.0,1.0,191.0
1.0,1.0,0.0,0.0,1.0,0.0,0.0,0.0,1.0,0.0,0.0,0.0,0.0,1.0,0.0,0.0,0.0,0.0,5.0,1.0,30.0,4.0,5.0,1.0,2.0,0.0,22.0,1.0,9.0,181.0
1.0,1.0,0.0,0.0,1.0,0.0,0.0,1.0,0.0,0.0,0.0,0.0,0.0,0.0,1.0,0.0,0.0,0.0,1.0,1.0,12.0,3.0,2.0,5.0,3.0,0.0,13.0,2.0,6.0,165.0
1.0,1.0,0.0,0.0,0.0,0.0,1.0,0.0,1.0,0.0,0.0,0.0,0.0,0.0,1.0,0.0,0.0,0.0,10.0,1.0,13.0,3.0,4.0,1.0,2.0,0.0,12.0,2.0,12.0,157.0
1.0,1.0,0.0,0.0,0.0,0.0,1.0,0.0,0.0,1.0,0.0,0.0,0.0,1.0,0.0,0.0,0.0,0.0,2.0,1.0,16.0,4.0,4.0,1.0,3.0,0.0,24.0,2.0,5.0,146.0
1.0,1.0,0.0,0.0,1.0,0.0,0.0,0.0,1.0,0.0,0.0,0.0,0.0,1.0,0.0,0.0,0.0,0.0,11.0,3.0,13.0,4.0,4.0,1.0,6.0,0.0,15.0,2.0,2.0,190.0
1.0,2.0,0.0,0.0,0.0,0.0,1.0,0.0,1.0,0.0,0.0,0.0,0.0,1.0,0.0,0.0,0.0,0.0,1.0,1.0,10.0,4.0,5.0,3.0,3.0,0.0,18.0,2.0,1.0,157.0
0.0,1.0,0.0,0.0,1.0,0.0,0.0,1.0,0.0,0.0,0.0,0.0,0.0,0.0,1.0,0.0,0.0,0.0,1.0,1.0,7.0,3.0,4.0,4.0,3.0,0.0,21.0,2.0,5.0,189.0
1.0,2.0,0.0,0.0,1.0,0.0,0.0,1.0,0.0,0.0,0.0,0.0,0.0,0.0,1.0,0.0,0.0,0.0,3.0,3.0,9.0,3.0,4.0,1.0,3.0,0.0,19.0,1.0,10.0,171.0
1.0,1.0,0.0,0.0,1.0,0.0,0.0,0.0,1.0,0.0,0.0,1.0,0.0,0.0,0.0,0.0,0.0,0.0,29.0,1.0,27.0,3.0,4.0,1.0,5.0,1.0,20.0,1.0,9.0,179.0
1.0,1.0,0.0,0.0,1.0,0.0,0.0,1.0,0.0,0.0,0.0,0.0,0.0,1.0,0.0,0.0,0.0,0.0,1.0,1.0,18.0,3.0,4.0,5.0,3.0,1.0,14.0,2.0,4.0,172.0
0.0,2.0,0.0,0.0,0.0,0.0,1.0,0.0,0.0,1.0,0.0,0.0,0.0,0.0,1.0,0.0,0.0,0.0,11.0,1.0,7.0,3.0,4.0,1.0,3.0,0.0,13.0,2.0,8.0,146.0
1.0,1.0,0.0,0.0,0.0,0.0,1.0,1.0,0.0,0.0,0.0,0.0,0.0,0.0,1.0,0.0,0.0,1.0,8.0,1.0,31.0,3.0,4.0,3.0,5.0,1.0,23.0,1.0,1.0,157.0
1.0,1.0,0.0,0.0,1.0,0.0,0.0,0.0,1.0,0.0,0.0,0.0,0.0,0.0,1.0,0.0,0.0,0.0,12.0,1.0,30.0,3.0,4.0,1.0,11.0,0.0,15.0,1.0,3.0,182.0
1.0,1.0,0.0,0.0,0.0,0.0,1.0,0.0,0.0,1.0,0.0,0.0,0.0,1.0,0.0,0.0,0.0,1.0,1.0,1.0,23.0,3.0,4.0,4.0,4.0,1.0,14.0,2.0,3.0,149.0
0.0,2.0,0.0,0.0,0.0,0.0,1.0,0.0,1.0,0.0,0.0,0.0,0.0,0.0,1.0,0.0,0.0,0.0,2.0,1.0,15.0,4.0,4.0,1.0,3.0,0.0,22.0,2.0,3.0,158.0
1.0,2.0,0.0,0.0,1.0,0.0,0.0,0.0,1.0,0.0,0.0,1.0,0.0,0.0,0.0,0.0,0.0,0.0,10.0,1.0,10.0,2.0,4.0,4.0,6.0,0.0,13.0,3.0,8.0,170.0
0.0,1.0,0.0,0.0,0.0,0.0,1.0,1.0,0.0,0.0,0.0,0.0,0.0,0.0,0.0,1.0,0.0,0.0,5.0,3.0,12.0,3.0,4.0,4.0,3.0,0.0,12.0,1.0,3.0,153.0
1.0,1.0,0.0,0.0,0.0,0.0,1.0,1.0,0.0,0.0,0.0,0.0,0.0,1.0,0.0,0.0,0.0,0.0,11.0,1.0,16.0,3.0,4.0,1.0,3.0,1.0,13.0,1.0,3.0,148.0
1.0,2.0,0.0,0.0,0.0,0.0,1.0,0.0,0.0,1.0,0.0,0.0,0.0,0.0,1.0,0.0,0.0,1.0,1.0,1.0,10.0,3.0,4.0,3.0,3.0,0.0,14.0,2.0,1.0,139.0
1.0,1.0,0.0,0.0,0.0,0.0,1.0,1.0,0.0,0.0,0.0,0.0,0.0,0.0,1.0,0.0,0.0,0.0,10.0,1.0,25.0,3.0,2.0,1.0,6.0,0.0,19.0,2.0,1.0,162.0
0.0,2.0,0.0,0.0,0.0,0.0,1.0,0.0,0.0,1.0,0.0,0.0,0.0,1.0,0.0,0.0,0.0,0.0,1.0,3.0,17.0,4.0,5.0,3.0,3.0,0.0,13.0,1.0,1.0,137.0
1.0,2.0,0.0,0.0,1.0,0.0,0.0,0.0,1.0,0.0,0.0,0.0,0.0,1.0,0.0,0.0,0.0,0.0,2.0,1.0,23.0,4.0,2.0,5.0,2.0,0.0,20.0,1.0,8.0,182.0
1.0,1.0,1.0,0.0,0.0,0.0,0.0,0.0,1.0,0.0,0.0,0.0,0.0,1.0,0.0,0.0,0.0,0.0,13.0,1.0,7.0,3.0,2.0,1.0,2.0,0.0,18.0,2.0,5.0,221.0
0.0,1.0,0.0,0.0,1.0,0.0,0.0,1.0,0.0,0.0,0.0,0.0,0.0,0.0,1.0,0.0,0.0,0.0,10.0,1.0,31.0,3.0,4.0,4.0,9.0,0.0,16.0,2.0,9.0,182.0
1.0,1.0,0.0,0.0,0.0,0.0,1.0,0.0,1.0,0.0,0.0,1.0,0.0,0.0,0.0,0.0,0.0,0.0,5.0,1.0,12.0,3.0,4.0,1.0,2.0,1.0,13.0,2.0,4.0,173.0
1.0,1.0,0.0,0.0,1.0,0.0,0.0,0.0,1.0,0.0,0.0,0.0,0.0,0.0,0.0,0.0,1.0,0.0,5.0,2.0,9.0,4.0,5.0,5.0,5.0,0.0,13.0,1.0,1.0,189.0
1.0,1.0,1.0,0.0,0.0,0.0,0.0,1.0,0.0,0.0,0.0,0.0,0.0,0.0,1.0,0.0,0.0,0.0,19.0,1.0,14.0,4.0,4.0,5.0,3.0,0.0,19.0,3.0,12.0,177.0
1.0,1.0,0.0,0.0,0.0,0.0,1.0,0.0,1.0,0.0,0.0,0.0,0.0,0.0,1.0,0.0,0.0,0.0,5.0,1.0,9.0,3.0,4.0,1.0,2.0,1.0,19.0,3.0,3.0,152.0
0.0,2.0,0.0,0.0,0.0,0.0,1.0,1.0,0.0,0.0,0.0,0.0,0.0,0.0,1.0,0.0,0.0,0.0,17.0,1.0,17.0,3.0,4.0,1.0,2.0,0.0,20.0,1.0,8.0,150.0
0.0,2.0,0.0,0.0,0.0,0.0,1.0,0.0,1.0,0.0,0.0,0.0,0.0,0.0,1.0,0.0,0.0,0.0,1.0,1.0,12.0,3.0,4.0,4.0,3.0,1.0,13.0,1.0,3.0,150.0
1.0,2.0,0.0,0.0,1.0,0.0,0.0,0.0,1.0,0.0,0.0,0.0,0.0,0.0,1.0,0.0,0.0,0.0,1.0,3.0,9.0,4.0,4.0,3.0,3.0,1.0,12.0,1.0,5.0,170.0
1.0,1.0,0.0,0.0,1.0,0.0,0.0,0.0,1.0,0.0,0.0,0.0,0.0,0.0,0.0,1.0,0.0,0.0,5.0,3.0,14.0,4.0,4.0,1.0,6.0,0.0,13.0,1.0,8.0,200.0
0.0,2.0,0.0,0.0,1.0,0.0,0.0,0.0,1.0,0.0,0.0,0.0,0.0,1.0,0.0,0.0,0.0,0.0,6.0,1.0,9.0,4.0,2.0,1.0,9.0,0.0,17.0,1.0,8.0,176.0
0.0,1.0,0.0,0.0,1.0,0.0,0.0,0.0,1.0,0.0,0.0,0.0,0.0,1.0,0.0,0.0,0.0,0.0,4.0,1.0,35.0,4.0,4.0,1.0,3.0,0.0,14.0,2.0,10.0,183.0
0.0,1.0,0.0,0.0,1.0,0.0,0.0,0.0,1.0,0.0,0.0,0.0,0.0,1.0,0.0,0.0,0.0,1.0,3.0,3.0,10.0,3.0,4.0,3.0,6.0,1.0,19.0,2.0,1.0,177.0
1.0,2.0,0.0,0.0,1.0,0.0,0.0,1.0,0.0,0.0,0.0,0.0,0.0,0.0,0.0,1.0,0.0,0.0,7.0,3.0,17.0,3.0,5.0,1.0,5.0,0.0,15.0,2.0,2.0,172.0
0.0,1.0,0.0,0.0,1.0,0.0,0.0,1.0,0.0,0.0,0.0,0.0,0.0,0.0,1.0,0.0,0.0,0.0,17.0,1.0,17.0,3.0,5.0,3.0,3.0,0.0,12.0,2.0,1.0,178.0
1.0,1.0,0.0,0.0,1.0,0.0,0.0,1.0,0.0,0.0,0.0,0.0,0.0,0.0,0.0,1.0,0.0,0.0,1.0,3.0,7.0,4.0,4.0,4.0,2.0,1.0,14.0,1.0,5.0,188.0
0.0,2.0,0.0,0.0,1.0,0.0,0.0,1.0,0.0,0.0,0.0,0.0,0.0,0.0,1.0,0.0,0.0,0.0,28.0,1.0,27.0,3.0,4.0,3.0,5.0,0.0,13.0,1.0,4.0,174.0
0.0,1.0,1.0,0.0,0.0,0.0,0.0,0.0,1.0,0.0,0.0,0.0,0.0,0.0,1.0,0.0,0.0,0.0,17.0,1.0,14.0,3.0,4.0,5.0,10.0,0.0,17.0,2.0,5.0,225.0
1.0,2.0,0.0,0.0,0.0,0.0,1.0,0.0,1.0,0.0,0.0,0.0,0.0,0.0,0.0,0.0,1.0,0.0,3.0,1.0,16.0,2.0,5.0,1.0,2.0,0.0,18.0,2.0,3.0,165.0
0.0,1.0,0.0,0.0,1.0,0.0,0.0,0.0,1.0,0.0,0.0,0.0,0.0,0.0,0.0,1.0,0.0,0.0,4.0,3.0,12.0,2.0,5.0,3.0,3.0,0.0,14.0,2.0,3.0,186.0
0.0,1.0,0.0,0.0,1.0,0.0,0.0,0.0,1.0,0.0,0.0,0.0,0.0,0.0,0.0,1.0,0.0,0.0,1.0,3.0,15.0,3.0,4.0,4.0,3.0,0.0,19.0,1.0,8.0,187.0
1.0,1.0,0.0,0.0,1.0,0.0,0.0,0.0,1.0,0.0,0.0,0.0,0.0,1.0,0.0,0.0,0.0,0.0,11.0,1.0,12.0,4.0,4.0,1.0,9.0,0.0,17.0,2.0,5.0,188.0
0.0,1.0,0.0,0.0,1.0,0.0,0.0,0.0,1.0,0.0,0.0,0.0,0.0,0.0,0.0,1.0,0.0,0.0,3.0,3.0,17.0,3.0,5.0,4.0,3.0,1.0,15.0,2.0,8.0,208.0
1.0,2.0,1.0,0.0,0.0,0.0,0.0,0.0,1.0,0.0,0.0,0.0,1.0,0.0,0.0,0.0,0.0,0.0,9.0,1.0,12.0,4.0,4.0,4.0,2.0,0.0,14.0,2.0,14.0,206.0
1.0,1.0,0.0,0.0,0.0,0.0,1.0,0.0,1.0,0.0,0.0,0.0,0.0,0.0,1.0,0.0,0.0,0.0,1.0,1.0,33.0,3.0,4.0,1.0,3.0,0.0,13.0,1.0,3.0,154.0
1.0,2.0,0.0,0.0,1.0,0.0,0.0,0.0,1.0,0.0,0.0,0.0,0.0,1.0,0.0,0.0,0.0,0.0,15.0,1.0,13.0,4.0,5.0,4.0,8.0,1.0,16.0,2.0,3.0,185.0
1.0,2.0,0.0,0.0,1.0,0.0,0.0,1.0,0.0,0.0,0.0,0.0,0.0,1.0,0.0,0.0,0.0,0.0,21.0,3.0,11.0,4.0,4.0,3.0,5.0,0.0,20.0,1.0,1.0,155.0
1.0,1.0,0.0,0.0,1.0,0.0,0.0,1.0,0.0,0.0,0.0,0.0,0.0,0.0,1.0,0.0,0.0,0.0,3.0,3.0,9.0,4.0,4.0,3.0,3.0,0.0,15.0,2.0,3.0,171.0
1.0,1.0,0.0,0.0,0.0,0.0,1.0,0.0,1.0,0.0,0.0,1.0,0.0,0.0,0.0,0.0,0.0,0.0,16.0,2.0,9.0,3.0,4.0,3.0,2.0,1.0,12.0,2.0,1.0,152.0
0.0,1.0,0.0,0.0,0.0,0.0,1.0,0.0,0.0,1.0,0.0,0.0,0.0,1.0,0.0,0.0,0.0,0.0,6.0,1.0,9.0,4.0,4.0,4.0,3.0,0.0,14.0,1.0,8.0,149.0
0.0,1.0,0.0,0.0,1.0,0.0,0.0,1.0,0.0,0.0,0.0,1.0,0.0,0.0,0.0,0.0,0.0,0.0,4.0,3.0,32.0,3.0,4.0,3.0,9.0,1.0,13.0,3.0,3.0,172.0
1.0,1.0,0.0,0.0,1.0,0.0,0.0,0.0,1.0,0.0,0.0,0.0,0.0,0.0,1.0,0.0,0.0,0.0,1.0,3.0,7.0,3.0,4.0,3.0,3.0,0.0,18.0,1.0,8.0,178.0
1.0,2.0,0.0,0.0,1.0,0.0,0.0,0.0,1.0,0.0,0.0,0.0,0.0,0.0,0.0,0.0,1.0,0.0,16.0,1.0,9.0,4.0,5.0,1.0,5.0,0.0,24.0,2.0,1.0,193.0
0.0,2.0,0.0,0.0,0.0,0.0,1.0,1.0,0.0,0.0,0.0,1.0,0.0,0.0,0.0,0.0,0.0,1.0,1.0,3.0,7.0,4.0,5.0,4.0,3.0,1.0,12.0,2.0,3.0,147.0
0.0,2.0,0.0,0.0,1.0,0.0,0.0,1.0,0.0,0.0,0.0,0.0,0.0,1.0,0.0,0.0,0.0,0.0,10.0,3.0,7.0,3.0,4.0,1.0,6.0,0.0,16.0,2.0,1.0,192.0
1.0,1.0,1.0,0.0,0.0,0.0,0.0,1.0,0.0,0.0,0.0,0.0,0.0,1.0,0.0,0.0,0.0,0.0,10.0,3.0,10.0,3.0,5.0,1.0,6.0,0.0,12.0,1.0,5.0,222.0
1.0,1.0,0.0,0.0,1.0,0.0,0.0,0.0,1.0,0.0,0.0,0.0,0.0,1.0,0.0,0.0,0.0,0.0,31.0,1.0,7.0,3.0,4.0,3.0,4.0,0.0,12.0,1.0,3.0,193.0
0.0,1.0,0.0,0.0,0.0,0.0,1.0,0.0,0.0,1.0,0.0,0.0,0.0,0.0,1.0,0.0,0.0,0.0,14.0,1.0,17.0,3.0,2.0,3.0,5.0,1.0,14.0,1.0,8.0,147.0
1.0,2.0,0.0,0.0,0.0,0.0,1.0,1.0,0.0,0.0,0.0,0.0,0.0,1.0,0.0,0.0,0.0,0.0,1.0,3.0,16.0,3.0,4.0,1.0,3.0,0.0,25.0,3.0,3.0,151.0
0.0,2.0,0.0,0.0,0.0,0.0,1.0,0.0,1.0,0.0,0.0,0.0,0.0,0.0,0.0,1.0,0.0,1.0,1.0,3.0,12.0,3.0,4.0,3.0,3.0,1.0,14.0,1.0,1.0,154.0
0.0,1.0,0.0,0.0,0.0,0.0,1.0,0.0,1.0,0.0,0.0,0.0,0.0,1.0,0.0,0.0,0.0,0.0,11.0,1.0,17.0,4.0,4.0,5.0,8.0,0.0,21.0,2.0,4.0,160.0
0.0,1.0,0.0,0.0,1.0,0.0,0.0,1.0,0.0,0.0,0.0,0.0,0.0,1.0,0.0,0.0,0.0,0.0,20.0,1.0,14.0,2.0,4.0,3.0,4.0,0.0,15.0,2.0,1.0,178.0
1.0,1.0,0.0,0.0,1.0,0.0,0.0,0.0,1.0,0.0,0.0,0.0,0.0,0.0,0.0,1.0,0.0,1.0,4.0,3.0,29.0,4.0,5.0,3.0,4.0,1.0,13.0,2.0,1.0,189.0
1.0,2.0,0.0,0.0,0.0,0.0,1.0,0.0,1.0,0.0,0.0,0.0,0.0,0.0,1.0,0.0,0.0,0.0,5.0,1.0,16.0,3.0,5.0,4.0,2.0,1.0,17.0,3.0,3.0,152.0
0.0,2.0,0.0,0.0,0.0,0.0,1.0,0.0,1.0,0.0,0.0,0.0,0.0,0.0,1.0,0.0,0.0,1.0,1.0,3.0,19.0,3.0,2.0,4.0,3.0,0.0,16.0,1.0,1.0,152.0
1.0,2.0,0.0,0.0,0.0,0.0,1.0,0.0,0.0,1.0,0.0,0.0,0.0,0.0,1.0,0.0,0.0,0.0,3.0,1.0,30.0,3.0,4.0,1.0,11.0,0.0,17.0,1.0,3.0,147.0
1.0,2.0,0.0,0.0,1.0,0.0,0.0,0.0,1.0,0.0,0.0,0.0,0.0,0.0,1.0,0.0,0.0,0.0,9.0,1.0,16.0,4.0,5.0,4.0,11.0,0.0,20.0,1.0,1.0,190.0
1.0,1.0,0.0,0.0,0.0,0.0,1.0,0.0,1.0,0.0,0.0,0.0,0.0,1.0,0.0,0.0,0.0,0.0,1.0,1.0,7.0,3.0,4.0,4.0,3.0,0.0,12.0,1.0,5.0,163.0
1.0,2.0,0.0,0.0,1.0,0.0,0.0,0.0,1.0,0.0,0.0,0.0,0.0,0.0,1.0,0.0,0.0,0.0,2.0,3.0,16.0,4.0,4.0,1.0,3.0,0.0,17.0,2.0,8.0,178.0
0.0,1.0,0.0,0.0,1.0,0.0,0.0,0.0,1.0,0.0,0.0,0.0,0.0,0.0,1.0,0.0,0.0,0.0,25.0,3.0,21.0,3.0,4.0,1.0,6.0,0.0,12.0,2.0,8.0,174.0
0.0,1.0,0.0,0.0,0.0,0.0,1.0,0.0,1.0,0.0,0.0,0.0,0.0,0.0,1.0,0.0,0.0,0.0,10.0,1.0,9.0,4.0,4.0,3.0,6.0,0.0,14.0,3.0,3.0,150.0
1.0,2.0,0.0,0.0,1.0,0.0,0.0,1.0,0.0,0.0,0.0,0.0,0.0,0.0,0.0,1.0,0.0,1.0,1.0,3.0,26.0,4.0,2.0,1.0,10.0,1.0,14.0,1.0,5.0,178.0
0.0,1.0,0.0,0.0,1.0,0.0,0.0,0.0,1.0,0.0,0.0,0.0,0.0,0.0,0.0,1.0,0.0,0.0,1.0,3.0,17.0,4.0,4.0,3.0,3.0,1.0,13.0,1.0,4.0,168.0
1.0,1.0,0.0,0.0,0.0,0.0,1.0,0.0,1.0,0.0,0.0,1.0,0.0,0.0,0.0,0.0,0.0,0.0,4.0,3.0,9.0,4.0,4.0,4.0,3.0,0.0,19.0,2.0,1.0,150.0
1.0,2.0,0.0,0.0,0.0,0.0,1.0,1.0,0.0,0.0,0.0,1.0,0.0,0.0,0.0,0.0,0.0,1.0,1.0,1.0,10.0,4.0,4.0,5.0,2.0,0.0,23.0,1.0,5.0,156.0
0.0,1.0,0.0,0.0,0.0,0.0,1.0,0.0,0.0,1.0,0.0,0.0,0.0,1.0,0.0,0.0,0.0,0.0,1.0,1.0,18.0,3.0,4.0,4.0,3.0,0.0,14.0,2.0,3.0,147.0
1.0,2.0,0.0,0.0,0.0,0.0,1.0,1.0,0.0,0.0,0.0,1.0,0.0,0.0,0.0,0.0,0.0,1.0,1.0,1.0,11.0,3.0,4.0,1.0,11.0,1.0,24.0,2.0,1.0,148.0
0.0,1.0,0.0,0.0,1.0,0.0,0.0,0.0,1.0,0.0,0.0,0.0,0.0,0.0,0.0,1.0,0.0,0.0,14.0,3.0,9.0,3.0,4.0,4.0,9.0,0.0,13.0,1.0,4.0,182.0
0.0,1.0,0.0,0.0,0.0,0.0,1.0,0.0,1.0,0.0,0.0,0.0,0.0,0.0,1.0,0.0,0.0,0.0,16.0,1.0,7.0,4.0,4.0,5.0,5.0,0.0,17.0,1.0,3.0,151.0
1.0,2.0,0.0,0.0,1.0,0.0,0.0,0.0,1.0,0.0,0.0,0.0,0.0,0.0,1.0,0.0,0.0,0.0,11.0,1.0,17.0,3.0,4.0,4.0,4.0,1.0,13.0,1.0,2.0,167.0
0.0,1.0,0.0,0.0,1.0,0.0,0.0,0.0,1.0,0.0,0.0,0.0,0.0,1.0,0.0,0.0,0.0,0.0,14.0,1.0,9.0,4.0,5.0,3.0,8.0,0.0,23.0,2.0,1.0,159.0
0.0,1.0,0.0,0.0,1.0,0.0,0.0,1.0,0.0,0.0,0.0,0.0,0.0,0.0,0.0,1.0,0.0,0.0,8.0,3.0,11.0,4.0,4.0,3.0,11.0,0.0,16.0,1.0,3.0,190.0
1.0,1.0,0.0,0.0,0.0,0.0,1.0,1.0,0.0,0.0,0.0,0.0,0.0,1.0,0.0,0.0,0.0,0.0,17.0,1.0,28.0,4.0,4.0,1.0,9.0,0.0,21.0,2.0,3.0,148.0
0.0,1.0,0.0,0.0,1.0,0.0,0.0,0.0,1.0,0.0,0.0,0.0,0.0,0.0,0.0,0.0,1.0,0.0,17.0,1.0,15.0,4.0,4.0,3.0,6.0,1.0,15.0,2.0,3.0,170.0
0.0,2.0,0.0,0.0,1.0,0.0,0.0,0.0,1.0,0.0,0.0,0.0,0.0,0.0,1.0,0.0,0.0,0.0,1.0,3.0,11.0,4.0,5.0,1.0,3.0,1.0,12.0,1.0,4.0,170.0
1.0,1.0,1.0,0.0,0.0,0.0,0.0,0.0,1.0,0.0,0.0,0.0,0.0,0.0,0.0,1.0,0.0,0.0,15.0,3.0,7.0,3.0,2.0,5.0,3.0,0.0,17.0,2.0,8.0,209.0
1.0,1.0,0.0,0.0,1.0,0.0,0.0,0.0,1.0,0.0,0.0,0.0,0.0,1.0,0.0,0.0,0.0,0.0,2.0,1.0,24.0,4.0,4.0,5.0,3.0,0.0,13.0,1.0,9.0,171.0
1.0,1.0,0.0,0.0,0.0,0.0,1.0,0.0,1.0,0.0,0.0,0.0,0.0,1.0,0.0,0.0,0.0,1.0,1.0,1.0,10.0,4.0,4.0,5.0,7.0,0.0,14.0,2.0,3.0,165.0
1.0,1.0,1.0,0.0,0.0,0.0,0.0,0.0,1.0,0.0,0.0,0.0,0.0,1.0,0.0,0.0,0.0,0.0,26.0,1.0,10.0,3.0,5.0,3.0,4.0,1.0,15.0,2.0,5.0,205.0
1.0,1.0,0.0,0.0,0.0,0.0,1.0,0.0,1.0,0.0,0.0,0.0,0.0,0.0,1.0,0.0,0.0,0.0,19.0,1.0,17.0,4.0,4.0,1.0,5.0,0.0,22.0,1.0,3.0,152.0
0.0,1.0,0.0,0.0,1.0,0.0,0.0,1.0,0.0,0.0,0.0,0.0,0.0,0.0,1.0,0.0,0.0,0.0,16.0,1.0,36.0,4.0,4.0,3.0,4.0,0.0,12.0,2.0,3.0,171.0
0.0,1.0,0.0,0.0,1.0,0.0,0.0,0.0,1.0,0.0,0.0,0.0,0.0,1.0,0.0,0.0,0.0,0.0,20.0,1.0,25.0,3.0,4.0,3.0,4.0,0.0,15.0,2.0,9.0,173.0
0.0,1.0,0.0,0.0,1.0,0.0,0.0,1.0,0.0,0.0,0.0,1.0,0.0,0.0,0.0,0.0,0.0,0.0,16.0,1.0,35.0,3.0,5.0,1.0,2.0,0.0,12.0,1.0,5.0,170.0
0.0,2.0,0.0,0.0,0.0,0.0,1.0,0.0,1.0,0.0,0.0,1.0,0.0,0.0,0.0,0.0,0.0,1.0,1.0,3.0,7.0,4.0,4.0,4.0,3.0,1.0,17.0,1.0,5.0,157.0
1.0,1.0,0.0,0.0,0.0,0.0,1.0,1.0,0.0,0.0,0.0,0.0,0.0,0.0,1.0,0.0,0.0,0.0,12.0,1.0,9.0,3.0,4.0,1.0,3.0,1.0,24.0,2.0,1.0,142.0
0.0,1.0,0.0,0.0,0.0,0.0,1.0,0.0,1.0,0.0,0.0,0.0,0.0,0.0,1.0,0.0,0.0,0.0,1.0,1.0,30.0,3.0,4.0,1.0,3.0,0.0,23.0,1.0,3.0,154.0
1.0,1.0,0.0,0.0,0.0,0.0,1.0,1.0,0.0,0.0,0.0,0.0,0.0,0.0,1.0,0.0,0.0,0.0,4.0,1.0,10.0,3.0,4.0,1.0,6.0,0.0,16.0,2.0,5.0,146.0
0.0,1.0,0.0,0.0,0.0,0.0,1.0,0.0,1.0,0.0,0.0,1.0,0.0,0.0,0.0,0.0,0.0,1.0,1.0,1.0,32.0,4.0,5.0,4.0,7.0,0.0,17.0,2.0,2.0,150.0
1.0,2.0,0.0,0.0,0.0,0.0,1.0,0.0,1.0,0.0,0.0,1.0,0.0,0.0,0.0,0.0,0.0,1.0,1.0,2.0,9.0,3.0,5.0,1.0,3.0,0.0,13.0,1.0,1.0,151.0
0.0,2.0,0.0,0.0,0.0,0.0,1.0,1.0,0.0,0.0,0.0,0.0,0.0,1.0,0.0,0.0,0.0,0.0,4.0,1.0,9.0,3.0,4.0,1.0,2.0,0.0,15.0,2.0,8.0,151.0
0.0,1.0,0.0,0.0,1.0,0.0,0.0,0.0,1.0,0.0,0.0,0.0,0.0,1.0,0.0,0.0,0.0,0.0,21.0,1.0,9.0,4.0,4.0,1.0,7.0,0.0,14.0,1.0,5.0,176.0
0.0,2.0,0.0,0.0,1.0,0.0,0.0,0.0,1.0,0.0,0.0,0.0,0.0,0.0,1.0,0.0,0.0,0.0,28.0,1.0,6.0,3.0,4.0,3.0,9.0,0.0,12.0,1.0,1.0,163.0
0.0,1.0,1.0,0.0,0.0,0.0,0.0,0.0,1.0,0.0,0.0,0.0,0.0,0.0,0.0,1.0,0.0,0.0,6.0,3.0,17.0,4.0,5.0,1.0,4.0,1.0,20.0,1.0,5.0,216.0
1.0,2.0,0.0,0.0,0.0,0.0,1.0,0.0,1.0,0.0,0.0,0.0,0.0,0.0,0.0,1.0,0.0,0.0,4.0,3.0,14.0,3.0,4.0,4.0,2.0,0.0,15.0,1.0,3.0,155.0
1.0,1.0,1.0,0.0,0.0,0.0,0.0,0.0,1.0,0.0,0.0,0.0,0.0,0.0,1.0,0.0,0.0,0.0,9.0,1.0,23.0,4.0,4.0,3.0,6.0,1.0,13.0,1.0,1.0,201.0
1.0,1.0,1.0,0.0,0.0,0.0,0.0,1.0,0.0,0.0,0.0,0.0,0.0,0.0,1.0,0.0,0.0,1.0,1.0,1.0,27.0,4.0,4.0,3.0,5.0,0.0,13.0,2.0,5.0,223.0
0.0,1.0,1.0,0.0,0.0,0.0,0.0,1.0,0.0,0.0,0.0,0.0,0.0,0.0,0.0,0.0,1.0,1.0,1.0,2.0,30.0,3.0,4.0,5.0,11.0,1.0,16.0,2.0,5.0,225.0
1.0,1.0,0.0,0.0,0.0,0.0,1.0,1.0,0.0,0.0,0.0,0.0,0.0,0.0,0.0,0.0,1.0,0.0,16.0,1.0,12.0,4.0,4.0,3.0,6.0,0.0,18.0,1.0,1.0,146.0
1.0,2.0,0.0,0.0,0.0,0.0,1.0,1.0,0.0,0.0,0.0,1.0,0.0,0.0,0.0,0.0,0.0,1.0,1.0,1.0,11.0,4.0,5.0,3.0,7.0,0.0,17.0,1.0,3.0,164.0
1.0,2.0,0.0,0.0,1.0,0.0,0.0,1.0,0.0,0.0,0.0,0.0,0.0,0.0,1.0,0.0,0.0,0.0,15.0,3.0,17.0,3.0,4.0,1.0,9.0,0.0,15.0,1.0,11.0,187.0
1.0,1.0,0.0,0.0,1.0,0.0,0.0,0.0,1.0,0.0,0.0,0.0,0.0,0.0,0.0,1.0,0.0,0.0,9.0,3.0,7.0,3.0,4.0,3.0,11.0,0.0,12.0,1.0,10.0,172.0
0.0,1.0,0.0,0.0,0.0,0.0,1.0,1.0,0.0,0.0,0.0,0.0,0.0,0.0,1.0,0.0,0.0,0.0,13.0,1.0,15.0,3.0,4.0,3.0,3.0,0.0,12.0,2.0,8.0,163.0
1.0,2.0,0.0,0.0,1.0,0.0,0.0,0.0,1.0,0.0,0.0,0.0,0.0,0.0,1.0,0.0,0.0,0.0,5.0,3.0,9.0,4.0,4.0,1.0,6.0,1.0,14.0,2.0,6.0,191.0
0.0,1.0,0.0,0.0,0.0,0.0,1.0,1.0,0.0,0.0,0.0,0.0,0.0,0.0,1.0,0.0,0.0,1.0,1.0,2.0,24.0,3.0,4.0,3.0,2.0,1.0,12.0,1.0,1.0,152.0
1.0,1.0,0.0,0.0,1.0,0.0,0.0,0.0,1.0,0.0,0.0,1.0,0.0,0.0,0.0,0.0,0.0,0.0,3.0,1.0,26.0,3.0,4.0,1.0,6.0,0.0,13.0,2.0,3.0,168.0
1.0,2.0,0.0,0.0,0.0,0.0,1.0,1.0,0.0,0.0,0.0,0.0,0.0,0.0,0.0,1.0,0.0,1.0,1.0,3.0,12.0,4.0,4.0,4.0,3.0,1.0,15.0,2.0,1.0,144.0
0.0,2.0,0.0,0.0,1.0,0.0,0.0,1.0,0.0,0.0,0.0,0.0,0.0,0.0,0.0,0.0,1.0,0.0,15.0,1.0,9.0,4.0,5.0,3.0,4.0,1.0,18.0,1.0,8.0,193.0
1.0,1.0,0.0,0.0,1.0,0.0,0.0,0.0,1.0,0.0,0.0,0.0,0.0,1.0,0.0,0.0,0.0,0.0,1.0,3.0,36.0,3.0,4.0,3.0,7.0,0.0,13.0,1.0,1.0,168.0
0.0,2.0,0.0,0.0,1.0,0.0,0.0,0.0,1.0,0.0,0.0,0.0,0.0,1.0,0.0,0.0,0.0,0.0,9.0,3.0,7.0,4.0,4.0,3.0,3.0,0.0,17.0,2.0,4.0,174.0
1.0,2.0,0.0,0.0,1.0,0.0,0.0,0.0,1.0,0.0,0.0,0.0,0.0,0.0,1.0,0.0,0.0,0.0,8.0,3.0,28.0,4.0,2.0,1.0,3.0,0.0,13.0,1.0,8.0,178.0
0.0,2.0,1.0,0.0,0.0,0.0,0.0,0.0,1.0,0.0,0.0,0.0,1.0,0.0,0.0,0.0,0.0,0.0,11.0,1.0,7.0,3.0,4.0,1.0,6.0,0.0,18.0,2.0,3.0,200.0
1.0,1.0,1.0,0.0,0.0,0.0,0.0,1.0,0.0,0.0,0.0,0.0,0.0,1.0,0.0,0.0,0.0,0.0,11.0,3.0,16.0,4.0,4.0,4.0,3.0,0.0,14.0,2.0,5.0,213.0
1.0,1.0,0.0,0.0,1.0,0.0,0.0,0.0,1.0,0.0,0.0,1.0,0.0,0.0,0.0,0.0,0.0,0.0,26.0,1.0,13.0,4.0,4.0,5.0,5.0,1.0,13.0,3.0,10.0,181.0
1.0,1.0,0.0,0.0,1.0,0.0,0.0,1.0,0.0,0.0,0.0,0.0,0.0,0.0,0.0,0.0,1.0,1.0,1.0,3.0,18.0,3.0,2.0,3.0,10.0,0.0,13.0,2.0,3.0,172.0
1.0,1.0,0.0,0.0,0.0,0.0,1.0,1.0,0.0,0.0,0.0,0.0,0.0,1.0,0.0,0.0,0.0,0.0,1.0,3.0,31.0,3.0,4.0,1.0,2.0,0.0,14.0,2.0,2.0,149.0
0.0,1.0,0.0,0.0,1.0,0.0,0.0,0.0,1.0,0.0,0.0,0.0,0.0,1.0,0.0,0.0,0.0,0.0,12.0,1.0,17.0,4.0,4.0,3.0,5.0,0.0,20.0,1.0,5.0,223.0
1.0,1.0,0.0,0.0,0.0,0.0,1.0,0.0,1.0,0.0,0.0,0.0,0.0,1.0,0.0,0.0,0.0,0.0,1.0,1.0,30.0,3.0,2.0,1.0,3.0,1.0,12.0,1.0,5.0,152.0
1.0,1.0,0.0,0.0,1.0,0.0,0.0,0.0,1.0,0.0,0.0,0.0,0.0,0.0,0.0,1.0,0.0,0.0,1.0,3.0,35.0,4.0,4.0,4.0,3.0,0.0,21.0,1.0,5.0,188.0
1.0,1.0,0.0,0.0,0.0,0.0,1.0,0.0,0.0,1.0,0.0,0.0,0.0,0.0,0.0,0.0,1.0,0.0,1.0,1.0,24.0,4.0,5.0,4.0,3.0,0.0,22.0,2.0,1.0,146.0
1.0,1.0,0.0,0.0,0.0,0.0,1.0,0.0,0.0,1.0,0.0,0.0,0.0,1.0,0.0,0.0,0.0,0.0,1.0,3.0,20.0,3.0,4.0,3.0,3.0,0.0,12.0,2.0,7.0,146.0
0.0,1.0,0.0,0.0,0.0,0.0,1.0,1.0,0.0,0.0,0.0,0.0,0.0,0.0,1.0,0.0,0.0,1.0,1.0,1.0,14.0,3.0,4.0,3.0,3.0,1.0,17.0,1.0,3.0,154.0
1.0,1.0,0.0,0.0,0.0,0.0,1.0,1.0,0.0,0.0,0.0,0.0,0.0,0.0,1.0,0.0,0.0,1.0,1.0,3.0,19.0,4.0,5.0,5.0,3.0,0.0,19.0,2.0,1.0,145.0
1.0,1.0,0.0,0.0,0.0,0.0,1.0,0.0,1.0,0.0,0.0,0.0,0.0,0.0,1.0,0.0,0.0,0.0,8.0,1.0,7.0,3.0,5.0,1.0,3.0,1.0,14.0,2.0,4.0,161.0
1.0,1.0,0.0,0.0,1.0,0.0,0.0,0.0,1.0,0.0,0.0,0.0,0.0,1.0,0.0,0.0,0.0,1.0,1.0,3.0,20.0,3.0,4.0,5.0,4.0,0.0,18.0,1.0,3.0,167.0
1.0,2.0,0.0,0.0,1.0,0.0,0.0,0.0,1.0,0.0,0.0,0.0,0.0,0.0,0.0,0.0,1.0,0.0,9.0,1.0,32.0,3.0,5.0,1.0,6.0,0.0,15.0,2.0,3.0,162.0
0.0,1.0,0.0,0.0,0.0,0.0,1.0,0.0,0.0,1.0,0.0,0.0,0.0,1.0,0.0,0.0,0.0,0.0,1.0,1.0,13.0,4.0,5.0,3.0,2.0,0.0,13.0,1.0,4.0,147.0
1.0,1.0,0.0,0.0,1.0,0.0,0.0,0.0,1.0,0.0,0.0,0.0,0.0,0.0,0.0,1.0,0.0,0.0,11.0,3.0,9.0,4.0,4.0,3.0,6.0,1.0,12.0,1.0,5.0,221.0
0.0,2.0,0.0,0.0,0.0,0.0,1.0,0.0,1.0,0.0,0.0,0.0,0.0,0.0,1.0,0.0,0.0,0.0,1.0,1.0,7.0,3.0,5.0,4.0,3.0,0.0,14.0,1.0,1.0,153.0
0.0,1.0,0.0,0.0,1.0,0.0,0.0,0.0,1.0,0.0,0.0,0.0,0.0,0.0,1.0,0.0,0.0,0.0,16.0,1.0,9.0,3.0,4.0,1.0,3.0,0.0,14.0,1.0,3.0,166.0
0.0,2.0,0.0,0.0,0.0,0.0,1.0,0.0,1.0,0.0,0.0,0.0,0.0,0.0,1.0,0.0,0.0,0.0,12.0,1.0,7.0,3.0,4.0,5.0,5.0,0.0,18.0,1.0,1.0,151.0
1.0,1.0,0.0,0.0,1.0,0.0,0.0,1.0,0.0,0.0,0.0,0.0,0.0,1.0,0.0,0.0,0.0,0.0,17.0,1.0,16.0,4.0,4.0,3.0,5.0,1.0,14.0,2.0,8.0,182.0
0.0,2.0,0.0,0.0,1.0,0.0,0.0,0.0,1.0,0.0,0.0,0.0,0.0,0.0,1.0,0.0,0.0,0.0,18.0,2.0,7.0,3.0,5.0,3.0,6.0,0.0,12.0,2.0,3.0,185.0
0.0,1.0,0.0,0.0,0.0,0.0,1.0,0.0,1.0,0.0,0.0,1.0,0.0,0.0,0.0,0.0,0.0,0.0,8.0,3.0,21.0,3.0,4.0,3.0,3.0,1.0,19.0,2.0,7.0,151.0
1.0,1.0,0.0,0.0,0.0,0.0,1.0,0.0,1.0,0.0,0.0,0.0,0.0,0.0,0.0,1.0,0.0,1.0,1.0,3.0,9.0,3.0,4.0,5.0,2.0,0.0,12.0,2.0,3.0,155.0
1.0,2.0,0.0,0.0,0.0,0.0,1.0,0.0,1.0,0.0,0.0,1.0,0.0,0.0,0.0,0.0,0.0,0.0,1.0,3.0,29.0,3.0,4.0,3.0,3.0,0.0,12.0,1.0,3.0,159.0
1.0,1.0,0.0,0.0,0.0,0.0,1.0,0.0,1.0,0.0,0.0,0.0,0.0,1.0,0.0,0.0,0.0,0.0,1.0,1.0,13.0,4.0,4.0,3.0,2.0,0.0,21.0,2.0,3.0,153.0
1.0,1.0,0.0,0.0,1.0,0.0,0.0,0.0,1.0,0.0,0.0,0.0,0.0,0.0,0.0,1.0,0.0,0.0,7.0,3.0,15.0,3.0,4.0,3.0,2.0,0.0,13.0,1.0,3.0,196.0
0.0,1.0,0.0,0.0,1.0,0.0,0.0,0.0,1.0,0.0,0.0,0.0,0.0,0.0,1.0,0.0,0.0,0.0,6.0,1.0,16.0,4.0,4.0,1.0,3.0,1.0,13.0,2.0,6.0,188.0
0.0,1.0,0.0,0.0,0.0,0.0,1.0,1.0,0.0,0.0,0.0,0.0,0.0,1.0,0.0,0.0,0.0,0.0,4.0,1.0,10.0,4.0,4.0,3.0,3.0,0.0,21.0,2.0,1.0,146.0
1.0,1.0,0.0,0.0,0.0,0.0,1.0,0.0,1.0,0.0,0.0,0.0,0.0,0.0,1.0,0.0,0.0,0.0,8.0,1.0,7.0,3.0,4.0,1.0,3.0,0.0,13.0,2.0,9.0,152.0
0.0,1.0,0.0,0.0,1.0,0.0,0.0,1.0,0.0,0.0,0.0,0.0,0.0,0.0,1.0,0.0,0.0,1.0,9.0,3.0,33.0,4.0,4.0,5.0,4.0,0.0,15.0,1.0,1.0,168.0
0.0,1.0,0.0,0.0,1.0,0.0,0.0,0.0,1.0,0.0,0.0,0.0,0.0,1.0,0.0,0.0,0.0,0.0,3.0,3.0,10.0,4.0,4.0,3.0,3.0,0.0,15.0,1.0,3.0,181.0
1.0,1.0,0.0,0.0,1.0,0.0,0.0,0.0,1.0,0.0,0.0,0.0,0.0,1.0,0.0,0.0,0.0,0.0,10.0,1.0,16.0,3.0,5.0,4.0,4.0,1.0,12.0,1.0,5.0,213.0
1.0,2.0,0.0,0.0,0.0,0.0,1.0,0.0,0.0,1.0,0.0,0.0,0.0,1.0,0.0,0.0,0.0,0.0,1.0,1.0,10.0,3.0,5.0,1.0,2.0,0.0,14.0,2.0,2.0,145.0
1.0,2.0,0.0,0.0,0.0,1.0,0.0,0.0,0.0,1.0,0.0,0.0,0.0,1.0,0.0,0.0,0.0,1.0,1.0,1.0,17.0,3.0,4.0,3.0,3.0,1.0,12.0,2.0,2.0,135.0
1.0,1.0,0.0,0.0,0.0,0.0,1.0,1.0,0.0,0.0,0.0,0.0,0.0,0.0,1.0,0.0,0.0,0.0,9.0,1.0,10.0,3.0,5.0,3.0,3.0,0.0,19.0,2.0,1.0,138.0
1.0,1.0,0.0,0.0,0.0,0.0,1.0,0.0,1.0,0.0,0.0,0.0,0.0,1.0,0.0,0.0,0.0,0.0,1.0,1.0,11.0,3.0,2.0,5.0,4.0,0.0,17.0,1.0,3.0,153.0
1.0,1.0,0.0,0.0,1.0,0.0,0.0,0.0,1.0,0.0,0.0,0.0,0.0,0.0,1.0,0.0,0.0,0.0,1.0,3.0,15.0,3.0,2.0,4.0,2.0,0.0,23.0,2.0,3.0,174.0
0.0,2.0,0.0,0.0,1.0,0.0,0.0,0.0,1.0,0.0,0.0,0.0,0.0,0.0,0.0,1.0,0.0,0.0,12.0,3.0,14.0,3.0,5.0,1.0,2.0,0.0,21.0,2.0,6.0,165.0
1.0,1.0,0.0,0.0,1.0,0.0,0.0,0.0,1.0,0.0,0.0,0.0,0.0,0.0,0.0,1.0,0.0,0.0,22.0,3.0,9.0,3.0,2.0,4.0,5.0,0.0,13.0,1.0,3.0,206.0
0.0,1.0,0.0,0.0,1.0,0.0,0.0,1.0,0.0,0.0,0.0,0.0,0.0,1.0,0.0,0.0,0.0,0.0,1.0,3.0,10.0,4.0,2.0,1.0,3.0,1.0,21.0,2.0,5.0,171.0
1.0,2.0,0.0,0.0,0.0,0.0,1.0,0.0,1.0,0.0,0.0,0.0,0.0,0.0,1.0,0.0,0.0,0.0,11.0,1.0,17.0,4.0,2.0,1.0,5.0,0.0,18.0,2.0,1.0,172.0
1.0,1.0,0.0,0.0,0.0,0.0,1.0,0.0,1.0,0.0,0.0,0.0,0.0,1.0,0.0,0.0,0.0,0.0,24.0,1.0,35.0,4.0,2.0,3.0,3.0,1.0,12.0,1.0,9.0,157.0
0.0,2.0,0.0,0.0,1.0,0.0,0.0,0.0,1.0,0.0,0.0,0.0,0.0,0.0,1.0,0.0,0.0,1.0,1.0,3.0,10.0,4.0,4.0,3.0,11.0,0.0,15.0,2.0,1.0,171.0
0.0,2.0,0.0,0.0,1.0,0.0,0.0,0.0,1.0,0.0,0.0,1.0,0.0,0.0,0.0,0.0,0.0,0.0,13.0,1.0,9.0,4.0,5.0,3.0,3.0,0.0,12.0,2.0,11.0,171.0
1.0,2.0,0.0,0.0,1.0,0.0,0.0,0.0,1.0,0.0,0.0,0.0,0.0,0.0,0.0,1.0,0.0,0.0,6.0,3.0,17.0,3.0,4.0,1.0,3.0,0.0,13.0,2.0,9.0,179.0
1.0,1.0,0.0,0.0,1.0,0.0,0.0,1.0,0.0,0.0,0.0,0.0,1.0,0.0,0.0,0.0,0.0,1.0,14.0,3.0,15.0,3.0,4.0,3.0,5.0,1.0,15.0,1.0,4.0,193.0
0.0,2.0,0.0,0.0,1.0,0.0,0.0,0.0,1.0,0.0,0.0,0.0,0.0,0.0,1.0,0.0,0.0,0.0,12.0,1.0,7.0,3.0,2.0,1.0,2.0,0.0,14.0,1.0,9.0,201.0
0.0,1.0,1.0,0.0,0.0,0.0,0.0,0.0,1.0,0.0,0.0,0.0,0.0,0.0,1.0,0.0,0.0,0.0,1.0,1.0,7.0,4.0,4.0,5.0,3.0,0.0,12.0,1.0,8.0,199.0
1.0,2.0,0.0,0.0,1.0,0.0,0.0,0.0,1.0,0.0,0.0,0.0,0.0,0.0,0.0,1.0,0.0,0.0,21.0,3.0,21.0,3.0,4.0,5.0,4.0,0.0,13.0,2.0,8.0,175.0
1.0,2.0,0.0,0.0,1.0,0.0,0.0,0.0,1.0,0.0,0.0,0.0,0.0,0.0,0.0,1.0,0.0,0.0,31.0,3.0,23.0,3.0,4.0,5.0,10.0,0.0,15.0,3.0,3.0,179.0
1.0,1.0,1.0,0.0,0.0,0.0,0.0,1.0,0.0,0.0,0.0,0.0,0.0,0.0,1.0,0.0,0.0,0.0,1.0,1.0,17.0,3.0,4.0,5.0,3.0,0.0,22.0,1.0,5.0,213.0
1.0,1.0,0.0,0.0,0.0,0.0,1.0,0.0,1.0,0.0,0.0,0.0,0.0,0.0,0.0,1.0,0.0,0.0,24.0,3.0,15.0,3.0,4.0,4.0,9.0,0.0,16.0,1.0,3.0,164.0
0.0,2.0,1.0,0.0,0.0,0.0,0.0,0.0,1.0,0.0,0.0,0.0,0.0,0.0,1.0,0.0,0.0,0.0,12.0,1.0,7.0,3.0,4.0,3.0,6.0,1.0,15.0,1.0,1.0,204.0
1.0,1.0,0.0,0.0,1.0,0.0,0.0,0.0,1.0,0.0,0.0,0.0,0.0,0.0,0.0,1.0,0.0,0.0,4.0,3.0,34.0,4.0,4.0,1.0,9.0,0.0,24.0,3.0,8.0,178.0
1.0,2.0,0.0,0.0,0.0,0.0,1.0,0.0,1.0,0.0,0.0,0.0,0.0,0.0,1.0,0.0,0.0,0.0,3.0,3.0,17.0,4.0,4.0,3.0,3.0,0.0,12.0,2.0,1.0,151.0
1.0,1.0,0.0,0.0,0.0,0.0,1.0,1.0,0.0,0.0,0.0,0.0,0.0,1.0,0.0,0.0,0.0,1.0,6.0,1.0,26.0,3.0,2.0,3.0,8.0,1.0,13.0,1.0,3.0,153.0
1.0,1.0,0.0,0.0,1.0,0.0,0.0,1.0,0.0,0.0,0.0,0.0,0.0,0.0,1.0,0.0,0.0,0.0,17.0,3.0,22.0,3.0,5.0,1.0,5.0,0.0,19.0,2.0,3.0,193.0
0.0,2.0,0.0,0.0,1.0,0.0,0.0,0.0,1.0,0.0,0.0,0.0,0.0,1.0,0.0,0.0,0.0,0.0,8.0,1.0,15.0,4.0,4.0,3.0,5.0,0.0,12.0,1.0,4.0,186.0
1.0,1.0,0.0,0.0,0.0,0.0,1.0,0.0,1.0,0.0,0.0,0.0,0.0,1.0,0.0,0.0,0.0,0.0,1.0,1.0,16.0,3.0,4.0,5.0,3.0,0.0,15.0,2.0,3.0,150.0
0.0,1.0,0.0,0.0,1.0,0.0,0.0,0.0,1.0,0.0,0.0,0.0,0.0,0.0,0.0,0.0,1.0,0.0,13.0,2.0,10.0,3.0,2.0,4.0,11.0,0.0,16.0,1.0,7.0,189.0
0.0,2.0,0.0,0.0,0.0,0.0,1.0,0.0,0.0,1.0,0.0,0.0,0.0,1.0,0.0,0.0,0.0,0.0,14.0,1.0,9.0,3.0,5.0,1.0,2.0,1.0,21.0,1.0,4.0,148.0
0.0,2.0,0.0,0.0,1.0,0.0,0.0,0.0,1.0,0.0,0.0,0.0,0.0,1.0,0.0,0.0,0.0,0.0,1.0,1.0,14.0,3.0,5.0,5.0,10.0,0.0,20.0,2.0,8.0,193.0
1.0,1.0,0.0,0.0,0.0,0.0,1.0,0.0,0.0,1.0,0.0,0.0,0.0,0.0,0.0,1.0,0.0,0.0,3.0,3.0,17.0,3.0,4.0,4.0,3.0,0.0,15.0,3.0,3.0,148.0
1.0,2.0,0.0,0.0,1.0,0.0,0.0,0.0,0.0,1.0,0.0,0.0,0.0,0.0,1.0,0.0,0.0,0.0,27.0,1.0,13.0,3.0,4.0,1.0,4.0,0.0,18.0,3.0,3.0,150.0
0.0,1.0,0.0,0.0,1.0,0.0,0.0,1.0,0.0,0.0,0.0,0.0,0.0,0.0,1.0,0.0,0.0,0.0,9.0,1.0,9.0,4.0,4.0,5.0,4.0,0.0,12.0,2.0,1.0,176.0
1.0,1.0,0.0,0.0,1.0,0.0,0.0,1.0,0.0,0.0,0.0,0.0,0.0,0.0,1.0,0.0,0.0,0.0,6.0,1.0,31.0,4.0,4.0,1.0,3.0,0.0,16.0,2.0,8.0,178.0
1.0,1.0,0.0,0.0,0.0,0.0,1.0,0.0,1.0,0.0,0.0,0.0,0.0,1.0,0.0,0.0,0.0,0.0,12.0,1.0,9.0,4.0,4.0,3.0,8.0,1.0,14.0,1.0,2.0,156.0
0.0,1.0,0.0,0.0,1.0,0.0,0.0,0.0,1.0,0.0,0.0,0.0,0.0,0.0,1.0,0.0,0.0,0.0,8.0,1.0,15.0,3.0,4.0,5.0,5.0,0.0,15.0,2.0,1.0,176.0
0.0,2.0,0.0,0.0,1.0,0.0,0.0,0.0,1.0,0.0,0.0,0.0,0.0,1.0,0.0,0.0,0.0,0.0,1.0,3.0,33.0,3.0,4.0,1.0,3.0,0.0,24.0,1.0,5.0,187.0
1.0,2.0,0.0,0.0,0.0,0.0,1.0,0.0,1.0,0.0,0.0,0.0,0.0,1.0,0.0,0.0,0.0,0.0,1.0,1.0,17.0,4.0,2.0,3.0,3.0,0.0,19.0,1.0,3.0,160.0
0.0,2.0,0.0,0.0,1.0,0.0,0.0,1.0,0.0,0.0,0.0,0.0,0.0,0.0,1.0,0.0,0.0,1.0,11.0,3.0,34.0,4.0,2.0,3.0,6.0,1.0,13.0,1.0,4.0,189.0
1.0,2.0,0.0,0.0,1.0,0.0,0.0,0.0,1.0,0.0,0.0,0.0,0.0,0.0,0.0,0.0,1.0,0.0,8.0,3.0,9.0,3.0,4.0,1.0,3.0,0.0,23.0,1.0,5.0,188.0
1.0,2.0,1.0,0.0,0.0,0.0,0.0,1.0,0.0,0.0,0.0,0.0,0.0,0.0,1.0,0.0,0.0,0.0,10.0,3.0,15.0,4.0,5.0,5.0,3.0,0.0,16.0,1.0,10.0,201.0
1.0,1.0,0.0,0.0,0.0,0.0,1.0,1.0,0.0,0.0,0.0,0.0,0.0,1.0,0.0,0.0,0.0,0.0,26.0,1.0,26.0,3.0,4.0,1.0,2.0,0.0,19.0,2.0,3.0,168.0
0.0,1.0,0.0,0.0,1.0,0.0,0.0,0.0,1.0,0.0,0.0,0.0,0.0,1.0,0.0,0.0,0.0,0.0,3.0,1.0,34.0,4.0,4.0,3.0,6.0,0.0,13.0,1.0,2.0,168.0
1.0,2.0,0.0,0.0,1.0,0.0,0.0,0.0,1.0,0.0,0.0,1.0,0.0,0.0,0.0,0.0,0.0,1.0,1.0,3.0,15.0,3.0,5.0,5.0,8.0,0.0,18.0,1.0,3.0,178.0
0.0,2.0,0.0,0.0,0.0,0.0,1.0,0.0,1.0,0.0,0.0,0.0,0.0,0.0,1.0,0.0,0.0,0.0,8.0,1.0,7.0,4.0,2.0,1.0,4.0,0.0,17.0,2.0,4.0,158.0
0.0,1.0,0.0,0.0,1.0,0.0,0.0,0.0,1.0,0.0,0.0,0.0,0.0,1.0,0.0,0.0,0.0,0.0,28.0,1.0,26.0,4.0,4.0,5.0,11.0,1.0,12.0,1.0,5.0,180.0
1.0,1.0,0.0,0.0,1.0,0.0,0.0,1.0,0.0,0.0,0.0,0.0,0.0,0.0,0.0,1.0,0.0,0.0,1.0,3.0,15.0,3.0,4.0,1.0,2.0,0.0,20.0,2.0,2.0,168.0
0.0,2.0,0.0,0.0,1.0,0.0,0.0,1.0,0.0,0.0,0.0,0.0,0.0,0.0,1.0,0.0,0.0,0.0,12.0,1.0,9.0,4.0,2.0,5.0,8.0,1.0,13.0,1.0,13.0,185.0
0.0,2.0,0.0,0.0,0.0,0.0,1.0,0.0,1.0,0.0,0.0,0.0,0.0,1.0,0.0,0.0,0.0,0.0,8.0,1.0,9.0,3.0,5.0,5.0,3.0,0.0,12.0,2.0,4.0,169.0
0.0,1.0,0.0,0.0,0.0,0.0,1.0,0.0,1.0,0.0,0.0,0.0,0.0,0.0,1.0,0.0,0.0,0.0,9.0,3.0,15.0,4.0,4.0,1.0,3.0,0.0,17.0,2.0,3.0,151.0
0.0,1.0,0.0,0.0,1.0,0.0,0.0,1.0,0.0,0.0,0.0,0.0,0.0,1.0,0.0,0.0,0.0,0.0,14.0,1.0,9.0,3.0,2.0,4.0,3.0,0.0,25.0,1.0,8.0,167.0
0.0,1.0,0.0,0.0,1.0,0.0,0.0,0.0,1.0,0.0,0.0,0.0,0.0,0.0,1.0,0.0,0.0,0.0,8.0,3.0,15.0,4.0,4.0,5.0,7.0,0.0,18.0,2.0,3.0,190.0
1.0,1.0,0.0,0.0,0.0,0.0,1.0,0.0,0.0,1.0,0.0,0.0,0.0,0.0,1.0,0.0,0.0,1.0,1.0,1.0,13.0,4.0,2.0,5.0,3.0,1.0,22.0,1.0,1.0,141.0
1.0,1.0,0.0,0.0,0.0,0.0,1.0,1.0,0.0,0.0,0.0,0.0,0.0,0.0,1.0,0.0,0.0,0.0,1.0,1.0,16.0,3.0,5.0,4.0,3.0,0.0,12.0,1.0,1.0,152.0
0.0,1.0,0.0,0.0,1.0,0.0,0.0,0.0,1.0,0.0,0.0,0.0,0.0,0.0,1.0,0.0,0.0,0.0,26.0,1.0,18.0,3.0,4.0,3.0,10.0,0.0,21.0,2.0,5.0,156.0
0.0,1.0,0.0,0.0,0.0,0.0,1.0,0.0,0.0,1.0,0.0,0.0,0.0,0.0,1.0,0.0,0.0,1.0,1.0,1.0,7.0,3.0,5.0,5.0,3.0,1.0,12.0,1.0,1.0,148.0
0.0,2.0,0.0,0.0,1.0,0.0,0.0,0.0,1.0,0.0,0.0,0.0,0.0,0.0,0.0,1.0,0.0,1.0,1.0,3.0,23.0,4.0,4.0,5.0,7.0,0.0,16.0,2.0,3.0,178.0
0.0,1.0,0.0,0.0,1.0,0.0,0.0,0.0,1.0,0.0,0.0,0.0,0.0,0.0,0.0,0.0,1.0,0.0,10.0,1.0,7.0,3.0,4.0,4.0,2.0,0.0,16.0,2.0,6.0,177.0
1.0,1.0,0.0,0.0,0.0,0.0,1.0,0.0,1.0,0.0,0.0,0.0,0.0,0.0,1.0,0.0,0.0,0.0,3.0,1.0,30.0,3.0,2.0,3.0,3.0,0.0,25.0,2.0,8.0,152.0
0.0,2.0,0.0,0.0,0.0,0.0,1.0,0.0,1.0,0.0,0.0,0.0,0.0,0.0,1.0,0.0,0.0,0.0,9.0,1.0,7.0,3.0,2.0,3.0,5.0,0.0,14.0,3.0,3.0,150.0
0.0,1.0,0.0,0.0,1.0,0.0,0.0,0.0,1.0,0.0,0.0,0.0,0.0,0.0,1.0,0.0,0.0,0.0,16.0,1.0,7.0,3.0,5.0,1.0,11.0,1.0,14.0,1.0,3.0,186.0
1.0,2.0,0.0,0.0,0.0,0.0,1.0,0.0,1.0,0.0,0.0,0.0,0.0,1.0,0.0,0.0,0.0,1.0,1.0,1.0,9.0,3.0,4.0,3.0,8.0,0.0,18.0,3.0,2.0,169.0
1.0,1.0,0.0,0.0,0.0,0.0,1.0,0.0,0.0,1.0,0.0,0.0,0.0,0.0,0.0,0.0,1.0,0.0,10.0,2.0,20.0,3.0,4.0,4.0,6.0,0.0,14.0,2.0,5.0,146.0
1.0,2.0,0.0,0.0,1.0,0.0,0.0,1.0,0.0,0.0,0.0,0.0,0.0,1.0,0.0,0.0,0.0,0.0,14.0,1.0,23.0,3.0,5.0,3.0,8.0,0.0,15.0,1.0,1.0,176.0
0.0,2.0,0.0,0.0,1.0,0.0,0.0,0.0,1.0,0.0,0.0,0.0,0.0,1.0,0.0,0.0,0.0,0.0,4.0,1.0,9.0,3.0,5.0,1.0,7.0,1.0,25.0,2.0,1.0,194.0
0.0,2.0,0.0,0.0,0.0,0.0,1.0,0.0,0.0,1.0,0.0,0.0,0.0,0.0,1.0,0.0,0.0,0.0,19.0,1.0,9.0,4.0,5.0,3.0,3.0,0.0,15.0,2.0,1.0,148.0
1.0,1.0,0.0,0.0,1.0,0.0,0.0,1.0,0.0,0.0,0.0,0.0,0.0,0.0,1.0,0.0,0.0,0.0,12.0,1.0,19.0,1.0,5.0,5.0,4.0,0.0,16.0,2.0,3.0,188.0
0.0,2.0,0.0,0.0,0.0,0.0,1.0,1.0,0.0,0.0,0.0,0.0,0.0,0.0,1.0,0.0,0.0,0.0,8.0,1.0,23.0,4.0,5.0,1.0,3.0,0.0,17.0,2.0,4.0,151.0
0.0,1.0,1.0,0.0,0.0,0.0,0.0,0.0,1.0,0.0,0.0,0.0,0.0,0.0,0.0,1.0,0.0,1.0,13.0,3.0,18.0,3.0,4.0,1.0,3.0,0.0,19.0,1.0,8.0,202.0
1.0,2.0,0.0,0.0,1.0,0.0,0.0,0.0,1.0,0.0,0.0,0.0,0.0,1.0,0.0,0.0,0.0,1.0,19.0,3.0,9.0,3.0,4.0,1.0,6.0,0.0,17.0,2.0,4.0,177.0
1.0,2.0,1.0,0.0,0.0,0.0,0.0,0.0,1.0,0.0,0.0,0.0,0.0,0.0,0.0,0.0,1.0,0.0,9.0,1.0,14.0,3.0,4.0,3.0,5.0,0.0,22.0,1.0,5.0,227.0
1.0,1.0,0.0,0.0,0.0,0.0,1.0,0.0,1.0,0.0,0.0,0.0,0.0,0.0,0.0,0.0,1.0,0.0,8.0,2.0,10.0,3.0,4.0,1.0,2.0,0.0,20.0,2.0,3.0,162.0
0.0,1.0,0.0,0.0,0.0,0.0,1.0,1.0,0.0,0.0,0.0,0.0,0.0,1.0,0.0,0.0,0.0,1.0,1.0,1.0,12.0,3.0,5.0,3.0,3.0,1.0,15.0,1.0,8.0,149.0
1.0,1.0,0.0,0.0,0.0,0.0,1.0,1.0,0.0,0.0,0.0,0.0,0.0,1.0,0.0,0.0,0.0,0.0,1.0,1.0,10.0,3.0,4.0,1.0,3.0,0.0,12.0,1.0,1.0,142.0
1.0,2.0,0.0,0.0,1.0,0.0,0.0,0.0,1.0,0.0,0.0,0.0,0.0,1.0,0.0,0.0,0.0,0.0,18.0,1.0,11.0,3.0,4.0,4.0,11.0,0.0,13.0,2.0,4.0,184.0
1.0,2.0,0.0,0.0,0.0,0.0,1.0,0.0,1.0,0.0,0.0,0.0,0.0,1.0,0.0,0.0,0.0,0.0,1.0,1.0,9.0,4.0,2.0,5.0,9.0,0.0,14.0,1.0,2.0,159.0
1.0,1.0,0.0,0.0,1.0,0.0,0.0,0.0,1.0,0.0,0.0,0.0,0.0,1.0,0.0,0.0,0.0,0.0,7.0,3.0,7.0,3.0,2.0,5.0,3.0,0.0,23.0,1.0,9.0,165.0
0.0,2.0,0.0,0.0,0.0,0.0,1.0,0.0,1.0,0.0,0.0,0.0,0.0,1.0,0.0,0.0,0.0,0.0,9.0,1.0,34.0,3.0,5.0,5.0,3.0,0.0,12.0,1.0,2.0,151.0
1.0,1.0,0.0,0.0,1.0,0.0,0.0,0.0,1.0,0.0,0.0,0.0,0.0,0.0,1.0,0.0,0.0,0.0,6.0,3.0,20.0,4.0,4.0,1.0,4.0,0.0,12.0,1.0,4.0,169.0
1.0,1.0,0.0,0.0,0.0,0.0,1.0,1.0,0.0,0.0,0.0,0.0,0.0,0.0,1.0,0.0,0.0,0.0,4.0,1.0,12.0,4.0,5.0,1.0,11.0,0.0,13.0,1.0,4.0,163.0
0.0,1.0,0.0,0.0,1.0,0.0,0.0,0.0,1.0,0.0,0.0,0.0,0.0,1.0,0.0,0.0,0.0,0.0,6.0,1.0,15.0,4.0,2.0,3.0,7.0,0.0,13.0,2.0,4.0,177.0
1.0,1.0,0.0,0.0,1.0,0.0,0.0,0.0,1.0,0.0,0.0,0.0,0.0,0.0,0.0,1.0,0.0,0.0,11.0,3.0,23.0,4.0,5.0,3.0,6.0,0.0,20.0,2.0,1.0,188.0
1.0,1.0,0.0,0.0,0.0,0.0,1.0,0.0,1.0,0.0,0.0,0.0,0.0,1.0,0.0,0.0,0.0,0.0,2.0,2.0,15.0,4.0,5.0,1.0,3.0,0.0,14.0,2.0,5.0,174.0
1.0,1.0,0.0,0.0,1.0,0.0,0.0,0.0,1.0,0.0,0.0,0.0,0.0,0.0,1.0,0.0,0.0,0.0,1.0,1.0,7.0,3.0,5.0,1.0,8.0,0.0,23.0,3.0,3.0,173.0
1.0,1.0,0.0,0.0,0.0,0.0,1.0,0.0,1.0,0.0,0.0,0.0,0.0,0.0,1.0,0.0,0.0,0.0,18.0,1.0,15.0,4.0,2.0,1.0,4.0,1.0,25.0,2.0,3.0,153.0
1.0,2.0,0.0,0.0,0.0,0.0,1.0,1.0,0.0,0.0,0.0,0.0,0.0,1.0,0.0,0.0,0.0,0.0,16.0,1.0,9.0,3.0,4.0,1.0,7.0,1.0,15.0,2.0,3.0,150.0
1.0,1.0,0.0,0.0,0.0,0.0,1.0,0.0,0.0,1.0,0.0,0.0,0.0,0.0,1.0,0.0,0.0,0.0,10.0,2.0,15.0,4.0,5.0,5.0,2.0,0.0,22.0,1.0,4.0,148.0
1.0,1.0,0.0,0.0,1.0,0.0,0.0,0.0,1.0,0.0,0.0,0.0,0.0,0.0,0.0,0.0,1.0,0.0,1.0,3.0,10.0,4.0,4.0,5.0,3.0,1.0,19.0,1.0,4.0,167.0
1.0,1.0,0.0,0.0,0.0,0.0,1.0,1.0,0.0,0.0,0.0,0.0,0.0,0.0,1.0,0.0,0.0,0.0,6.0,1.0,7.0,4.0,4.0,1.0,2.0,0.0,13.0,2.0,3.0,148.0
1.0,1.0,0.0,0.0,1.0,0.0,0.0,0.0,1.0,0.0,0.0,0.0,0.0,0.0,0.0,1.0,0.0,0.0,1.0,3.0,11.0,3.0,5.0,5.0,3.0,0.0,13.0,2.0,4.0,168.0
0.0,1.0,0.0,0.0,0.0,0.0,1.0,0.0,1.0,0.0,0.0,1.0,0.0,0.0,0.0,0.0,0.0,0.0,23.0,1.0,7.0,3.0,4.0,5.0,4.0,0.0,17.0,1.0,3.0,161.0
1.0,1.0,0.0,0.0,0.0,0.0,1.0,1.0,0.0,0.0,0.0,0.0,0.0,0.0,1.0,0.0,0.0,0.0,1.0,1.0,11.0,3.0,5.0,1.0,2.0,0.0,18.0,1.0,5.0,157.0
1.0,1.0,0.0,0.0,1.0,0.0,0.0,1.0,0.0,0.0,0.0,0.0,0.0,0.0,1.0,0.0,0.0,0.0,6.0,3.0,12.0,3.0,4.0,4.0,3.0,0.0,15.0,3.0,4.0,190.0
1.0,1.0,0.0,0.0,0.0,0.0,1.0,0.0,1.0,0.0,0.0,0.0,0.0,0.0,0.0,1.0,0.0,0.0,12.0,3.0,16.0,4.0,5.0,4.0,2.0,0.0,20.0,1.0,3.0,154.0
0.0,1.0,0.0,0.0,1.0,0.0,0.0,0.0,1.0,0.0,0.0,0.0,0.0,0.0,1.0,0.0,0.0,0.0,16.0,1.0,10.0,4.0,2.0,1.0,4.0,1.0,14.0,2.0,4.0,177.0
1.0,1.0,0.0,0.0,0.0,0.0,1.0,0.0,0.0,1.0,0.0,0.0,0.0,0.0,1.0,0.0,0.0,0.0,5.0,1.0,18.0,3.0,4.0,1.0,5.0,1.0,20.0,1.0,3.0,149.0
0.0,1.0,0.0,0.0,0.0,0.0,1.0,0.0,1.0,0.0,0.0,0.0,0.0,1.0,0.0,0.0,0.0,1.0,1.0,3.0,7.0,3.0,5.0,3.0,8.0,1.0,20.0,2.0,3.0,153.0
0.0,1.0,0.0,0.0,0.0,0.0,1.0,1.0,0.0,0.0,0.0,0.0,0.0,1.0,0.0,0.0,0.0,0.0,11.0,3.0,28.0,3.0,4.0,1.0,7.0,0.0,16.0,2.0,1.0,155.0
0.0,1.0,0.0,0.0,1.0,0.0,0.0,1.0,0.0,0.0,0.0,0.0,0.0,0.0,1.0,0.0,0.0,0.0,17.0,1.0,7.0,3.0,4.0,1.0,6.0,0.0,14.0,2.0,3.0,181.0
1.0,2.0,1.0,0.0,0.0,0.0,0.0,1.0,0.0,0.0,0.0,0.0,0.0,1.0,0.0,0.0,0.0,0.0,11.0,3.0,26.0,3.0,4.0,4.0,3.0,1.0,14.0,1.0,10.0,201.0
0.0,1.0,0.0,0.0,1.0,0.0,0.0,0.0,1.0,0.0,0.0,0.0,0.0,0.0,1.0,0.0,0.0,0.0,13.0,2.0,9.0,3.0,5.0,1.0,10.0,0.0,12.0,2.0,5.0,177.0
1.0,1.0,0.0,0.0,0.0,0.0,1.0,0.0,0.0,1.0,0.0,0.0,0.0,0.0,0.0,0.0,1.0,0.0,7.0,2.0,10.0,3.0,4.0,4.0,5.0,1.0,12.0,1.0,4.0,148.0
1.0,2.0,0.0,0.0,0.0,0.0,1.0,0.0,1.0,0.0,0.0,0.0,0.0,0.0,1.0,0.0,0.0,1.0,1.0,1.0,32.0,3.0,4.0,1.0,3.0,1.0,25.0,1.0,2.0,153.0
0.0,1.0,0.0,0.0,0.0,0.0,1.0,0.0,1.0,0.0,0.0,0.0,0.0,1.0,0.0,0.0,0.0,0.0,3.0,1.0,14.0,4.0,5.0,1.0,8.0,0.0,15.0,2.0,4.0,150.0
1.0,2.0,0.0,0.0,1.0,0.0,0.0,0.0,1.0,0.0,0.0,0.0,0.0,1.0,0.0,0.0,0.0,0.0,2.0,3.0,12.0,4.0,4.0,1.0,3.0,0.0,15.0,1.0,3.0,174.0
1.0,1.0,0.0,0.0,0.0,0.0,1.0,1.0,0.0,0.0,0.0,0.0,0.0,0.0,1.0,0.0,0.0,1.0,21.0,1.0,9.0,3.0,5.0,1.0,11.0,1.0,15.0,2.0,1.0,149.0
0.0,1.0,0.0,0.0,1.0,0.0,0.0,0.0,1.0,0.0,0.0,0.0,0.0,0.0,1.0,0.0,0.0,0.0,17.0,1.0,15.0,3.0,4.0,4.0,6.0,0.0,22.0,2.0,1.0,173.0
0.0,2.0,0.0,0.0,0.0,0.0,1.0,0.0,0.0,1.0,0.0,0.0,0.0,1.0,0.0,0.0,0.0,1.0,1.0,3.0,9.0,3.0,5.0,3.0,3.0,0.0,14.0,2.0,3.0,145.0
0.0,2.0,0.0,0.0,0.0,0.0,1.0,0.0,1.0,0.0,0.0,0.0,0.0,0.0,0.0,0.0,1.0,1.0,1.0,1.0,25.0,4.0,4.0,1.0,3.0,0.0,20.0,2.0,1.0,152.0
1.0,1.0,0.0,0.0,1.0,0.0,0.0,0.0,1.0,0.0,0.0,0.0,0.0,0.0,1.0,0.0,0.0,0.0,10.0,1.0,21.0,4.0,4.0,1.0,2.0,1.0,18.0,3.0,12.0,191.0
0.0,2.0,0.0,0.0,0.0,0.0,1.0,0.0,1.0,0.0,0.0,0.0,0.0,0.0,1.0,0.0,0.0,0.0,21.0,3.0,9.0,4.0,5.0,1.0,3.0,1.0,19.0,1.0,3.0,158.0
0.0,1.0,0.0,0.0,1.0,0.0,0.0,0.0,1.0,0.0,0.0,0.0,0.0,0.0,1.0,0.0,0.0,1.0,1.0,1.0,10.0,3.0,4.0,3.0,2.0,1.0,20.0,2.0,3.0,167.0
0.0,1.0,0.0,0.0,0.0,0.0,1.0,0.0,0.0,1.0,0.0,0.0,0.0,1.0,0.0,0.0,0.0,0.0,2.0,1.0,16.0,4.0,4.0,3.0,7.0,0.0,19.0,1.0,3.0,149.0
1.0,1.0,0.0,0.0,0.0,0.0,1.0,0.0,0.0,1.0,0.0,0.0,0.0,1.0,0.0,0.0,0.0,1.0,3.0,1.0,13.0,4.0,4.0,5.0,9.0,1.0,22.0,2.0,3.0,149.0
0.0,2.0,0.0,0.0,0.0,0.0,1.0,0.0,0.0,1.0,0.0,0.0,0.0,0.0,1.0,0.0,0.0,0.0,1.0,1.0,11.0,4.0,4.0,3.0,3.0,0.0,20.0,1.0,1.0,148.0
1.0,1.0,0.0,0.0,0.0,0.0,1.0,0.0,0.0,1.0,0.0,0.0,0.0,0.0,1.0,0.0,0.0,0.0,8.0,1.0,17.0,3.0,4.0,4.0,3.0,0.0,15.0,2.0,1.0,145.0
0.0,2.0,0.0,0.0,1.0,0.0,0.0,0.0,1.0,0.0,0.0,0.0,0.0,1.0,0.0,0.0,0.0,0.0,16.0,3.0,21.0,4.0,5.0,3.0,9.0,0.0,18.0,2.0,4.0,187.0
1.0,2.0,0.0,0.0,0.0,0.0,1.0,0.0,1.0,0.0,0.0,0.0,0.0,0.0,0.0,0.0,1.0,0.0,7.0,1.0,7.0,4.0,5.0,5.0,5.0,1.0,12.0,2.0,3.0,153.0
1.0,1.0,0.0,0.0,0.0,0.0,1.0,0.0,0.0,1.0,0.0,0.0,0.0,0.0,1.0,0.0,0.0,0.0,5.0,3.0,14.0,3.0,5.0,3.0,5.0,0.0,16.0,3.0,3.0,148.0
0.0,1.0,1.0,0.0,0.0,0.0,0.0,0.0,1.0,0.0,0.0,0.0,0.0,0.0,0.0,0.0,1.0,0.0,23.0,1.0,15.0,3.0,4.0,4.0,6.0,0.0,12.0,1.0,8.0,199.0
1.0,1.0,0.0,0.0,0.0,0.0,1.0,0.0,0.0,1.0,0.0,0.0,0.0,1.0,0.0,0.0,0.0,0.0,22.0,1.0,27.0,3.0,4.0,3.0,6.0,0.0,18.0,2.0,1.0,148.0
0.0,1.0,0.0,0.0,1.0,0.0,0.0,1.0,0.0,0.0,0.0,0.0,0.0,0.0,0.0,1.0,0.0,0.0,5.0,3.0,27.0,3.0,4.0,3.0,3.0,0.0,14.0,2.0,1.0,194.0
1.0,2.0,0.0,0.0,0.0,0.0,1.0,0.0,1.0,0.0,0.0,0.0,0.0,0.0,0.0,0.0,1.0,0.0,10.0,1.0,14.0,4.0,4.0,1.0,4.0,0.0,19.0,2.0,2.0,172.0
0.0,1.0,0.0,0.0,0.0,0.0,1.0,1.0,0.0,0.0,0.0,0.0,0.0,0.0,1.0,0.0,0.0,0.0,6.0,1.0,7.0,4.0,5.0,4.0,8.0,0.0,21.0,1.0,3.0,148.0
1.0,1.0,0.0,0.0,0.0,0.0,1.0,0.0,0.0,1.0,0.0,0.0,0.0,0.0,0.0,1.0,0.0,1.0,1.0,3.0,26.0,3.0,5.0,4.0,3.0,1.0,19.0,1.0,1.0,149.0
1.0,1.0,1.0,0.0,0.0,0.0,0.0,0.0,1.0,0.0,0.0,0.0,0.0,0.0,0.0,1.0,0.0,0.0,14.0,3.0,17.0,4.0,5.0,4.0,4.0,0.0,13.0,1.0,5.0,222.0
1.0,2.0,0.0,0.0,1.0,0.0,0.0,1.0,0.0,0.0,0.0,0.0,0.0,1.0,0.0,0.0,0.0,0.0,1.0,3.0,7.0,3.0,5.0,5.0,3.0,0.0,13.0,1.0,8.0,168.0
1.0,2.0,0.0,0.0,0.0,0.0,1.0,0.0,1.0,0.0,0.0,0.0,0.0,1.0,0.0,0.0,0.0,0.0,10.0,1.0,9.0,4.0,4.0,3.0,6.0,0.0,22.0,2.0,10.0,150.0
1.0,2.0,0.0,0.0,0.0,0.0,1.0,0.0,0.0,1.0,0.0,0.0,0.0,0.0,0.0,0.0,1.0,1.0,1.0,3.0,28.0,3.0,5.0,4.0,3.0,1.0,14.0,2.0,1.0,146.0
1.0,2.0,0.0,0.0,0.0,0.0,1.0,0.0,1.0,0.0,0.0,1.0,0.0,0.0,0.0,0.0,0.0,1.0,1.0,1.0,11.0,3.0,4.0,5.0,3.0,0.0,20.0,2.0,1.0,155.0
1.0,1.0,0.0,0.0,0.0,0.0,1.0,1.0,0.0,0.0,0.0,0.0,0.0,1.0,0.0,0.0,0.0,0.0,14.0,1.0,16.0,3.0,4.0,4.0,10.0,1.0,15.0,1.0,1.0,161.0
0.0,1.0,0.0,0.0,1.0,0.0,0.0,0.0,1.0,0.0,0.0,0.0,0.0,1.0,0.0,0.0,0.0,0.0,6.0,1.0,10.0,4.0,4.0,5.0,3.0,0.0,13.0,2.0,4.0,192.0
0.0,2.0,0.0,0.0,1.0,0.0,0.0,0.0,1.0,0.0,0.0,0.0,0.0,0.0,1.0,0.0,0.0,0.0,7.0,1.0,7.0,3.0,5.0,1.0,2.0,0.0,15.0,2.0,5.0,194.0
1.0,1.0,0.0,0.0,1.0,0.0,0.0,1.0,0.0,0.0,0.0,0.0,0.0,0.0,1.0,0.0,0.0,0.0,19.0,1.0,11.0,3.0,4.0,4.0,3.0,0.0,13.0,2.0,9.0,169.0
0.0,1.0,0.0,0.0,0.0,0.0,1.0,1.0,0.0,0.0,0.0,1.0,0.0,0.0,0.0,0.0,0.0,0.0,3.0,3.0,27.0,3.0,4.0,1.0,3.0,0.0,16.0,1.0,3.0,147.0
0.0,1.0,0.0,0.0,1.0,0.0,0.0,0.0,1.0,0.0,0.0,0.0,0.0,1.0,0.0,0.0,0.0,0.0,9.0,3.0,25.0,3.0,4.0,3.0,3.0,0.0,17.0,2.0,1.0,171.0
1.0,2.0,0.0,0.0,0.0,0.0,1.0,0.0,1.0,0.0,0.0,1.0,0.0,0.0,0.0,0.0,0.0,1.0,21.0,1.0,9.0,3.0,4.0,3.0,6.0,0.0,25.0,1.0,1.0,150.0
1.0,1.0,1.0,0.0,0.0,0.0,0.0,0.0,1.0,0.0,0.0,0.0,0.0,0.0,0.0,0.0,1.0,0.0,4.0,3.0,15.0,4.0,4.0,3.0,7.0,0.0,12.0,3.0,8.0,198.0
0.0,2.0,0.0,0.0,1.0,0.0,0.0,1.0,0.0,0.0,0.0,1.0,0.0,0.0,0.0,0.0,0.0,0.0,12.0,3.0,17.0,3.0,4.0,1.0,3.0,1.0,14.0,2.0,4.0,182.0
1.0,1.0,1.0,0.0,0.0,0.0,0.0,0.0,1.0,0.0,0.0,0.0,0.0,0.0,1.0,0.0,0.0,0.0,9.0,3.0,10.0,4.0,4.0,1.0,8.0,0.0,14.0,1.0,9.0,203.0
1.0,2.0,1.0,0.0,0.0,0.0,0.0,0.0,1.0,0.0,0.0,0.0,0.0,0.0,1.0,0.0,0.0,0.0,13.0,3.0,9.0,3.0,2.0,3.0,2.0,0.0,19.0,1.0,8.0,204.0
1.0,1.0,0.0,0.0,1.0,0.0,0.0,1.0,0.0,0.0,0.0,0.0,0.0,1.0,0.0,0.0,0.0,0.0,21.0,1.0,23.0,4.0,2.0,3.0,3.0,1.0,20.0,2.0,8.0,176.0
1.0,1.0,0.0,0.0,1.0,0.0,0.0,1.0,0.0,0.0,0.0,1.0,0.0,0.0,0.0,0.0,0.0,0.0,10.0,3.0,15.0,3.0,4.0,1.0,6.0,0.0,14.0,2.0,8.0,176.0
1.0,2.0,0.0,0.0,0.0,0.0,1.0,1.0,0.0,0.0,0.0,0.0,0.0,1.0,0.0,0.0,0.0,1.0,1.0,1.0,16.0,3.0,5.0,5.0,2.0,1.0,23.0,1.0,3.0,148.0
0.0,2.0,0.0,0.0,0.0,0.0,1.0,0.0,0.0,1.0,0.0,0.0,0.0,0.0,1.0,0.0,0.0,1.0,1.0,1.0,17.0,4.0,5.0,5.0,8.0,1.0,21.0,2.0,1.0,149.0
0.0,2.0,0.0,0.0,0.0,0.0,1.0,0.0,1.0,0.0,0.0,0.0,0.0,0.0,1.0,0.0,0.0,0.0,7.0,1.0,20.0,3.0,4.0,1.0,5.0,0.0,19.0,2.0,3.0,160.0
0.0,1.0,0.0,0.0,0.0,0.0,1.0,0.0,0.0,1.0,0.0,0.0,0.0,1.0,0.0,0.0,0.0,0.0,19.0,1.0,7.0,4.0,4.0,1.0,5.0,0.0,15.0,2.0,3.0,148.0
0.0,1.0,0.0,0.0,1.0,0.0,0.0,1.0,0.0,0.0,0.0,0.0,0.0,0.0,0.0,0.0,1.0,0.0,7.0,1.0,7.0,3.0,2.0,4.0,3.0,1.0,14.0,2.0,3.0,180.0
0.0,1.0,0.0,0.0,0.0,0.0,1.0,0.0,1.0,0.0,0.0,1.0,0.0,0.0,0.0,0.0,0.0,0.0,1.0,1.0,23.0,3.0,4.0,4.0,11.0,0.0,15.0,3.0,3.0,153.0
1.0,1.0,0.0,0.0,1.0,0.0,0.0,1.0,0.0,0.0,0.0,0.0,0.0,0.0,1.0,0.0,0.0,0.0,19.0,1.0,30.0,3.0,4.0,5.0,3.0,1.0,16.0,2.0,9.0,161.0
0.0,2.0,0.0,0.0,1.0,0.0,0.0,0.0,1.0,0.0,0.0,0.0,0.0,0.0,1.0,0.0,0.0,0.0,21.0,3.0,11.0,3.0,4.0,1.0,3.0,1.0,18.0,2.0,8.0,167.0
0.0,1.0,0.0,0.0,0.0,0.0,1.0,0.0,0.0,1.0,0.0,0.0,0.0,0.0,1.0,0.0,0.0,1.0,1.0,1.0,29.0,3.0,4.0,3.0,6.0,1.0,12.0,1.0,2.0,146.0
1.0,1.0,0.0,0.0,0.0,0.0,1.0,1.0,0.0,0.0,0.0,0.0,0.0,1.0,0.0,0.0,0.0,0.0,12.0,1.0,17.0,4.0,4.0,3.0,2.0,0.0,18.0,1.0,3.0,152.0
0.0,1.0,0.0,0.0,1.0,0.0,0.0,0.0,1.0,0.0,0.0,0.0,0.0,1.0,0.0,0.0,0.0,0.0,1.0,1.0,24.0,3.0,5.0,3.0,3.0,0.0,16.0,1.0,3.0,169.0
1.0,1.0,0.0,0.0,0.0,0.0,1.0,0.0,1.0,0.0,0.0,0.0,0.0,0.0,0.0,0.0,1.0,1.0,1.0,1.0,21.0,3.0,5.0,4.0,3.0,1.0,25.0,2.0,3.0,162.0
0.0,1.0,0.0,0.0,1.0,0.0,0.0,1.0,0.0,0.0,0.0,0.0,0.0,0.0,1.0,0.0,0.0,0.0,5.0,1.0,7.0,4.0,4.0,5.0,3.0,0.0,13.0,2.0,4.0,166.0
1.0,2.0,0.0,0.0,0.0,0.0,1.0,1.0,0.0,0.0,0.0,0.0,0.0,0.0,1.0,0.0,0.0,0.0,1.0,1.0,12.0,4.0,4.0,1.0,3.0,0.0,16.0,1.0,1.0,136.0
0.0,2.0,0.0,0.0,0.0,0.0,1.0,0.0,1.0,0.0,0.0,0.0,0.0,1.0,0.0,0.0,0.0,1.0,1.0,1.0,18.0,4.0,5.0,5.0,3.0,1.0,16.0,2.0,1.0,151.0
0.0,2.0,0.0,0.0,0.0,0.0,1.0,1.0,0.0,0.0,0.0,0.0,0.0,1.0,0.0,0.0,0.0,1.0,1.0,1.0,12.0,3.0,4.0,4.0,2.0,0.0,18.0,1.0,3.0,149.0
1.0,1.0,0.0,0.0,1.0,0.0,0.0,0.0,1.0,0.0,0.0,0.0,0.0,1.0,0.0,0.0,0.0,0.0,1.0,1.0,9.0,3.0,2.0,1.0,3.0,0.0,13.0,2.0,4.0,180.0
1.0,2.0,0.0,0.0,1.0,0.0,0.0,0.0,1.0,0.0,0.0,0.0,0.0,0.0,1.0,0.0,0.0,0.0,22.0,1.0,13.0,4.0,5.0,3.0,4.0,0.0,14.0,1.0,3.0,167.0
0.0,2.0,0.0,0.0,1.0,0.0,0.0,0.0,1.0,0.0,0.0,0.0,0.0,1.0,0.0,0.0,0.0,0.0,15.0,1.0,14.0,3.0,4.0,3.0,8.0,0.0,15.0,3.0,2.0,175.0
0.0,1.0,0.0,0.0,1.0,0.0,0.0,0.0,1.0,0.0,0.0,0.0,0.0,0.0,1.0,0.0,0.0,0.0,1.0,1.0,9.0,3.0,4.0,1.0,2.0,0.0,19.0,3.0,3.0,167.0
1.0,1.0,0.0,0.0,0.0,0.0,1.0,0.0,1.0,0.0,0.0,0.0,0.0,0.0,0.0,0.0,1.0,0.0,9.0,1.0,17.0,3.0,4.0,1.0,3.0,0.0,21.0,1.0,3.0,164.0
1.0,1.0,0.0,0.0,0.0,0.0,1.0,0.0,0.0,1.0,0.0,0.0,0.0,0.0,1.0,0.0,0.0,0.0,24.0,1.0,16.0,4.0,4.0,1.0,6.0,0.0,19.0,2.0,1.0,149.0
1.0,1.0,0.0,0.0,1.0,0.0,0.0,1.0,0.0,0.0,0.0,0.0,0.0,1.0,0.0,0.0,0.0,0.0,29.0,1.0,25.0,4.0,4.0,4.0,5.0,1.0,15.0,3.0,8.0,189.0
1.0,2.0,0.0,0.0,1.0,0.0,0.0,0.0,1.0,0.0,0.0,0.0,0.0,0.0,1.0,0.0,0.0,0.0,12.0,3.0,10.0,3.0,4.0,1.0,10.0,1.0,13.0,2.0,1.0,194.0
0.0,1.0,0.0,0.0,1.0,0.0,0.0,1.0,0.0,0.0,0.0,0.0,0.0,0.0,1.0,0.0,0.0,0.0,24.0,3.0,7.0,4.0,4.0,3.0,2.0,0.0,13.0,1.0,14.0,188.0
0.0,2.0,0.0,0.0,0.0,0.0,1.0,1.0,0.0,0.0,0.0,0.0,0.0,0.0,1.0,0.0,0.0,0.0,7.0,3.0,15.0,3.0,5.0,1.0,2.0,0.0,20.0,1.0,3.0,148.0
1.0,1.0,0.0,0.0,1.0,0.0,0.0,0.0,1.0,0.0,0.0,0.0,0.0,0.0,0.0,1.0,0.0,0.0,8.0,3.0,7.0,4.0,2.0,1.0,2.0,0.0,12.0,1.0,5.0,222.0
1.0,2.0,0.0,0.0,0.0,0.0,1.0,0.0,0.0,1.0,0.0,0.0,0.0,1.0,0.0,0.0,0.0,0.0,19.0,2.0,31.0,3.0,4.0,4.0,3.0,0.0,17.0,1.0,5.0,147.0
1.0,1.0,0.0,0.0,1.0,0.0,0.0,0.0,1.0,0.0,0.0,0.0,0.0,0.0,0.0,0.0,1.0,1.0,1.0,1.0,22.0,3.0,4.0,3.0,9.0,0.0,15.0,1.0,1.0,173.0
1.0,1.0,0.0,0.0,0.0,0.0,1.0,1.0,0.0,0.0,0.0,0.0,0.0,0.0,1.0,0.0,0.0,1.0,1.0,1.0,9.0,3.0,4.0,5.0,8.0,1.0,15.0,1.0,3.0,145.0
0.0,1.0,0.0,0.0,0.0,0.0,1.0,0.0,0.0,1.0,0.0,0.0,0.0,0.0,1.0,0.0,0.0,0.0,8.0,3.0,17.0,3.0,4.0,3.0,3.0,1.0,20.0,1.0,1.0,147.0
1.0,1.0,0.0,0.0,0.0,0.0,1.0,0.0,0.0,1.0,0.0,0.0,0.0,1.0,0.0,0.0,0.0,0.0,2.0,3.0,17.0,4.0,4.0,4.0,3.0,0.0,23.0,1.0,1.0,136.0
1.0,1.0,0.0,0.0,0.0,0.0,1.0,1.0,0.0,0.0,0.0,0.0,0.0,0.0,0.0,0.0,1.0,0.0,12.0,1.0,10.0,3.0,4.0,3.0,5.0,0.0,17.0,3.0,3.0,153.0
0.0,2.0,0.0,0.0,1.0,0.0,0.0,0.0,1.0,0.0,0.0,0.0,0.0,0.0,0.0,0.0,1.0,0.0,11.0,1.0,10.0,3.0,4.0,4.0,5.0,0.0,16.0,2.0,2.0,166.0
0.0,1.0,0.0,0.0,0.0,0.0,1.0,1.0,0.0,0.0,0.0,0.0,0.0,1.0,0.0,0.0,0.0,0.0,1.0,1.0,7.0,4.0,5.0,3.0,3.0,0.0,14.0,1.0,4.0,145.0
0.0,1.0,0.0,0.0,0.0,0.0,1.0,1.0,0.0,0.0,0.0,0.0,0.0,1.0,0.0,0.0,0.0,0.0,30.0,1.0,16.0,4.0,4.0,3.0,4.0,0.0,20.0,2.0,4.0,154.0
0.0,2.0,0.0,0.0,0.0,0.0,1.0,1.0,0.0,0.0,0.0,0.0,0.0,0.0,0.0,1.0,0.0,1.0,1.0,3.0,16.0,3.0,4.0,1.0,3.0,1.0,15.0,2.0,3.0,148.0
0.0,2.0,0.0,0.0,0.0,0.0,1.0,0.0,0.0,1.0,0.0,0.0,0.0,0.0,1.0,0.0,0.0,1.0,1.0,1.0,17.0,3.0,5.0,5.0,3.0,0.0,14.0,1.0,1.0,139.0
0.0,1.0,0.0,0.0,1.0,0.0,0.0,0.0,1.0,0.0,0.0,0.0,0.0,0.0,1.0,0.0,0.0,0.0,20.0,1.0,15.0,4.0,5.0,5.0,10.0,1.0,24.0,2.0,8.0,171.0
1.0,1.0,0.0,0.0,0.0,0.0,1.0,0.0,1.0,0.0,0.0,0.0,0.0,0.0,1.0,0.0,0.0,1.0,15.0,1.0,11.0,3.0,4.0,3.0,11.0,1.0,13.0,1.0,8.0,150.0
1.0,2.0,1.0,0.0,0.0,0.0,0.0,1.0,0.0,0.0,0.0,0.0,1.0,0.0,0.0,0.0,0.0,1.0,1.0,1.0,31.0,4.0,5.0,5.0,3.0,0.0,13.0,2.0,5.0,212.0
1.0,1.0,0.0,0.0,0.0,0.0,1.0,0.0,1.0,0.0,0.0,0.0,0.0,1.0,0.0,0.0,0.0,0.0,1.0,1.0,7.0,3.0,5.0,5.0,3.0,0.0,17.0,2.0,4.0,165.0
1.0,1.0,0.0,0.0,1.0,0.0,0.0,0.0,1.0,0.0,0.0,0.0,0.0,0.0,0.0,0.0,1.0,0.0,4.0,1.0,27.0,3.0,4.0,5.0,2.0,0.0,16.0,1.0,5.0,225.0
0.0,1.0,0.0,0.0,0.0,0.0,1.0,0.0,1.0,0.0,0.0,1.0,0.0,0.0,0.0,0.0,0.0,0.0,15.0,1.0,14.0,3.0,2.0,3.0,3.0,0.0,14.0,1.0,9.0,159.0
0.0,1.0,1.0,0.0,0.0,0.0,0.0,0.0,1.0,0.0,0.0,0.0,0.0,0.0,1.0,0.0,0.0,0.0,12.0,1.0,24.0,4.0,5.0,3.0,2.0,0.0,19.0,2.0,5.0,213.0
0.0,2.0,0.0,0.0,1.0,0.0,0.0,0.0,1.0,0.0,0.0,0.0,0.0,0.0,0.0,0.0,1.0,0.0,2.0,1.0,17.0,3.0,4.0,3.0,5.0,0.0,14.0,1.0,8.0,162.0
1.0,1.0,1.0,0.0,0.0,0.0,0.0,0.0,1.0,0.0,0.0,0.0,0.0,0.0,1.0,0.0,0.0,0.0,7.0,1.0,12.0,3.0,5.0,1.0,6.0,0.0,16.0,2.0,3.0,196.0
1.0,2.0,1.0,0.0,0.0,0.0,0.0,0.0,1.0,0.0,0.0,0.0,1.0,0.0,0.0,0.0,0.0,1.0,1.0,3.0,11.0,3.0,4.0,5.0,2.0,1.0,23.0,3.0,5.0,221.0
0.0,2.0,0.0,0.0,1.0,0.0,0.0,1.0,0.0,0.0,0.0,0.0,0.0,1.0,0.0,0.0,0.0,1.0,1.0,1.0,36.0,3.0,5.0,3.0,3.0,0.0,23.0,3.0,9.0,170.0
1.0,1.0,0.0,0.0,0.0,0.0,1.0,0.0,0.0,1.0,0.0,0.0,0.0,0.0,1.0,0.0,0.0,0.0,2.0,1.0,22.0,3.0,4.0,3.0,3.0,0.0,17.0,1.0,3.0,147.0
1.0,2.0,0.0,0.0,1.0,0.0,0.0,1.0,0.0,0.0,0.0,0.0,0.0,0.0,1.0,0.0,0.0,0.0,8.0,1.0,10.0,3.0,4.0,1.0,2.0,0.0,18.0,2.0,5.0,203.0
0.0,1.0,0.0,0.0,1.0,0.0,0.0,0.0,1.0,0.0,0.0,0.0,0.0,0.0,1.0,0.0,0.0,0.0,11.0,3.0,17.0,3.0,5.0,1.0,4.0,1.0,15.0,2.0,1.0,192.0
1.0,1.0,0.0,0.0,0.0,0.0,1.0,0.0,0.0,1.0,0.0,0.0,0.0,1.0,0.0,0.0,0.0,1.0,1.0,1.0,28.0,3.0,4.0,3.0,3.0,0.0,21.0,2.0,1.0,149.0
1.0,2.0,0.0,0.0,0.0,0.0,1.0,0.0,0.0,1.0,0.0,0.0,0.0,1.0,0.0,0.0,0.0,1.0,1.0,1.0,32.0,3.0,5.0,4.0,6.0,1.0,21.0,2.0,3.0,148.0
1.0,1.0,0.0,0.0,0.0,0.0,1.0,1.0,0.0,0.0,0.0,0.0,0.0,1.0,0.0,0.0,0.0,1.0,1.0,1.0,7.0,3.0,5.0,4.0,3.0,0.0,16.0,2.0,1.0,151.0
1.0,2.0,0.0,0.0,1.0,0.0,0.0,1.0,0.0,0.0,0.0,0.0,0.0,0.0,0.0,0.0,1.0,1.0,14.0,3.0,7.0,3.0,4.0,3.0,5.0,1.0,15.0,2.0,1.0,172.0
0.0,1.0,0.0,0.0,1.0,0.0,0.0,1.0,0.0,0.0,0.0,0.0,0.0,0.0,1.0,0.0,0.0,0.0,7.0,3.0,14.0,2.0,4.0,4.0,2.0,0.0,18.0,1.0,3.0,168.0
1.0,1.0,0.0,0.0,0.0,0.0,1.0,1.0,0.0,0.0,0.0,0.0,0.0,0.0,1.0,0.0,0.0,0.0,8.0,1.0,10.0,3.0,5.0,1.0,5.0,0.0,18.0,1.0,1.0,155.0
1.0,1.0,1.0,0.0,0.0,0.0,0.0,0.0,1.0,0.0,0.0,0.0,0.0,0.0,0.0,1.0,0.0,0.0,12.0,3.0,17.0,4.0,5.0,3.0,2.0,1.0,15.0,2.0,5.0,212.0
0.0,1.0,0.0,0.0,0.0,0.0,1.0,0.0,1.0,0.0,0.0,0.0,0.0,0.0,1.0,0.0,0.0,0.0,3.0,1.0,35.0,4.0,4.0,1.0,6.0,0.0,23.0,2.0,8.0,150.0
0.0,1.0,1.0,0.0,0.0,0.0,0.0,0.0,1.0,0.0,0.0,0.0,0.0,1.0,0.0,0.0,0.0,0.0,2.0,1.0,10.0,4.0,4.0,4.0,2.0,0.0,18.0,1.0,8.0,202.0
1.0,2.0,1.0,0.0,0.0,0.0,0.0,0.0,1.0,0.0,0.0,0.0,0.0,0.0,0.0,1.0,0.0,0.0,12.0,3.0,9.0,3.0,4.0,4.0,9.0,0.0,17.0,2.0,1.0,199.0
0.0,2.0,0.0,0.0,0.0,0.0,1.0,0.0,0.0,1.0,0.0,1.0,0.0,0.0,0.0,0.0,0.0,0.0,1.0,1.0,7.0,4.0,5.0,4.0,3.0,1.0,12.0,2.0,3.0,146.0
1.0,2.0,0.0,0.0,1.0,0.0,0.0,1.0,0.0,0.0,0.0,0.0,0.0,0.0,1.0,0.0,0.0,0.0,13.0,1.0,16.0,4.0,4.0,4.0,11.0,0.0,16.0,2.0,4.0,193.0
1.0,2.0,0.0,0.0,1.0,0.0,0.0,1.0,0.0,0.0,0.0,0.0,0.0,0.0,1.0,0.0,0.0,0.0,10.0,1.0,25.0,4.0,4.0,1.0,4.0,0.0,21.0,1.0,10.0,203.0
1.0,1.0,0.0,0.0,0.0,0.0,1.0,1.0,0.0,0.0,0.0,0.0,0.0,0.0,1.0,0.0,0.0,0.0,5.0,3.0,27.0,4.0,2.0,1.0,2.0,0.0,13.0,3.0,3.0,153.0
1.0,1.0,0.0,0.0,0.0,0.0,1.0,0.0,1.0,0.0,0.0,0.0,0.0,0.0,1.0,0.0,0.0,0.0,2.0,1.0,9.0,4.0,5.0,4.0,2.0,0.0,18.0,1.0,5.0,157.0
1.0,1.0,0.0,0.0,1.0,0.0,0.0,1.0,0.0,0.0,0.0,0.0,0.0,0.0,0.0,1.0,0.0,0.0,9.0,3.0,18.0,3.0,4.0,1.0,3.0,0.0,12.0,2.0,3.0,175.0
1.0,2.0,0.0,0.0,1.0,0.0,0.0,1.0,0.0,0.0,0.0,0.0,0.0,0.0,1.0,0.0,0.0,0.0,8.0,1.0,9.0,4.0,4.0,3.0,4.0,0.0,12.0,2.0,3.0,165.0
0.0,1.0,0.0,0.0,0.0,0.0,1.0,1.0,0.0,0.0,0.0,0.0,0.0,0.0,1.0,0.0,0.0,0.0,3.0,1.0,17.0,4.0,4.0,4.0,2.0,0.0,15.0,1.0,2.0,158.0
1.0,1.0,0.0,0.0,1.0,0.0,0.0,0.0,1.0,0.0,0.0,0.0,0.0,1.0,0.0,0.0,0.0,0.0,3.0,1.0,15.0,4.0,5.0,1.0,3.0,1.0,16.0,2.0,3.0,176.0
1.0,1.0,0.0,0.0,0.0,0.0,1.0,1.0,0.0,0.0,0.0,0.0,0.0,0.0,1.0,0.0,0.0,0.0,2.0,1.0,13.0,3.0,5.0,3.0,3.0,1.0,15.0,2.0,3.0,152.0
1.0,2.0,0.0,0.0,0.0,0.0,1.0,1.0,0.0,0.0,0.0,0.0,0.0,1.0,0.0,0.0,0.0,1.0,1.0,1.0,15.0,4.0,4.0,3.0,3.0,0.0,13.0,2.0,1.0,144.0
0.0,2.0,0.0,0.0,1.0,0.0,0.0,0.0,1.0,0.0,0.0,0.0,0.0,0.0,0.0,1.0,0.0,1.0,1.0,3.0,16.0,4.0,4.0,5.0,5.0,1.0,18.0,1.0,4.0,207.0
1.0,1.0,0.0,0.0,0.0,0.0,1.0,0.0,1.0,0.0,0.0,0.0,0.0,0.0,1.0,0.0,0.0,0.0,15.0,1.0,19.0,3.0,4.0,1.0,5.0,1.0,12.0,2.0,1.0,173.0
1.0,1.0,0.0,0.0,0.0,0.0,1.0,1.0,0.0,0.0,0.0,0.0,0.0,1.0,0.0,0.0,0.0,1.0,1.0,1.0,22.0,4.0,4.0,3.0,3.0,0.0,13.0,2.0,3.0,151.0
0.0,1.0,0.0,0.0,1.0,0.0,0.0,0.0,1.0,0.0,0.0,0.0,0.0,1.0,0.0,0.0,0.0,0.0,11.0,1.0,32.0,3.0,5.0,1.0,9.0,0.0,14.0,2.0,4.0,182.0
1.0,1.0,0.0,0.0,0.0,0.0,1.0,0.0,1.0,0.0,0.0,0.0,0.0,0.0,1.0,0.0,0.0,0.0,1.0,1.0,13.0,3.0,5.0,3.0,3.0,0.0,14.0,2.0,3.0,150.0
0.0,1.0,0.0,0.0,1.0,0.0,0.0,0.0,1.0,0.0,0.0,0.0,0.0,0.0,1.0,0.0,0.0,0.0,8.0,3.0,16.0,4.0,4.0,3.0,3.0,0.0,21.0,1.0,4.0,182.0
1.0,2.0,0.0,0.0,0.0,0.0,1.0,0.0,1.0,0.0,0.0,1.0,0.0,0.0,0.0,0.0,0.0,0.0,9.0,2.0,15.0,4.0,4.0,3.0,3.0,0.0,18.0,1.0,5.0,168.0
0.0,1.0,1.0,0.0,0.0,0.0,0.0,0.0,1.0,0.0,0.0,0.0,0.0,0.0,1.0,0.0,0.0,1.0,1.0,3.0,30.0,3.0,5.0,5.0,3.0,0.0,14.0,2.0,11.0,198.0
1.0,2.0,0.0,0.0,1.0,0.0,0.0,0.0,1.0,0.0,0.0,0.0,0.0,0.0,0.0,1.0,0.0,0.0,16.0,3.0,11.0,3.0,4.0,5.0,9.0,0.0,14.0,2.0,6.0,177.0
1.0,1.0,0.0,0.0,0.0,0.0,1.0,0.0,0.0,1.0,0.0,0.0,0.0,1.0,0.0,0.0,0.0,0.0,9.0,1.0,7.0,3.0,5.0,3.0,8.0,0.0,13.0,2.0,8.0,148.0
1.0,2.0,0.0,0.0,0.0,0.0,1.0,0.0,1.0,0.0,0.0,0.0,0.0,1.0,0.0,0.0,0.0,0.0,1.0,1.0,31.0,3.0,4.0,4.0,10.0,0.0,23.0,1.0,3.0,161.0
0.0,1.0,0.0,0.0,0.0,0.0,1.0,0.0,1.0,0.0,0.0,0.0,0.0,0.0,1.0,0.0,0.0,1.0,1.0,1.0,19.0,4.0,4.0,1.0,3.0,1.0,12.0,2.0,1.0,150.0
1.0,1.0,0.0,0.0,0.0,0.0,1.0,0.0,1.0,0.0,0.0,0.0,0.0,1.0,0.0,0.0,0.0,0.0,1.0,1.0,10.0,3.0,2.0,1.0,3.0,0.0,23.0,2.0,8.0,169.0
1.0,1.0,0.0,0.0,1.0,0.0,0.0,0.0,1.0,0.0,0.0,0.0,0.0,0.0,0.0,1.0,0.0,0.0,4.0,3.0,17.0,4.0,5.0,3.0,3.0,0.0,19.0,1.0,5.0,191.0
0.0,1.0,0.0,0.0,1.0,0.0,0.0,1.0,0.0,0.0,0.0,0.0,0.0,1.0,0.0,0.0,0.0,0.0,14.0,1.0,33.0,4.0,5.0,1.0,5.0,1.0,14.0,1.0,1.0,169.0
1.0,2.0,0.0,0.0,1.0,0.0,0.0,1.0,0.0,0.0,0.0,0.0,0.0,1.0,0.0,0.0,0.0,0.0,8.0,1.0,8.0,4.0,5.0,5.0,2.0,0.0,21.0,1.0,10.0,178.0
1.0,1.0,0.0,0.0,0.0,0.0,1.0,1.0,0.0,0.0,0.0,0.0,0.0,0.0,0.0,0.0,1.0,0.0,9.0,1.0,11.0,3.0,5.0,1.0,3.0,0.0,14.0,2.0,3.0,149.0
0.0,1.0,0.0,0.0,0.0,0.0,1.0,1.0,0.0,0.0,0.0,0.0,0.0,0.0,1.0,0.0,0.0,0.0,6.0,3.0,9.0,4.0,4.0,5.0,3.0,0.0,13.0,2.0,1.0,153.0
0.0,1.0,0.0,0.0,0.0,0.0,1.0,0.0,1.0,0.0,0.0,0.0,0.0,1.0,0.0,0.0,0.0,0.0,3.0,1.0,13.0,3.0,4.0,1.0,3.0,0.0,14.0,1.0,9.0,156.0
0.0,1.0,0.0,0.0,0.0,0.0,1.0,0.0,1.0,0.0,0.0,0.0,0.0,1.0,0.0,0.0,0.0,0.0,19.0,1.0,14.0,3.0,4.0,3.0,6.0,1.0,20.0,1.0,3.0,170.0
0.0,1.0,0.0,0.0,1.0,0.0,0.0,0.0,1.0,0.0,0.0,0.0,0.0,0.0,1.0,0.0,0.0,0.0,11.0,1.0,8.0,3.0,5.0,1.0,3.0,0.0,14.0,1.0,12.0,190.0
1.0,2.0,0.0,0.0,0.0,0.0,1.0,0.0,1.0,0.0,0.0,0.0,0.0,0.0,1.0,0.0,0.0,0.0,1.0,1.0,6.0,3.0,5.0,3.0,3.0,0.0,13.0,1.0,3.0,155.0
1.0,2.0,0.0,0.0,0.0,0.0,1.0,0.0,1.0,0.0,0.0,0.0,0.0,0.0,1.0,0.0,0.0,1.0,8.0,1.0,17.0,4.0,4.0,3.0,3.0,1.0,12.0,2.0,3.0,154.0
1.0,1.0,0.0,0.0,0.0,0.0,1.0,1.0,0.0,0.0,0.0,0.0,0.0,0.0,1.0,0.0,0.0,1.0,1.0,1.0,10.0,3.0,5.0,1.0,2.0,1.0,12.0,1.0,1.0,154.0
1.0,1.0,0.0,0.0,0.0,0.0,1.0,0.0,1.0,0.0,0.0,0.0,0.0,0.0,0.0,0.0,1.0,0.0,7.0,2.0,9.0,4.0,4.0,3.0,3.0,0.0,14.0,2.0,5.0,161.0
1.0,1.0,0.0,0.0,0.0,0.0,1.0,1.0,0.0,0.0,0.0,0.0,0.0,0.0,1.0,0.0,0.0,1.0,5.0,1.0,12.0,4.0,5.0,5.0,8.0,0.0,18.0,1.0,1.0,146.0
1.0,1.0,0.0,0.0,1.0,0.0,0.0,0.0,1.0,0.0,0.0,0.0,0.0,0.0,1.0,0.0,0.0,0.0,4.0,3.0,36.0,4.0,4.0,5.0,10.0,0.0,20.0,2.0,4.0,166.0
1.0,1.0,0.0,0.0,1.0,0.0,0.0,1.0,0.0,0.0,0.0,0.0,0.0,1.0,0.0,0.0,0.0,0.0,14.0,3.0,9.0,4.0,4.0,4.0,7.0,0.0,13.0,2.0,1.0,168.0
1.0,1.0,0.0,0.0,0.0,0.0,1.0,0.0,1.0,0.0,0.0,0.0,0.0,1.0,0.0,0.0,0.0,0.0,2.0,1.0,26.0,4.0,5.0,5.0,3.0,0.0,13.0,2.0,4.0,157.0
1.0,1.0,0.0,0.0,1.0,0.0,0.0,0.0,1.0,0.0,0.0,0.0,0.0,0.0,1.0,0.0,0.0,0.0,9.0,3.0,24.0,4.0,4.0,5.0,5.0,1.0,16.0,1.0,5.0,215.0
0.0,1.0,0.0,0.0,0.0,0.0,1.0,0.0,0.0,1.0,0.0,0.0,0.0,0.0,1.0,0.0,0.0,1.0,1.0,1.0,24.0,4.0,4.0,4.0,3.0,0.0,14.0,2.0,1.0,147.0
0.0,1.0,0.0,0.0,1.0,0.0,0.0,1.0,0.0,0.0,0.0,0.0,0.0,1.0,0.0,0.0,0.0,0.0,7.0,3.0,32.0,3.0,4.0,3.0,3.0,0.0,13.0,1.0,2.0,170.0
1.0,2.0,0.0,0.0,0.0,0.0,1.0,0.0,1.0,0.0,0.0,0.0,0.0,0.0,0.0,1.0,0.0,0.0,1.0,3.0,28.0,3.0,2.0,1.0,3.0,0.0,18.0,3.0,3.0,152.0
1.0,1.0,0.0,0.0,1.0,0.0,0.0,0.0,1.0,0.0,0.0,0.0,1.0,0.0,0.0,0.0,0.0,0.0,20.0,1.0,9.0,3.0,4.0,1.0,4.0,0.0,12.0,1.0,5.0,199.0
1.0,1.0,0.0,0.0,1.0,0.0,0.0,1.0,0.0,0.0,0.0,0.0,0.0,1.0,0.0,0.0,0.0,0.0,16.0,2.0,9.0,4.0,2.0,5.0,9.0,0.0,17.0,2.0,4.0,188.0
1.0,1.0,0.0,0.0,1.0,0.0,0.0,0.0,1.0,0.0,0.0,0.0,0.0,0.0,0.0,1.0,0.0,0.0,31.0,3.0,14.0,3.0,2.0,1.0,2.0,1.0,19.0,1.0,10.0,177.0
0.0,1.0,0.0,0.0,0.0,0.0,1.0,1.0,0.0,0.0,0.0,0.0,0.0,0.0,0.0,0.0,1.0,0.0,6.0,1.0,20.0,4.0,5.0,4.0,3.0,0.0,21.0,3.0,3.0,159.0
0.0,2.0,0.0,0.0,1.0,0.0,0.0,1.0,0.0,0.0,0.0,0.0,0.0,0.0,1.0,0.0,0.0,0.0,6.0,1.0,9.0,3.0,4.0,3.0,6.0,1.0,15.0,2.0,8.0,175.0
1.0,1.0,0.0,0.0,0.0,0.0,1.0,0.0,1.0,0.0,0.0,0.0,0.0,1.0,0.0,0.0,0.0,0.0,7.0,1.0,16.0,3.0,4.0,1.0,2.0,0.0,14.0,1.0,11.0,153.0
0.0,1.0,0.0,0.0,1.0,0.0,0.0,0.0,1.0,0.0,0.0,0.0,1.0,0.0,0.0,0.0,0.0,0.0,14.0,3.0,17.0,3.0,5.0,4.0,9.0,0.0,13.0,2.0,4.0,194.0
1.0,2.0,0.0,0.0,1.0,0.0,0.0,0.0,1.0,0.0,0.0,0.0,0.0,0.0,1.0,0.0,0.0,0.0,1.0,3.0,17.0,3.0,4.0,1.0,2.0,0.0,15.0,2.0,2.0,175.0
0.0,1.0,0.0,0.0,0.0,0.0,1.0,0.0,0.0,1.0,0.0,0.0,0.0,0.0,1.0,0.0,0.0,0.0,18.0,1.0,9.0,4.0,2.0,1.0,3.0,0.0,14.0,2.0,8.0,145.0
0.0,1.0,0.0,0.0,0.0,0.0,1.0,0.0,1.0,0.0,0.0,0.0,0.0,0.0,1.0,0.0,0.0,0.0,3.0,1.0,8.0,4.0,4.0,1.0,3.0,0.0,16.0,2.0,3.0,163.0
1.0,1.0,0.0,0.0,1.0,0.0,0.0,0.0,1.0,0.0,0.0,0.0,0.0,1.0,0.0,0.0,0.0,0.0,5.0,1.0,18.0,4.0,4.0,5.0,3.0,1.0,13.0,2.0,2.0,193.0
0.0,2.0,0.0,0.0,1.0,0.0,0.0,0.0,1.0,0.0,0.0,0.0,0.0,1.0,0.0,0.0,0.0,0.0,5.0,1.0,31.0,4.0,5.0,5.0,3.0,0.0,20.0,2.0,9.0,193.0
0.0,2.0,0.0,0.0,1.0,0.0,0.0,0.0,1.0,0.0,0.0,0.0,0.0,0.0,1.0,0.0,0.0,0.0,31.0,3.0,10.0,3.0,5.0,1.0,7.0,0.0,18.0,1.0,6.0,177.0
1.0,1.0,0.0,0.0,0.0,0.0,1.0,1.0,0.0,0.0,0.0,1.0,0.0,0.0,0.0,0.0,0.0,0.0,10.0,1.0,10.0,3.0,4.0,4.0,3.0,0.0,13.0,1.0,8.0,162.0
1.0,2.0,0.0,0.0,0.0,0.0,1.0,0.0,1.0,0.0,0.0,1.0,0.0,0.0,0.0,0.0,0.0,0.0,22.0,1.0,9.0,4.0,2.0,4.0,7.0,0.0,12.0,1.0,1.0,151.0
1.0,1.0,0.0,0.0,0.0,0.0,1.0,0.0,1.0,0.0,0.0,0.0,0.0,0.0,1.0,0.0,0.0,0.0,1.0,1.0,11.0,4.0,4.0,3.0,3.0,0.0,12.0,2.0,4.0,150.0
1.0,1.0,0.0,0.0,1.0,0.0,0.0,0.0,1.0,0.0,0.0,0.0,0.0,0.0,1.0,0.0,0.0,0.0,3.0,1.0,14.0,3.0,4.0,1.0,3.0,1.0,12.0,2.0,1.0,191.0
0.0,1.0,0.0,0.0,0.0,0.0,1.0,0.0,1.0,0.0,0.0,1.0,0.0,0.0,0.0,0.0,0.0,0.0,8.0,1.0,27.0,3.0,2.0,3.0,2.0,0.0,18.0,2.0,1.0,151.0
1.0,1.0,1.0,0.0,0.0,0.0,0.0,0.0,1.0,0.0,0.0,0.0,0.0,0.0,0.0,1.0,0.0,0.0,7.0,3.0,17.0,3.0,2.0,3.0,2.0,1.0,15.0,1.0,9.0,209.0
0.0,2.0,0.0,0.0,0.0,0.0,1.0,0.0,1.0,0.0,0.0,0.0,0.0,0.0,1.0,0.0,0.0,0.0,1.0,1.0,32.0,3.0,2.0,1.0,3.0,1.0,13.0,1.0,2.0,155.0
1.0,1.0,0.0,0.0,0.0,0.0,1.0,0.0,0.0,1.0,0.0,0.0,0.0,0.0,1.0,0.0,0.0,0.0,1.0,1.0,8.0,3.0,4.0,3.0,3.0,0.0,23.0,2.0,2.0,137.0
1.0,2.0,0.0,0.0,0.0,0.0,1.0,0.0,1.0,0.0,0.0,0.0,0.0,0.0,1.0,0.0,0.0,0.0,1.0,1.0,11.0,3.0,4.0,1.0,3.0,1.0,21.0,3.0,3.0,154.0
0.0,2.0,0.0,0.0,0.0,0.0,1.0,1.0,0.0,0.0,0.0,0.0,0.0,0.0,1.0,0.0,0.0,1.0,1.0,1.0,17.0,3.0,5.0,3.0,3.0,0.0,21.0,2.0,3.0,151.0
0.0,2.0,0.0,0.0,1.0,0.0,0.0,0.0,1.0,0.0,0.0,0.0,0.0,0.0,0.0,1.0,0.0,0.0,8.0,3.0,9.0,3.0,4.0,5.0,2.0,1.0,13.0,2.0,3.0,170.0
0.0,1.0,0.0,0.0,1.0,0.0,0.0,1.0,0.0,0.0,0.0,0.0,0.0,1.0,0.0,0.0,0.0,0.0,8.0,1.0,26.0,3.0,4.0,4.0,6.0,0.0,14.0,1.0,11.0,169.0
1.0,2.0,0.0,0.0,0.0,0.0,1.0,1.0,0.0,0.0,0.0,0.0,0.0,1.0,0.0,0.0,0.0,0.0,2.0,1.0,8.0,3.0,4.0,3.0,2.0,1.0,12.0,2.0,3.0,147.0
1.0,1.0,0.0,0.0,1.0,0.0,0.0,1.0,0.0,0.0,0.0,0.0,0.0,0.0,1.0,0.0,0.0,0.0,8.0,2.0,18.0,3.0,5.0,4.0,6.0,0.0,12.0,1.0,9.0,170.0
1.0,1.0,0.0,0.0,0.0,0.0,1.0,0.0,1.0,0.0,0.0,0.0,0.0,0.0,1.0,0.0,0.0,0.0,9.0,1.0,13.0,4.0,4.0,3.0,2.0,1.0,15.0,2.0,3.0,160.0
0.0,1.0,0.0,0.0,1.0,0.0,0.0,0.0,0.0,1.0,0.0,0.0,0.0,1.0,0.0,0.0,0.0,0.0,16.0,1.0,14.0,4.0,2.0,4.0,8.0,1.0,17.0,1.0,1.0,149.0
0.0,1.0,1.0,0.0,0.0,0.0,0.0,0.0,1.0,0.0,0.0,0.0,0.0,1.0,0.0,0.0,0.0,1.0,8.0,1.0,22.0,4.0,4.0,1.0,3.0,0.0,12.0,1.0,6.0,205.0
1.0,1.0,0.0,0.0,0.0,0.0,1.0,1.0,0.0,0.0,0.0,0.0,0.0,0.0,1.0,0.0,0.0,0.0,2.0,1.0,9.0,3.0,5.0,1.0,3.0,1.0,13.0,1.0,3.0,164.0
0.0,2.0,0.0,0.0,1.0,0.0,0.0,1.0,0.0,0.0,0.0,0.0,0.0,1.0,0.0,0.0,0.0,0.0,4.0,1.0,16.0,4.0,4.0,3.0,9.0,1.0,19.0,1.0,8.0,172.0
1.0,2.0,0.0,0.0,0.0,0.0,1.0,0.0,0.0,1.0,0.0,1.0,0.0,0.0,0.0,0.0,0.0,0.0,2.0,1.0,8.0,3.0,4.0,5.0,4.0,0.0,12.0,2.0,3.0,146.0
0.0,2.0,0.0,0.0,0.0,0.0,1.0,0.0,0.0,1.0,0.0,0.0,0.0,1.0,0.0,0.0,0.0,0.0,1.0,1.0,8.0,3.0,4.0,4.0,3.0,0.0,19.0,2.0,2.0,146.0
1.0,1.0,0.0,0.0,1.0,0.0,0.0,0.0,1.0,0.0,0.0,0.0,0.0,1.0,0.0,0.0,0.0,0.0,6.0,3.0,15.0,3.0,2.0,1.0,3.0,0.0,16.0,1.0,9.0,187.0
1.0,1.0,0.0,0.0,0.0,0.0,1.0,0.0,0.0,1.0,0.0,0.0,0.0,0.0,1.0,0.0,0.0,0.0,31.0,1.0,30.0,3.0,4.0,3.0,3.0,0.0,13.0,2.0,3.0,149.0
1.0,1.0,0.0,0.0,1.0,0.0,0.0,0.0,1.0,0.0,0.0,0.0,0.0,0.0,1.0,0.0,0.0,1.0,1.0,1.0,14.0,4.0,4.0,3.0,3.0,0.0,19.0,1.0,2.0,174.0
1.0,2.0,0.0,0.0,0.0,0.0,1.0,0.0,1.0,0.0,0.0,0.0,0.0,1.0,0.0,0.0,0.0,1.0,3.0,1.0,30.0,4.0,4.0,5.0,2.0,0.0,14.0,1.0,4.0,164.0
0.0,1.0,1.0,0.0,0.0,0.0,0.0,0.0,1.0,0.0,0.0,0.0,1.0,0.0,0.0,0.0,0.0,0.0,10.0,1.0,17.0,4.0,4.0,3.0,5.0,0.0,13.0,2.0,8.0,196.0
0.0,2.0,0.0,0.0,0.0,0.0,1.0,0.0,1.0,0.0,0.0,0.0,0.0,0.0,1.0,0.0,0.0,0.0,20.0,2.0,8.0,3.0,4.0,5.0,8.0,0.0,13.0,3.0,8.0,159.0
1.0,2.0,1.0,0.0,0.0,0.0,0.0,0.0,1.0,0.0,0.0,0.0,0.0,0.0,0.0,1.0,0.0,1.0,4.0,3.0,32.0,3.0,5.0,4.0,4.0,1.0,13.0,2.0,5.0,216.0
1.0,2.0,0.0,0.0,1.0,0.0,0.0,0.0,1.0,0.0,0.0,0.0,0.0,0.0,1.0,0.0,0.0,0.0,13.0,1.0,25.0,3.0,4.0,3.0,2.0,0.0,12.0,2.0,8.0,170.0
0.0,2.0,0.0,0.0,0.0,0.0,1.0,1.0,0.0,0.0,0.0,0.0,0.0,0.0,1.0,0.0,0.0,1.0,1.0,3.0,8.0,3.0,4.0,4.0,3.0,1.0,12.0,3.0,3.0,148.0
1.0,1.0,0.0,0.0,0.0,0.0,1.0,0.0,0.0,1.0,0.0,0.0,0.0,0.0,1.0,0.0,0.0,1.0,8.0,1.0,10.0,3.0,4.0,5.0,6.0,0.0,13.0,2.0,3.0,149.0
1.0,1.0,0.0,0.0,0.0,0.0,1.0,1.0,0.0,0.0,0.0,0.0,0.0,0.0,1.0,0.0,0.0,0.0,14.0,1.0,23.0,4.0,4.0,3.0,11.0,0.0,17.0,2.0,1.0,160.0
1.0,1.0,1.0,0.0,0.0,0.0,0.0,0.0,1.0,0.0,0.0,0.0,0.0,0.0,1.0,0.0,0.0,0.0,8.0,1.0,16.0,3.0,4.0,1.0,2.0,0.0,12.0,1.0,5.0,210.0
0.0,1.0,0.0,0.0,1.0,0.0,0.0,1.0,0.0,0.0,0.0,0.0,0.0,0.0,0.0,1.0,0.0,0.0,15.0,3.0,8.0,4.0,4.0,5.0,2.0,0.0,18.0,1.0,8.0,166.0
1.0,2.0,0.0,0.0,1.0,0.0,0.0,1.0,0.0,0.0,0.0,0.0,0.0,0.0,1.0,0.0,0.0,0.0,9.0,1.0,11.0,3.0,4.0,3.0,3.0,1.0,12.0,2.0,2.0,167.0
0.0,1.0,0.0,0.0,1.0,0.0,0.0,0.0,1.0,0.0,0.0,0.0,0.0,0.0,1.0,0.0,0.0,0.0,12.0,3.0,9.0,3.0,4.0,5.0,5.0,0.0,16.0,1.0,8.0,194.0
1.0,1.0,0.0,0.0,0.0,0.0,1.0,0.0,1.0,0.0,0.0,0.0,0.0,1.0,0.0,0.0,0.0,0.0,1.0,1.0,26.0,4.0,4.0,1.0,5.0,0.0,12.0,1.0,3.0,162.0
0.0,1.0,1.0,0.0,0.0,0.0,0.0,0.0,1.0,0.0,0.0,0.0,0.0,1.0,0.0,0.0,0.0,1.0,21.0,1.0,14.0,3.0,5.0,5.0,9.0,1.0,15.0,2.0,5.0,225.0
1.0,1.0,0.0,0.0,0.0,0.0,1.0,0.0,0.0,1.0,0.0,0.0,0.0,0.0,1.0,0.0,0.0,0.0,14.0,1.0,8.0,3.0,4.0,4.0,5.0,0.0,23.0,2.0,4.0,149.0
1.0,2.0,1.0,0.0,0.0,0.0,0.0,0.0,1.0,0.0,0.0,0.0,0.0,0.0,1.0,0.0,0.0,0.0,22.0,1.0,11.0,3.0,4.0,1.0,3.0,0.0,12.0,2.0,9.0,204.0
0.0,1.0,0.0,0.0,0.0,0.0,1.0,0.0,1.0,0.0,0.0,0.0,0.0,1.0,0.0,0.0,0.0,0.0,1.0,3.0,18.0,4.0,2.0,1.0,10.0,0.0,15.0,1.0,1.0,150.0
0.0,2.0,0.0,0.0,0.0,0.0,1.0,1.0,0.0,0.0,0.0,0.0,0.0,0.0,1.0,0.0,0.0,0.0,1.0,1.0,8.0,4.0,4.0,1.0,3.0,0.0,16.0,2.0,1.0,141.0
0.0,1.0,0.0,0.0,1.0,0.0,0.0,0.0,1.0,0.0,0.0,0.0,0.0,1.0,0.0,0.0,0.0,0.0,9.0,1.0,8.0,3.0,5.0,1.0,2.0,0.0,13.0,1.0,1.0,179.0
0.0,1.0,0.0,0.0,0.0,0.0,1.0,1.0,0.0,0.0,0.0,1.0,0.0,0.0,0.0,0.0,0.0,0.0,8.0,1.0,33.0,4.0,5.0,3.0,3.0,0.0,21.0,2.0,1.0,145.0
0.0,2.0,0.0,0.0,0.0,0.0,1.0,1.0,0.0,0.0,0.0,0.0,0.0,0.0,1.0,0.0,0.0,1.0,1.0,3.0,9.0,3.0,5.0,1.0,9.0,0.0,15.0,1.0,1.0,153.0
0.0,1.0,0.0,0.0,1.0,0.0,0.0,1.0,0.0,0.0,0.0,0.0,0.0,0.0,0.0,1.0,0.0,1.0,1.0,3.0,25.0,4.0,4.0,3.0,2.0,1.0,19.0,1.0,3.0,171.0
1.0,1.0,0.0,0.0,0.0,0.0,1.0,1.0,0.0,0.0,0.0,0.0,0.0,0.0,1.0,0.0,0.0,0.0,12.0,1.0,14.0,3.0,2.0,3.0,3.0,0.0,12.0,1.0,4.0,151.0
1.0,1.0,0.0,0.0,1.0,0.0,0.0,0.0,1.0,0.0,0.0,0.0,0.0,0.0,1.0,0.0,0.0,0.0,2.0,3.0,33.0,3.0,5.0,5.0,3.0,0.0,12.0,2.0,5.0,172.0
1.0,1.0,0.0,0.0,1.0,0.0,0.0,0.0,1.0,0.0,0.0,0.0,0.0,0.0,1.0,0.0,0.0,0.0,13.0,3.0,28.0,3.0,5.0,1.0,5.0,1.0,13.0,1.0,5.0,186.0
0.0,1.0,0.0,0.0,1.0,0.0,0.0,1.0,0.0,0.0,0.0,0.0,0.0,0.0,1.0,0.0,0.0,0.0,15.0,1.0,29.0,4.0,4.0,1.0,5.0,1.0,15.0,3.0,4.0,180.0
1.0,1.0,0.0,0.0,0.0,0.0,1.0,0.0,1.0,0.0,0.0,0.0,0.0,0.0,1.0,0.0,0.0,0.0,11.0,1.0,11.0,3.0,4.0,3.0,9.0,1.0,16.0,2.0,4.0,155.0
1.0,1.0,0.0,0.0,1.0,0.0,0.0,1.0,0.0,0.0,0.0,0.0,0.0,0.0,1.0,0.0,0.0,0.0,7.0,3.0,12.0,4.0,4.0,1.0,8.0,0.0,14.0,2.0,5.0,225.0
1.0,1.0,0.0,0.0,1.0,0.0,0.0,0.0,1.0,0.0,0.0,0.0,0.0,0.0,0.0,1.0,0.0,0.0,6.0,3.0,9.0,3.0,4.0,4.0,2.0,1.0,14.0,2.0,3.0,166.0
1.0,1.0,0.0,0.0,1.0,0.0,0.0,0.0,1.0,0.0,0.0,0.0,0.0,0.0,1.0,0.0,0.0,0.0,1.0,3.0,25.0,4.0,2.0,3.0,4.0,0.0,12.0,2.0,3.0,187.0
0.0,2.0,0.0,0.0,1.0,0.0,0.0,0.0,1.0,0.0,0.0,0.0,0.0,1.0,0.0,0.0,0.0,0.0,17.0,1.0,13.0,4.0,5.0,3.0,3.0,1.0,15.0,1.0,9.0,166.0
0.0,1.0,0.0,0.0,1.0,0.0,0.0,0.0,1.0,0.0,0.0,0.0,0.0,0.0,0.0,1.0,0.0,0.0,1.0,3.0,17.0,4.0,5.0,1.0,3.0,1.0,12.0,2.0,5.0,183.0
1.0,2.0,0.0,0.0,0.0,0.0,1.0,0.0,1.0,0.0,0.0,0.0,0.0,1.0,0.0,0.0,0.0,0.0,1.0,1.0,9.0,3.0,5.0,1.0,2.0,0.0,13.0,2.0,2.0,164.0
0.0,1.0,0.0,0.0,0.0,0.0,1.0,0.0,1.0,0.0,0.0,0.0,0.0,0.0,0.0,0.0,1.0,0.0,26.0,1.0,15.0,3.0,4.0,5.0,11.0,0.0,14.0,2.0,5.0,155.0
0.0,2.0,0.0,0.0,0.0,0.0,1.0,0.0,1.0,0.0,0.0,0.0,0.0,1.0,0.0,0.0,0.0,0.0,11.0,1.0,18.0,4.0,4.0,3.0,6.0,0.0,19.0,2.0,3.0,161.0
1.0,2.0,1.0,0.0,0.0,0.0,0.0,1.0,0.0,0.0,0.0,0.0,0.0,0.0,1.0,0.0,0.0,0.0,9.0,1.0,25.0,3.0,4.0,1.0,4.0,0.0,12.0,3.0,5.0,219.0
1.0,1.0,0.0,0.0,0.0,0.0,1.0,0.0,1.0,0.0,0.0,1.0,0.0,0.0,0.0,0.0,0.0,0.0,1.0,1.0,8.0,3.0,4.0,1.0,6.0,0.0,12.0,1.0,3.0,157.0
1.0,2.0,0.0,0.0,0.0,0.0,1.0,0.0,1.0,0.0,0.0,0.0,0.0,0.0,0.0,0.0,1.0,0.0,1.0,1.0,14.0,4.0,2.0,5.0,2.0,0.0,13.0,1.0,8.0,161.0
1.0,2.0,1.0,0.0,0.0,0.0,0.0,0.0,1.0,0.0,0.0,0.0,0.0,0.0,0.0,0.0,1.0,0.0,3.0,2.0,24.0,3.0,5.0,5.0,3.0,0.0,14.0,1.0,10.0,205.0
1.0,2.0,0.0,0.0,1.0,0.0,0.0,1.0,0.0,0.0,0.0,0.0,0.0,0.0,1.0,0.0,0.0,1.0,13.0,1.0,35.0,4.0,5.0,5.0,5.0,0.0,21.0,1.0,4.0,168.0
0.0,2.0,0.0,0.0,1.0,0.0,0.0,0.0,1.0,0.0,0.0,0.0,0.0,0.0,0.0,1.0,0.0,0.0,10.0,3.0,10.0,4.0,4.0,4.0,5.0,1.0,17.0,1.0,5.0,218.0
0.0,1.0,0.0,0.0,1.0,0.0,0.0,0.0,1.0,0.0,0.0,0.0,0.0,0.0,0.0,1.0,0.0,0.0,4.0,3.0,14.0,4.0,4.0,5.0,9.0,0.0,15.0,2.0,3.0,173.0
1.0,1.0,0.0,0.0,0.0,0.0,1.0,1.0,0.0,0.0,0.0,0.0,0.0,0.0,0.0,0.0,1.0,0.0,8.0,1.0,8.0,4.0,4.0,5.0,7.0,0.0,15.0,2.0,4.0,155.0
0.0,2.0,0.0,0.0,0.0,0.0,1.0,0.0,0.0,1.0,0.0,0.0,0.0,0.0,1.0,0.0,0.0,1.0,1.0,1.0,15.0,3.0,5.0,4.0,3.0,0.0,13.0,1.0,1.0,138.0
1.0,1.0,0.0,0.0,0.0,0.0,1.0,0.0,0.0,1.0,0.0,0.0,0.0,0.0,1.0,0.0,0.0,0.0,1.0,1.0,18.0,4.0,4.0,5.0,2.0,0.0,15.0,2.0,5.0,146.0
1.0,2.0,0.0,0.0,1.0,0.0,0.0,0.0,1.0,0.0,0.0,0.0,0.0,0.0,1.0,0.0,0.0,0.0,10.0,1.0,11.0,3.0,5.0,1.0,3.0,0.0,17.0,1.0,9.0,183.0
0.0,1.0,0.0,0.0,1.0,0.0,0.0,0.0,1.0,0.0,0.0,0.0,0.0,0.0,0.0,1.0,0.0,0.0,10.0,3.0,23.0,4.0,5.0,5.0,6.0,0.0,14.0,2.0,3.0,181.0
1.0,1.0,0.0,0.0,0.0,0.0,1.0,0.0,1.0,0.0,0.0,1.0,0.0,0.0,0.0,0.0,0.0,0.0,21.0,1.0,8.0,4.0,4.0,1.0,9.0,0.0,13.0,2.0,3.0,159.0
1.0,1.0,0.0,0.0,0.0,0.0,1.0,0.0,1.0,0.0,0.0,0.0,0.0,0.0,1.0,0.0,0.0,1.0,1.0,3.0,16.0,4.0,5.0,5.0,5.0,0.0,13.0,3.0,3.0,169.0
1.0,2.0,0.0,0.0,0.0,0.0,1.0,1.0,0.0,0.0,0.0,1.0,0.0,0.0,0.0,0.0,0.0,0.0,11.0,1.0,12.0,3.0,2.0,3.0,2.0,0.0,15.0,1.0,4.0,160.0
0.0,1.0,0.0,0.0,0.0,0.0,1.0,0.0,0.0,1.0,0.0,0.0,0.0,0.0,1.0,0.0,0.0,0.0,30.0,1.0,8.0,3.0,4.0,5.0,4.0,0.0,23.0,1.0,1.0,146.0
0.0,1.0,0.0,0.0,1.0,0.0,0.0,0.0,1.0,0.0,0.0,0.0,0.0,1.0,0.0,0.0,0.0,0.0,1.0,3.0,11.0,3.0,4.0,3.0,3.0,1.0,13.0,2.0,4.0,167.0
1.0,1.0,0.0,0.0,1.0,0.0,0.0,0.0,1.0,0.0,0.0,0.0,0.0,0.0,0.0,1.0,0.0,0.0,6.0,3.0,14.0,4.0,4.0,1.0,6.0,0.0,13.0,1.0,5.0,217.0
0.0,1.0,0.0,0.0,0.0,0.0,1.0,0.0,1.0,0.0,0.0,0.0,0.0,0.0,1.0,0.0,0.0,0.0,8.0,1.0,8.0,3.0,5.0,4.0,7.0,0.0,18.0,2.0,3.0,158.0
1.0,1.0,0.0,0.0,0.0,0.0,1.0,0.0,0.0,1.0,0.0,0.0,0.0,1.0,0.0,0.0,0.0,0.0,15.0,1.0,12.0,3.0,2.0,3.0,4.0,1.0,13.0,1.0,4.0,146.0
1.0,1.0,0.0,0.0,1.0,0.0,0.0,1.0,0.0,0.0,0.0,0.0,0.0,0.0,0.0,0.0,1.0,0.0,14.0,1.0,16.0,3.0,4.0,3.0,5.0,0.0,12.0,1.0,8.0,165.0
0.0,2.0,0.0,0.0,0.0,0.0,1.0,1.0,0.0,0.0,0.0,0.0,0.0,0.0,1.0,0.0,0.0,1.0,3.0,1.0,9.0,3.0,5.0,5.0,4.0,1.0,24.0,1.0,1.0,161.0
0.0,2.0,1.0,0.0,0.0,0.0,0.0,1.0,0.0,0.0,0.0,0.0,0.0,0.0,1.0,0.0,0.0,1.0,1.0,1.0,8.0,4.0,2.0,4.0,3.0,0.0,12.0,2.0,8.0,199.0
0.0,2.0,0.0,0.0,0.0,0.0,1.0,0.0,0.0,1.0,0.0,0.0,0.0,1.0,0.0,0.0,0.0,0.0,5.0,2.0,15.0,4.0,2.0,4.0,11.0,0.0,19.0,2.0,3.0,146.0
1.0,1.0,0.0,0.0,0.0,0.0,1.0,1.0,0.0,0.0,0.0,0.0,0.0,0.0,1.0,0.0,0.0,1.0,1.0,1.0,9.0,4.0,4.0,1.0,8.0,1.0,14.0,1.0,3.0,162.0
1.0,1.0,1.0,0.0,0.0,0.0,0.0,0.0,1.0,0.0,0.0,0.0,1.0,0.0,0.0,0.0,0.0,0.0,19.0,1.0,36.0,3.0,4.0,1.0,6.0,1.0,19.0,2.0,5.0,219.0
1.0,1.0,0.0,0.0,1.0,0.0,0.0,0.0,1.0,0.0,0.0,0.0,0.0,0.0,0.0,1.0,0.0,0.0,22.0,3.0,14.0,4.0,4.0,5.0,6.0,0.0,12.0,1.0,3.0,180.0
0.0,1.0,0.0,0.0,0.0,0.0,1.0,0.0,1.0,0.0,0.0,1.0,0.0,0.0,0.0,0.0,0.0,1.0,1.0,2.0,16.0,3.0,4.0,3.0,3.0,0.0,16.0,3.0,3.0,152.0
1.0,2.0,0.0,0.0,1.0,0.0,0.0,0.0,1.0,0.0,0.0,0.0,0.0,1.0,0.0,0.0,0.0,0.0,2.0,3.0,12.0,3.0,4.0,5.0,2.0,0.0,19.0,1.0,5.0,210.0
1.0,2.0,0.0,0.0,0.0,0.0,1.0,1.0,0.0,0.0,0.0,0.0,0.0,0.0,1.0,0.0,0.0,0.0,18.0,1.0,12.0,3.0,5.0,3.0,5.0,0.0,15.0,1.0,4.0,157.0
1.0,1.0,0.0,0.0,1.0,0.0,0.0,0.0,1.0,0.0,0.0,1.0,0.0,0.0,0.0,0.0,0.0,0.0,23.0,1.0,12.0,4.0,4.0,3.0,4.0,0.0,15.0,1.0,3.0,192.0
1.0,1.0,0.0,0.0,0.0,0.0,1.0,0.0,0.0,1.0,0.0,0.0,0.0,1.0,0.0,0.0,0.0,0.0,14.0,1.0,9.0,4.0,4.0,3.0,4.0,0.0,15.0,2.0,3.0,148.0
1.0,2.0,0.0,0.0,0.0,0.0,1.0,0.0,1.0,0.0,0.0,0.0,0.0,0.0,1.0,0.0,0.0,0.0,18.0,1.0,27.0,3.0,4.0,4.0,3.0,0.0,14.0,2.0,4.0,159.0
1.0,1.0,0.0,0.0,1.0,0.0,0.0,1.0,0.0,0.0,0.0,0.0,0.0,1.0,0.0,0.0,0.0,0.0,7.0,3.0,14.0,3.0,4.0,5.0,2.0,0.0,15.0,2.0,4.0,169.0
1.0,1.0,0.0,0.0,1.0,0.0,0.0,0.0,1.0,0.0,0.0,0.0,0.0,0.0,1.0,0.0,0.0,0.0,4.0,3.0,23.0,4.0,4.0,3.0,10.0,0.0,16.0,2.0,3.0,178.0
0.0,2.0,0.0,0.0,0.0,0.0,1.0,1.0,0.0,0.0,0.0,0.0,0.0,1.0,0.0,0.0,0.0,0.0,16.0,1.0,16.0,4.0,4.0,1.0,3.0,0.0,14.0,1.0,9.0,162.0
0.0,1.0,0.0,0.0,1.0,0.0,0.0,1.0,0.0,0.0,0.0,0.0,0.0,0.0,0.0,1.0,0.0,0.0,18.0,3.0,8.0,4.0,4.0,3.0,9.0,0.0,13.0,1.0,1.0,173.0
1.0,1.0,0.0,0.0,0.0,0.0,1.0,1.0,0.0,0.0,0.0,1.0,0.0,0.0,0.0,0.0,0.0,0.0,4.0,1.0,14.0,4.0,4.0,3.0,3.0,0.0,14.0,1.0,1.0,138.0
1.0,1.0,0.0,0.0,1.0,0.0,0.0,0.0,1.0,0.0,0.0,0.0,0.0,0.0,1.0,0.0,0.0,0.0,31.0,1.0,8.0,4.0,2.0,3.0,2.0,0.0,25.0,2.0,9.0,174.0
1.0,1.0,0.0,0.0,0.0,0.0,1.0,1.0,0.0,0.0,0.0,1.0,0.0,0.0,0.0,0.0,0.0,1.0,1.0,3.0,8.0,4.0,4.0,3.0,5.0,0.0,16.0,2.0,3.0,154.0
0.0,2.0,0.0,0.0,1.0,0.0,0.0,1.0,0.0,0.0,0.0,1.0,0.0,0.0,0.0,0.0,0.0,1.0,1.0,3.0,20.0,3.0,4.0,4.0,7.0,0.0,12.0,2.0,1.0,183.0
1.0,1.0,0.0,0.0,0.0,0.0,1.0,0.0,0.0,1.0,0.0,0.0,0.0,0.0,1.0,0.0,0.0,0.0,9.0,3.0,14.0,4.0,4.0,3.0,3.0,0.0,14.0,1.0,1.0,149.0
1.0,2.0,0.0,0.0,0.0,0.0,1.0,1.0,0.0,0.0,0.0,0.0,0.0,1.0,0.0,0.0,0.0,1.0,1.0,1.0,16.0,3.0,4.0,5.0,4.0,1.0,12.0,1.0,1.0,157.0
0.0,1.0,0.0,0.0,0.0,0.0,1.0,1.0,0.0,0.0,0.0,0.0,0.0,0.0,1.0,0.0,0.0,0.0,1.0,3.0,20.0,4.0,4.0,4.0,3.0,0.0,14.0,1.0,1.0,145.0
1.0,2.0,1.0,0.0,0.0,0.0,0.0,1.0,0.0,0.0,0.0,0.0,0.0,1.0,0.0,0.0,0.0,0.0,18.0,1.0,9.0,3.0,4.0,3.0,7.0,1.0,19.0,3.0,5.0,227.0
1.0,1.0,0.0,0.0,1.0,0.0,0.0,0.0,1.0,0.0,0.0,0.0,0.0,0.0,1.0,0.0,0.0,0.0,3.0,3.0,26.0,4.0,5.0,3.0,3.0,0.0,15.0,2.0,5.0,211.0
1.0,1.0,0.0,0.0,0.0,0.0,1.0,0.0,0.0,1.0,0.0,0.0,0.0,0.0,1.0,0.0,0.0,0.0,4.0,2.0,8.0,3.0,4.0,3.0,2.0,0.0,22.0,1.0,4.0,146.0
1.0,1.0,0.0,0.0,1.0,0.0,0.0,0.0,1.0,0.0,0.0,0.0,0.0,0.0,1.0,0.0,0.0,0.0,29.0,1.0,11.0,2.0,4.0,3.0,2.0,1.0,17.0,2.0,3.0,165.0
0.0,1.0,0.0,0.0,0.0,0.0,1.0,0.0,1.0,0.0,0.0,0.0,0.0,1.0,0.0,0.0,0.0,0.0,7.0,1.0,11.0,3.0,5.0,4.0,10.0,0.0,12.0,2.0,3.0,163.0
0.0,1.0,0.0,0.0,1.0,0.0,0.0,0.0,1.0,0.0,0.0,0.0,0.0,1.0,0.0,0.0,0.0,0.0,21.0,3.0,21.0,4.0,4.0,3.0,5.0,1.0,18.0,2.0,3.0,171.0
1.0,2.0,0.0,0.0,0.0,0.0,1.0,1.0,0.0,0.0,0.0,0.0,0.0,1.0,0.0,0.0,0.0,1.0,1.0,1.0,9.0,3.0,5.0,5.0,9.0,0.0,12.0,2.0,1.0,151.0
1.0,1.0,0.0,0.0,0.0,0.0,1.0,0.0,0.0,1.0,0.0,0.0,0.0,0.0,1.0,0.0,0.0,0.0,2.0,1.0,8.0,4.0,5.0,3.0,3.0,0.0,15.0,1.0,1.0,141.0
1.0,2.0,0.0,0.0,1.0,0.0,0.0,1.0,0.0,0.0,0.0,0.0,0.0,0.0,1.0,0.0,0.0,0.0,2.0,3.0,14.0,3.0,4.0,5.0,2.0,0.0,15.0,2.0,4.0,174.0
0.0,1.0,0.0,0.0,0.0,0.0,1.0,1.0,0.0,0.0,0.0,0.0,0.0,0.0,1.0,0.0,0.0,0.0,3.0,1.0,9.0,4.0,4.0,4.0,2.0,0.0,14.0,2.0,3.0,157.0
1.0,2.0,0.0,0.0,1.0,0.0,0.0,0.0,1.0,0.0,0.0,0.0,0.0,0.0,1.0,0.0,0.0,0.0,7.0,1.0,15.0,4.0,4.0,3.0,4.0,1.0,18.0,2.0,1.0,189.0
1.0,2.0,0.0,0.0,0.0,0.0,1.0,0.0,0.0,1.0,0.0,1.0,0.0,0.0,0.0,0.0,0.0,1.0,1.0,1.0,8.0,4.0,5.0,5.0,8.0,0.0,14.0,2.0,8.0,149.0
0.0,2.0,1.0,0.0,0.0,0.0,0.0,0.0,1.0,0.0,0.0,0.0,0.0,0.0,1.0,0.0,0.0,0.0,13.0,1.0,13.0,3.0,4.0,4.0,6.0,0.0,19.0,3.0,3.0,209.0
1.0,2.0,0.0,0.0,1.0,0.0,0.0,0.0,0.0,1.0,0.0,0.0,0.0,0.0,1.0,0.0,0.0,0.0,1.0,1.0,27.0,4.0,4.0,3.0,2.0,0.0,15.0,2.0,3.0,148.0
1.0,2.0,0.0,0.0,0.0,0.0,1.0,0.0,0.0,1.0,0.0,0.0,0.0,0.0,1.0,0.0,0.0,1.0,4.0,1.0,16.0,3.0,4.0,5.0,5.0,0.0,15.0,2.0,1.0,145.0
0.0,2.0,0.0,0.0,0.0,0.0,1.0,1.0,0.0,0.0,0.0,0.0,0.0,0.0,1.0,0.0,0.0,1.0,1.0,1.0,10.0,3.0,4.0,3.0,3.0,0.0,13.0,3.0,8.0,166.0
1.0,1.0,0.0,0.0,0.0,0.0,1.0,0.0,1.0,0.0,0.0,0.0,0.0,1.0,0.0,0.0,0.0,0.0,16.0,1.0,9.0,4.0,5.0,4.0,6.0,0.0,15.0,1.0,1.0,173.0
1.0,1.0,0.0,0.0,1.0,0.0,0.0,0.0,1.0,0.0,0.0,0.0,0.0,1.0,0.0,0.0,0.0,0.0,11.0,1.0,20.0,3.0,4.0,1.0,3.0,0.0,18.0,3.0,8.0,168.0
1.0,2.0,0.0,0.0,1.0,0.0,0.0,0.0,1.0,0.0,0.0,0.0,0.0,0.0,1.0,0.0,0.0,0.0,7.0,1.0,32.0,3.0,5.0,4.0,3.0,0.0,14.0,2.0,3.0,168.0
1.0,1.0,0.0,0.0,0.0,0.0,1.0,0.0,0.0,1.0,0.0,1.0,0.0,0.0,0.0,0.0,0.0,0.0,19.0,1.0,35.0,4.0,4.0,1.0,6.0,0.0,21.0,2.0,4.0,146.0
1.0,1.0,0.0,0.0,0.0,0.0,1.0,0.0,0.0,1.0,0.0,1.0,0.0,0.0,0.0,0.0,0.0,0.0,1.0,1.0,28.0,3.0,5.0,5.0,2.0,0.0,15.0,1.0,1.0,148.0
1.0,1.0,0.0,0.0,1.0,0.0,0.0,1.0,0.0,0.0,0.0,0.0,0.0,0.0,1.0,0.0,0.0,0.0,14.0,1.0,15.0,4.0,4.0,1.0,5.0,1.0,19.0,2.0,3.0,166.0
0.0,1.0,0.0,0.0,0.0,0.0,1.0,0.0,0.0,1.0,0.0,0.0,0.0,0.0,1.0,0.0,0.0,0.0,9.0,3.0,35.0,4.0,5.0,3.0,2.0,0.0,24.0,3.0,3.0,149.0
0.0,1.0,0.0,0.0,1.0,0.0,0.0,0.0,1.0,0.0,0.0,0.0,0.0,0.0,1.0,0.0,0.0,0.0,6.0,1.0,12.0,4.0,5.0,4.0,5.0,0.0,13.0,2.0,6.0,184.0
1.0,2.0,0.0,0.0,0.0,0.0,1.0,0.0,1.0,0.0,0.0,0.0,0.0,0.0,1.0,0.0,0.0,0.0,10.0,3.0,9.0,4.0,4.0,1.0,5.0,1.0,22.0,2.0,3.0,151.0
1.0,1.0,0.0,0.0,0.0,0.0,1.0,0.0,1.0,0.0,0.0,0.0,0.0,0.0,1.0,0.0,0.0,0.0,3.0,1.0,16.0,4.0,2.0,3.0,8.0,0.0,19.0,1.0,1.0,150.0
1.0,1.0,0.0,0.0,1.0,0.0,0.0,0.0,1.0,0.0,0.0,0.0,0.0,0.0,1.0,0.0,0.0,0.0,7.0,3.0,15.0,3.0,4.0,5.0,4.0,0.0,14.0,3.0,3.0,189.0
1.0,1.0,0.0,0.0,1.0,0.0,0.0,0.0,1.0,0.0,0.0,0.0,0.0,0.0,1.0,0.0,0.0,1.0,1.0,3.0,8.0,4.0,5.0,5.0,3.0,0.0,12.0,2.0,5.0,222.0
1.0,1.0,0.0,0.0,1.0,0.0,0.0,1.0,0.0,0.0,0.0,0.0,0.0,0.0,0.0,0.0,1.0,0.0,12.0,2.0,17.0,4.0,4.0,3.0,5.0,0.0,12.0,1.0,3.0,186.0
1.0,2.0,0.0,0.0,0.0,0.0,1.0,0.0,0.0,1.0,0.0,0.0,0.0,1.0,0.0,0.0,0.0,0.0,9.0,1.0,8.0,4.0,5.0,5.0,3.0,0.0,20.0,2.0,3.0,150.0
1.0,1.0,1.0,0.0,0.0,0.0,0.0,0.0,1.0,0.0,0.0,0.0,1.0,0.0,0.0,0.0,0.0,0.0,8.0,3.0,36.0,3.0,4.0,4.0,5.0,0.0,13.0,2.0,5.0,218.0
0.0,1.0,0.0,0.0,0.0,0.0,1.0,0.0,0.0,1.0,0.0,0.0,0.0,0.0,1.0,0.0,0.0,1.0,1.0,1.0,9.0,4.0,4.0,5.0,3.0,1.0,13.0,2.0,1.0,146.0
0.0,1.0,1.0,0.0,0.0,0.0,0.0,0.0,1.0,0.0,0.0,0.0,1.0,0.0,0.0,0.0,0.0,1.0,17.0,1.0,9.0,4.0,5.0,1.0,2.0,0.0,17.0,1.0,5.0,227.0
1.0,1.0,0.0,0.0,1.0,0.0,0.0,0.0,1.0,0.0,0.0,0.0,0.0,1.0,0.0,0.0,0.0,1.0,2.0,1.0,9.0,3.0,4.0,4.0,6.0,0.0,12.0,2.0,5.0,174.0
1.0,1.0,0.0,0.0,1.0,0.0,0.0,1.0,0.0,0.0,0.0,1.0,0.0,0.0,0.0,0.0,0.0,0.0,6.0,1.0,8.0,4.0,4.0,5.0,6.0,0.0,15.0,1.0,3.0,166.0
1.0,2.0,0.0,0.0,0.0,0.0,1.0,0.0,1.0,0.0,0.0,0.0,0.0,1.0,0.0,0.0,0.0,0.0,8.0,1.0,14.0,3.0,4.0,1.0,3.0,0.0,14.0,1.0,1.0,155.0
1.0,1.0,0.0,0.0,1.0,0.0,0.0,0.0,1.0,0.0,0.0,0.0,0.0,0.0,1.0,0.0,0.0,0.0,8.0,1.0,8.0,3.0,4.0,1.0,11.0,0.0,18.0,1.0,2.0,180.0
0.0,1.0,0.0,0.0,0.0,0.0,1.0,0.0,0.0,1.0,0.0,0.0,0.0,0.0,1.0,0.0,0.0,0.0,1.0,1.0,10.0,3.0,4.0,1.0,3.0,0.0,22.0,2.0,1.0,146.0
0.0,2.0,0.0,0.0,1.0,0.0,0.0,0.0,1.0,0.0,0.0,0.0,0.0,0.0,1.0,0.0,0.0,0.0,12.0,3.0,23.0,3.0,4.0,4.0,4.0,0.0,13.0,2.0,3.0,167.0
0.0,2.0,0.0,0.0,1.0,0.0,0.0,0.0,1.0,0.0,0.0,0.0,0.0,0.0,1.0,0.0,0.0,0.0,10.0,3.0,8.0,4.0,4.0,3.0,8.0,0.0,14.0,2.0,1.0,193.0
1.0,2.0,0.0,0.0,0.0,0.0,1.0,0.0,1.0,0.0,0.0,0.0,0.0,1.0,0.0,0.0,0.0,0.0,3.0,1.0,10.0,3.0,4.0,5.0,3.0,1.0,19.0,1.0,6.0,172.0
0.0,2.0,0.0,0.0,1.0,0.0,0.0,0.0,1.0,0.0,0.0,0.0,0.0,1.0,0.0,0.0,0.0,0.0,9.0,1.0,17.0,3.0,4.0,3.0,5.0,1.0,17.0,1.0,5.0,186.0
1.0,1.0,0.0,0.0,1.0,0.0,0.0,1.0,0.0,0.0,0.0,0.0,0.0,0.0,1.0,0.0,0.0,0.0,3.0,1.0,9.0,3.0,4.0,1.0,3.0,0.0,20.0,2.0,5.0,214.0
1.0,1.0,0.0,0.0,0.0,0.0,1.0,0.0,0.0,1.0,0.0,1.0,0.0,0.0,0.0,0.0,0.0,0.0,1.0,1.0,17.0,3.0,2.0,3.0,4.0,0.0,17.0,1.0,3.0,146.0
1.0,1.0,0.0,0.0,1.0,0.0,0.0,1.0,0.0,0.0,0.0,0.0,0.0,0.0,1.0,0.0,0.0,0.0,10.0,1.0,13.0,4.0,2.0,5.0,5.0,1.0,14.0,1.0,3.0,181.0
1.0,1.0,0.0,0.0,1.0,0.0,0.0,1.0,0.0,0.0,0.0,1.0,0.0,0.0,0.0,0.0,0.0,0.0,8.0,1.0,17.0,4.0,5.0,3.0,3.0,0.0,15.0,2.0,8.0,176.0
0.0,1.0,0.0,0.0,1.0,0.0,0.0,0.0,1.0,0.0,0.0,0.0,0.0,0.0,1.0,0.0,0.0,0.0,14.0,3.0,21.0,3.0,4.0,5.0,3.0,0.0,16.0,1.0,3.0,171.0
1.0,1.0,0.0,0.0,0.0,0.0,1.0,0.0,1.0,0.0,0.0,1.0,0.0,0.0,0.0,0.0,0.0,0.0,17.0,1.0,34.0,3.0,2.0,4.0,7.0,0.0,13.0,2.0,3.0,174.0
1.0,1.0,0.0,0.0,0.0,0.0,1.0,0.0,1.0,0.0,0.0,0.0,0.0,0.0,1.0,0.0,0.0,0.0,9.0,1.0,14.0,4.0,5.0,1.0,3.0,0.0,19.0,2.0,2.0,152.0
1.0,1.0,0.0,0.0,0.0,0.0,1.0,0.0,0.0,1.0,0.0,0.0,0.0,1.0,0.0,0.0,0.0,1.0,1.0,1.0,31.0,3.0,4.0,4.0,3.0,1.0,18.0,1.0,1.0,149.0
0.0,1.0,0.0,0.0,0.0,0.0,1.0,1.0,0.0,0.0,0.0,0.0,0.0,0.0,0.0,0.0,1.0,0.0,1.0,1.0,33.0,3.0,5.0,3.0,3.0,1.0,15.0,2.0,4.0,153.0
0.0,1.0,0.0,0.0,0.0,0.0,1.0,0.0,1.0,0.0,0.0,0.0,0.0,0.0,0.0,0.0,1.0,0.0,6.0,1.0,12.0,3.0,2.0,1.0,5.0,0.0,18.0,2.0,3.0,158.0
1.0,1.0,0.0,0.0,0.0,0.0,1.0,0.0,0.0,1.0,0.0,0.0,0.0,1.0,0.0,0.0,0.0,0.0,4.0,1.0,14.0,3.0,5.0,4.0,3.0,0.0,13.0,2.0,2.0,146.0
1.0,2.0,0.0,0.0,1.0,0.0,0.0,1.0,0.0,0.0,0.0,0.0,0.0,0.0,0.0,0.0,1.0,0.0,5.0,3.0,9.0,3.0,4.0,5.0,9.0,0.0,14.0,2.0,4.0,178.0
0.0,1.0,0.0,0.0,1.0,0.0,0.0,0.0,1.0,0.0,0.0,0.0,0.0,0.0,1.0,0.0,0.0,0.0,10.0,1.0,19.0,4.0,4.0,3.0,11.0,1.0,13.0,1.0,2.0,172.0
0.0,1.0,0.0,0.0,0.0,0.0,1.0,0.0,1.0,0.0,0.0,0.0,0.0,0.0,1.0,0.0,0.0,0.0,23.0,1.0,32.0,3.0,4.0,5.0,3.0,0.0,15.0,2.0,5.0,157.0
1.0,1.0,0.0,0.0,0.0,0.0,1.0,0.0,1.0,0.0,0.0,0.0,0.0,0.0,0.0,0.0,1.0,0.0,1.0,1.0,26.0,4.0,5.0,5.0,3.0,0.0,12.0,1.0,8.0,166.0
1.0,1.0,0.0,0.0,1.0,0.0,0.0,0.0,1.0,0.0,0.0,0.0,0.0,0.0,1.0,0.0,0.0,0.0,9.0,1.0,25.0,3.0,2.0,5.0,3.0,0.0,12.0,2.0,11.0,177.0
1.0,2.0,0.0,0.0,0.0,0.0,1.0,0.0,1.0,0.0,0.0,0.0,0.0,1.0,0.0,0.0,0.0,0.0,1.0,1.0,12.0,4.0,4.0,1.0,3.0,0.0,19.0,1.0,3.0,156.0
0.0,2.0,0.0,0.0,0.0,0.0,1.0,1.0,0.0,0.0,0.0,0.0,0.0,1.0,0.0,0.0,0.0,1.0,1.0,3.0,10.0,4.0,4.0,1.0,3.0,1.0,13.0,2.0,1.0,141.0
1.0,1.0,0.0,0.0,1.0,0.0,0.0,0.0,1.0,0.0,0.0,0.0,0.0,1.0,0.0,0.0,0.0,0.0,13.0,1.0,10.0,4.0,5.0,3.0,2.0,0.0,16.0,1.0,8.0,156.0
0.0,1.0,0.0,0.0,1.0,0.0,0.0,1.0,0.0,0.0,0.0,0.0,0.0,0.0,1.0,0.0,0.0,0.0,9.0,1.0,15.0,3.0,4.0,3.0,3.0,0.0,13.0,1.0,10.0,166.0
1.0,1.0,0.0,0.0,1.0,0.0,0.0,0.0,1.0,0.0,0.0,0.0,0.0,0.0,1.0,0.0,0.0,0.0,11.0,1.0,26.0,3.0,4.0,3.0,5.0,0.0,18.0,1.0,3.0,183.0
0.0,1.0,1.0,0.0,0.0,0.0,0.0,0.0,1.0,0.0,0.0,0.0,0.0,1.0,0.0,0.0,0.0,0.0,12.0,1.0,9.0,3.0,5.0,3.0,5.0,1.0,20.0,1.0,3.0,203.0
1.0,1.0,0.0,0.0,1.0,0.0,0.0,1.0,0.0,0.0,0.0,0.0,0.0,0.0,0.0,0.0,1.0,0.0,18.0,2.0,8.0,3.0,4.0,1.0,6.0,1.0,12.0,2.0,3.0,182.0
0.0,2.0,0.0,0.0,0.0,0.0,1.0,1.0,0.0,0.0,0.0,1.0,0.0,0.0,0.0,0.0,0.0,0.0,1.0,1.0,9.0,3.0,4.0,1.0,3.0,1.0,14.0,1.0,4.0,163.0
0.0,1.0,0.0,0.0,0.0,0.0,1.0,0.0,1.0,0.0,0.0,0.0,0.0,1.0,0.0,0.0,0.0,0.0,1.0,1.0,15.0,3.0,2.0,3.0,9.0,0.0,18.0,1.0,3.0,160.0
1.0,2.0,0.0,0.0,0.0,0.0,1.0,1.0,0.0,0.0,0.0,0.0,0.0,1.0,0.0,0.0,0.0,0.0,1.0,1.0,9.0,3.0,4.0,1.0,4.0,0.0,14.0,1.0,3.0,151.0
1.0,2.0,0.0,0.0,0.0,0.0,1.0,0.0,0.0,1.0,0.0,0.0,0.0,0.0,1.0,0.0,0.0,1.0,4.0,1.0,14.0,4.0,4.0,5.0,5.0,1.0,15.0,1.0,4.0,147.0
1.0,2.0,0.0,0.0,1.0,0.0,0.0,0.0,1.0,0.0,0.0,0.0,0.0,1.0,0.0,0.0,0.0,0.0,3.0,3.0,17.0,3.0,5.0,3.0,11.0,0.0,12.0,2.0,5.0,184.0
0.0,1.0,1.0,0.0,0.0,0.0,0.0,0.0,1.0,0.0,0.0,0.0,0.0,0.0,1.0,0.0,0.0,0.0,10.0,1.0,12.0,3.0,4.0,5.0,6.0,0.0,13.0,2.0,3.0,205.0
1.0,1.0,0.0,0.0,1.0,0.0,0.0,1.0,0.0,0.0,0.0,0.0,0.0,0.0,1.0,0.0,0.0,0.0,1.0,1.0,9.0,4.0,2.0,3.0,3.0,0.0,18.0,2.0,8.0,177.0
1.0,1.0,0.0,0.0,1.0,0.0,0.0,0.0,1.0,0.0,0.0,0.0,0.0,1.0,0.0,0.0,0.0,0.0,13.0,1.0,19.0,4.0,4.0,4.0,6.0,0.0,22.0,2.0,1.0,178.0
0.0,2.0,0.0,0.0,0.0,0.0,1.0,0.0,1.0,0.0,0.0,0.0,0.0,1.0,0.0,0.0,0.0,0.0,1.0,3.0,9.0,3.0,4.0,3.0,3.0,0.0,20.0,1.0,3.0,153.0
0.0,1.0,0.0,0.0,1.0,0.0,0.0,0.0,1.0,0.0,0.0,0.0,0.0,0.0,1.0,0.0,0.0,0.0,8.0,1.0,10.0,4.0,4.0,4.0,3.0,0.0,13.0,2.0,10.0,179.0
1.0,2.0,0.0,0.0,0.0,0.0,1.0,0.0,0.0,1.0,0.0,0.0,0.0,0.0,1.0,0.0,0.0,0.0,10.0,1.0,14.0,4.0,4.0,4.0,4.0,0.0,12.0,1.0,4.0,145.0
0.0,1.0,0.0,0.0,1.0,0.0,0.0,1.0,0.0,0.0,0.0,0.0,0.0,1.0,0.0,0.0,0.0,0.0,10.0,1.0,8.0,3.0,5.0,3.0,2.0,0.0,16.0,1.0,3.0,169.0
1.0,1.0,0.0,0.0,1.0,0.0,0.0,0.0,1.0,0.0,0.0,0.0,0.0,0.0,1.0,0.0,0.0,0.0,10.0,1.0,10.0,4.0,2.0,5.0,8.0,0.0,21.0,1.0,5.0,193.0
1.0,1.0,0.0,0.0,1.0,0.0,0.0,1.0,0.0,0.0,0.0,0.0,0.0,0.0,1.0,0.0,0.0,0.0,12.0,1.0,8.0,3.0,4.0,1.0,9.0,0.0,16.0,2.0,10.0,172.0
1.0,1.0,0.0,0.0,1.0,0.0,0.0,0.0,1.0,0.0,0.0,0.0,0.0,1.0,0.0,0.0,0.0,0.0,3.0,3.0,12.0,3.0,5.0,4.0,3.0,1.0,14.0,1.0,10.0,167.0
1.0,1.0,0.0,0.0,1.0,0.0,0.0,0.0,1.0,0.0,0.0,0.0,0.0,1.0,0.0,0.0,0.0,0.0,7.0,3.0,9.0,4.0,4.0,1.0,3.0,0.0,15.0,2.0,5.0,180.0
1.0,1.0,0.0,0.0,1.0,0.0,0.0,0.0,1.0,0.0,0.0,0.0,0.0,1.0,0.0,0.0,0.0,0.0,6.0,1.0,9.0,3.0,4.0,4.0,2.0,0.0,14.0,2.0,7.0,180.0
0.0,1.0,0.0,0.0,1.0,0.0,0.0,0.0,1.0,0.0,0.0,0.0,0.0,0.0,1.0,0.0,0.0,0.0,5.0,3.0,12.0,4.0,4.0,1.0,3.0,0.0,12.0,1.0,3.0,180.0
0.0,1.0,0.0,0.0,0.0,0.0,1.0,0.0,1.0,0.0,0.0,0.0,0.0,1.0,0.0,0.0,0.0,0.0,23.0,1.0,23.0,4.0,4.0,5.0,6.0,1.0,17.0,1.0,3.0,151.0
0.0,2.0,0.0,0.0,0.0,0.0,1.0,1.0,0.0,0.0,0.0,0.0,0.0,1.0,0.0,0.0,0.0,0.0,12.0,1.0,9.0,3.0,5.0,4.0,3.0,0.0,23.0,1.0,4.0,149.0
1.0,2.0,1.0,0.0,0.0,0.0,0.0,0.0,1.0,0.0,0.0,0.0,0.0,0.0,1.0,0.0,0.0,0.0,15.0,3.0,30.0,4.0,4.0,3.0,5.0,1.0,17.0,1.0,3.0,196.0
1.0,2.0,0.0,0.0,0.0,0.0,1.0,0.0,1.0,0.0,0.0,0.0,0.0,0.0,1.0,0.0,0.0,0.0,1.0,3.0,16.0,3.0,4.0,5.0,3.0,0.0,12.0,1.0,3.0,152.0
1.0,1.0,0.0,0.0,1.0,0.0,0.0,0.0,1.0,0.0,0.0,0.0,0.0,0.0,1.0,0.0,0.0,0.0,10.0,1.0,33.0,4.0,4.0,3.0,8.0,0.0,15.0,2.0,3.0,178.0
0.0,1.0,0.0,0.0,0.0,0.0,1.0,0.0,1.0,0.0,0.0,0.0,0.0,0.0,1.0,0.0,0.0,0.0,18.0,2.0,8.0,3.0,4.0,1.0,6.0,1.0,19.0,3.0,3.0,157.0
1.0,2.0,0.0,0.0,0.0,0.0,1.0,0.0,1.0,0.0,0.0,0.0,0.0,1.0,0.0,0.0,0.0,1.0,1.0,1.0,15.0,4.0,5.0,3.0,3.0,1.0,12.0,2.0,3.0,165.0
0.0,1.0,0.0,0.0,0.0,0.0,1.0,0.0,1.0,0.0,0.0,0.0,0.0,1.0,0.0,0.0,0.0,0.0,12.0,1.0,11.0,3.0,4.0,3.0,9.0,0.0,20.0,1.0,1.0,158.0
1.0,1.0,1.0,0.0,0.0,0.0,0.0,0.0,1.0,0.0,0.0,0.0,0.0,1.0,0.0,0.0,0.0,0.0,27.0,1.0,31.0,3.0,2.0,1.0,5.0,0.0,16.0,1.0,3.0,195.0
0.0,1.0,0.0,0.0,0.0,0.0,1.0,1.0,0.0,0.0,0.0,0.0,0.0,1.0,0.0,0.0,0.0,1.0,12.0,3.0,14.0,4.0,4.0,3.0,4.0,1.0,12.0,2.0,8.0,152.0
1.0,2.0,0.0,0.0,0.0,0.0,1.0,0.0,0.0,1.0,0.0,0.0,0.0,0.0,1.0,0.0,0.0,1.0,1.0,1.0,9.0,4.0,4.0,4.0,3.0,0.0,13.0,1.0,1.0,139.0
1.0,2.0,0.0,0.0,0.0,0.0,1.0,1.0,0.0,0.0,0.0,0.0,0.0,1.0,0.0,0.0,0.0,0.0,1.0,1.0,14.0,4.0,4.0,1.0,3.0,0.0,21.0,1.0,8.0,151.0
1.0,1.0,0.0,0.0,0.0,0.0,1.0,0.0,1.0,0.0,0.0,1.0,0.0,0.0,0.0,0.0,0.0,0.0,29.0,1.0,29.0,4.0,5.0,4.0,7.0,0.0,13.0,2.0,3.0,160.0
1.0,1.0,0.0,0.0,1.0,0.0,0.0,0.0,1.0,0.0,0.0,0.0,0.0,1.0,0.0,0.0,0.0,0.0,8.0,1.0,12.0,3.0,5.0,1.0,3.0,0.0,15.0,1.0,14.0,165.0
1.0,1.0,0.0,0.0,0.0,0.0,1.0,0.0,0.0,1.0,0.0,0.0,0.0,1.0,0.0,0.0,0.0,0.0,7.0,1.0,28.0,4.0,2.0,4.0,3.0,0.0,19.0,1.0,14.0,145.0
0.0,1.0,0.0,0.0,0.0,0.0,1.0,0.0,1.0,0.0,0.0,0.0,0.0,0.0,1.0,0.0,0.0,0.0,8.0,1.0,26.0,3.0,5.0,1.0,3.0,0.0,13.0,2.0,8.0,154.0
1.0,1.0,0.0,0.0,0.0,0.0,1.0,0.0,0.0,1.0,0.0,0.0,0.0,0.0,1.0,0.0,0.0,1.0,1.0,3.0,14.0,4.0,4.0,1.0,3.0,1.0,22.0,2.0,3.0,148.0
0.0,1.0,1.0,0.0,0.0,0.0,0.0,0.0,1.0,0.0,0.0,0.0,0.0,0.0,1.0,0.0,0.0,0.0,18.0,1.0,9.0,4.0,2.0,1.0,3.0,1.0,20.0,2.0,8.0,204.0
1.0,2.0,0.0,0.0,0.0,0.0,1.0,1.0,0.0,0.0,0.0,0.0,0.0,1.0,0.0,0.0,0.0,0.0,9.0,1.0,9.0,4.0,5.0,1.0,2.0,1.0,15.0,2.0,5.0,174.0
1.0,1.0,0.0,0.0,0.0,0.0,1.0,0.0,1.0,0.0,0.0,0.0,0.0,1.0,0.0,0.0,0.0,0.0,1.0,1.0,16.0,4.0,2.0,3.0,3.0,0.0,17.0,1.0,5.0,169.0
0.0,1.0,0.0,0.0,0.0,0.0,1.0,0.0,1.0,0.0,0.0,0.0,0.0,1.0,0.0,0.0,0.0,0.0,3.0,1.0,16.0,3.0,4.0,3.0,11.0,0.0,18.0,1.0,3.0,155.0
1.0,1.0,0.0,0.0,0.0,0.0,1.0,1.0,0.0,0.0,0.0,0.0,0.0,0.0,1.0,0.0,0.0,0.0,6.0,1.0,17.0,3.0,4.0,3.0,8.0,0.0,14.0,1.0,4.0,159.0
1.0,1.0,0.0,0.0,0.0,0.0,1.0,0.0,1.0,0.0,0.0,0.0,0.0,0.0,1.0,0.0,0.0,0.0,5.0,1.0,9.0,4.0,4.0,3.0,3.0,0.0,15.0,2.0,4.0,160.0
0.0,1.0,0.0,0.0,1.0,0.0,0.0,0.0,1.0,0.0,0.0,0.0,0.0,0.0,1.0,0.0,0.0,0.0,14.0,1.0,15.0,4.0,4.0,5.0,4.0,1.0,17.0,2.0,1.0,190.0
1.0,1.0,0.0,0.0,0.0,0.0,1.0,0.0,1.0,0.0,0.0,0.0,0.0,1.0,0.0,0.0,0.0,0.0,1.0,1.0,36.0,4.0,4.0,5.0,3.0,0.0,14.0,2.0,3.0,164.0
1.0,2.0,0.0,0.0,1.0,0.0,0.0,0.0,1.0,0.0,0.0,0.0,0.0,0.0,1.0,0.0,0.0,0.0,20.0,1.0,20.0,3.0,4.0,4.0,8.0,0.0,15.0,2.0,10.0,181.0
1.0,1.0,0.0,0.0,1.0,0.0,0.0,0.0,1.0,0.0,0.0,0.0,0.0,0.0,1.0,0.0,0.0,0.0,9.0,1.0,34.0,3.0,4.0,3.0,4.0,0.0,17.0,2.0,8.0,194.0
1.0,1.0,0.0,0.0,0.0,0.0,1.0,0.0,1.0,0.0,0.0,0.0,0.0,0.0,1.0,0.0,0.0,0.0,4.0,1.0,23.0,3.0,4.0,1.0,3.0,0.0,13.0,1.0,9.0,154.0
1.0,1.0,0.0,0.0,1.0,0.0,0.0,1.0,0.0,0.0,0.0,0.0,0.0,0.0,0.0,1.0,0.0,0.0,21.0,3.0,9.0,3.0,4.0,4.0,9.0,0.0,12.0,1.0,1.0,175.0
1.0,1.0,0.0,0.0,1.0,0.0,0.0,0.0,1.0,0.0,0.0,0.0,0.0,0.0,0.0,1.0,0.0,1.0,1.0,3.0,20.0,4.0,5.0,5.0,7.0,1.0,14.0,2.0,3.0,186.0
0.0,2.0,0.0,0.0,0.0,0.0,1.0,0.0,1.0,0.0,0.0,0.0,0.0,1.0,0.0,0.0,0.0,0.0,1.0,1.0,11.0,3.0,4.0,4.0,3.0,0.0,14.0,1.0,3.0,158.0
0.0,2.0,0.0,0.0,1.0,0.0,0.0,1.0,0.0,0.0,0.0,1.0,0.0,0.0,0.0,0.0,0.0,0.0,5.0,1.0,31.0,2.0,4.0,1.0,4.0,0.0,21.0,1.0,5.0,177.0
1.0,1.0,0.0,0.0,1.0,0.0,0.0,1.0,0.0,0.0,0.0,0.0,0.0,0.0,1.0,0.0,0.0,0.0,13.0,1.0,8.0,4.0,4.0,1.0,3.0,1.0,16.0,1.0,9.0,190.0
0.0,2.0,0.0,0.0,0.0,0.0,1.0,1.0,0.0,0.0,0.0,1.0,0.0,0.0,0.0,0.0,0.0,0.0,4.0,1.0,9.0,4.0,5.0,5.0,2.0,0.0,17.0,1.0,8.0,175.0
1.0,1.0,0.0,0.0,0.0,0.0,1.0,1.0,0.0,0.0,0.0,0.0,0.0,1.0,0.0,0.0,0.0,0.0,1.0,2.0,17.0,3.0,4.0,1.0,2.0,0.0,15.0,1.0,2.0,146.0
0.0,1.0,0.0,0.0,0.0,0.0,1.0,1.0,0.0,0.0,0.0,0.0,0.0,0.0,0.0,0.0,1.0,1.0,1.0,2.0,15.0,4.0,5.0,1.0,8.0,0.0,12.0,2.0,3.0,147.0
1.0,1.0,0.0,0.0,1.0,0.0,0.0,0.0,1.0,0.0,0.0,0.0,1.0,0.0,0.0,0.0,0.0,0.0,5.0,3.0,12.0,3.0,4.0,3.0,3.0,0.0,20.0,2.0,3.0,208.0
0.0,2.0,0.0,0.0,0.0,0.0,1.0,0.0,1.0,0.0,0.0,0.0,0.0,1.0,0.0,0.0,0.0,0.0,1.0,1.0,15.0,4.0,4.0,1.0,3.0,0.0,12.0,1.0,5.0,159.0
1.0,2.0,0.0,0.0,1.0,0.0,0.0,1.0,0.0,0.0,0.0,0.0,0.0,0.0,1.0,0.0,0.0,0.0,3.0,1.0,8.0,4.0,2.0,3.0,10.0,1.0,13.0,2.0,3.0,188.0
1.0,1.0,1.0,0.0,0.0,0.0,0.0,0.0,1.0,0.0,0.0,0.0,0.0,0.0,0.0,1.0,0.0,0.0,4.0,3.0,22.0,4.0,5.0,5.0,4.0,0.0,12.0,2.0,8.0,196.0
1.0,1.0,0.0,0.0,0.0,0.0,1.0,0.0,1.0,0.0,0.0,0.0,0.0,1.0,0.0,0.0,0.0,0.0,8.0,1.0,9.0,4.0,2.0,1.0,2.0,1.0,15.0,2.0,3.0,154.0
0.0,2.0,0.0,0.0,1.0,0.0,0.0,1.0,0.0,0.0,0.0,0.0,0.0,0.0,0.0,1.0,0.0,0.0,7.0,3.0,9.0,4.0,4.0,4.0,10.0,0.0,16.0,2.0,8.0,176.0
0.0,2.0,0.0,0.0,1.0,0.0,0.0,0.0,1.0,0.0,0.0,0.0,0.0,0.0,0.0,1.0,0.0,0.0,23.0,3.0,18.0,4.0,4.0,1.0,5.0,0.0,13.0,1.0,5.0,170.0
0.0,2.0,1.0,0.0,0.0,0.0,0.0,0.0,1.0,0.0,0.0,0.0,0.0,0.0,1.0,0.0,0.0,1.0,1.0,3.0,23.0,4.0,4.0,5.0,4.0,1.0,21.0,2.0,5.0,211.0
0.0,1.0,0.0,0.0,0.0,0.0,1.0,1.0,0.0,0.0,0.0,0.0,0.0,1.0,0.0,0.0,0.0,0.0,12.0,1.0,9.0,4.0,5.0,4.0,6.0,0.0,15.0,1.0,6.0,150.0
1.0,1.0,1.0,0.0,0.0,0.0,0.0,0.0,1.0,0.0,0.0,0.0,0.0,0.0,0.0,1.0,0.0,1.0,1.0,3.0,23.0,4.0,4.0,3.0,4.0,0.0,14.0,1.0,1.0,207.0
0.0,1.0,0.0,0.0,0.0,0.0,1.0,0.0,0.0,1.0,0.0,1.0,0.0,0.0,0.0,0.0,0.0,0.0,3.0,1.0,11.0,4.0,5.0,5.0,3.0,0.0,14.0,1.0,1.0,146.0
1.0,1.0,0.0,0.0,1.0,0.0,0.0,0.0,1.0,0.0,0.0,0.0,0.0,0.0,1.0,0.0,0.0,0.0,4.0,1.0,23.0,3.0,2.0,3.0,5.0,0.0,17.0,2.0,8.0,178.0
1.0,2.0,0.0,0.0,0.0,0.0,1.0,1.0,0.0,0.0,0.0,1.0,0.0,0.0,0.0,0.0,0.0,0.0,6.0,1.0,12.0,4.0,4.0,4.0,4.0,0.0,15.0,2.0,8.0,152.0
1.0,1.0,0.0,0.0,0.0,0.0,1.0,1.0,0.0,0.0,0.0,1.0,0.0,0.0,0.0,0.0,0.0,1.0,7.0,1.0,24.0,3.0,5.0,3.0,11.0,1.0,17.0,2.0,1.0,149.0
1.0,1.0,0.0,0.0,0.0,0.0,1.0,0.0,1.0,0.0,0.0,0.0,0.0,1.0,0.0,0.0,0.0,0.0,16.0,1.0,19.0,3.0,4.0,4.0,10.0,0.0,23.0,2.0,5.0,153.0
1.0,1.0,0.0,0.0,1.0,0.0,0.0,1.0,0.0,0.0,0.0,1.0,0.0,0.0,0.0,0.0,0.0,0.0,7.0,1.0,11.0,3.0,4.0,4.0,7.0,0.0,16.0,1.0,8.0,156.0
1.0,1.0,0.0,0.0,0.0,0.0,1.0,0.0,0.0,1.0,0.0,0.0,0.0,0.0,1.0,0.0,0.0,0.0,15.0,1.0,16.0,4.0,4.0,5.0,3.0,0.0,21.0,1.0,5.0,148.0
1.0,1.0,0.0,0.0,1.0,0.0,0.0,1.0,0.0,0.0,0.0,0.0,0.0,0.0,1.0,0.0,0.0,0.0,8.0,3.0,17.0,3.0,4.0,3.0,3.0,1.0,15.0,2.0,8.0,165.0
1.0,2.0,0.0,0.0,0.0,0.0,1.0,0.0,1.0,0.0,0.0,0.0,0.0,0.0,1.0,0.0,0.0,0.0,17.0,2.0,9.0,4.0,4.0,1.0,2.0,0.0,14.0,2.0,9.0,160.0
1.0,2.0,0.0,0.0,0.0,0.0,1.0,0.0,1.0,0.0,0.0,0.0,0.0,0.0,0.0,1.0,0.0,1.0,1.0,3.0,14.0,3.0,4.0,4.0,3.0,0.0,14.0,1.0,1.0,152.0
0.0,1.0,0.0,0.0,0.0,0.0,1.0,0.0,1.0,0.0,0.0,0.0,0.0,0.0,0.0,0.0,1.0,0.0,12.0,1.0,13.0,3.0,5.0,3.0,3.0,0.0,12.0,2.0,5.0,162.0
0.0,1.0,0.0,0.0,0.0,0.0,1.0,0.0,0.0,1.0,0.0,0.0,0.0,1.0,0.0,0.0,0.0,1.0,1.0,1.0,15.0,4.0,4.0,5.0,3.0,1.0,18.0,1.0,1.0,149.0
0.0,1.0,0.0,0.0,1.0,0.0,0.0,0.0,1.0,0.0,0.0,0.0,0.0,0.0,0.0,1.0,0.0,0.0,5.0,3.0,36.0,4.0,5.0,1.0,3.0,0.0,15.0,1.0,8.0,180.0
1.0,1.0,0.0,0.0,1.0,0.0,0.0,0.0,1.0,0.0,0.0,0.0,0.0,0.0,0.0,1.0,0.0,0.0,11.0,3.0,16.0,3.0,5.0,4.0,3.0,0.0,15.0,2.0,4.0,167.0
1.0,1.0,1.0,0.0,0.0,0.0,0.0,0.0,1.0,0.0,0.0,0.0,0.0,0.0,1.0,0.0,0.0,0.0,10.0,1.0,17.0,3.0,4.0,5.0,9.0,1.0,14.0,3.0,8.0,208.0
1.0,1.0,0.0,0.0,0.0,0.0,1.0,1.0,0.0,0.0,0.0,0.0,0.0,1.0,0.0,0.0,0.0,1.0,8.0,1.0,8.0,4.0,4.0,4.0,3.0,1.0,13.0,3.0,4.0,148.0
1.0,1.0,0.0,0.0,0.0,0.0,1.0,0.0,0.0,1.0,0.0,0.0,0.0,0.0,1.0,0.0,0.0,0.0,2.0,1.0,8.0,3.0,4.0,1.0,3.0,0.0,12.0,1.0,4.0,145.0
1.0,2.0,0.0,0.0,1.0,0.0,0.0,1.0,0.0,0.0,0.0,0.0,0.0,0.0,1.0,0.0,0.0,0.0,20.0,3.0,33.0,4.0,5.0,4.0,10.0,0.0,16.0,2.0,3.0,205.0
0.0,1.0,0.0,0.0,0.0,0.0,1.0,0.0,1.0,0.0,0.0,0.0,0.0,0.0,1.0,0.0,0.0,0.0,14.0,1.0,9.0,4.0,4.0,5.0,6.0,0.0,18.0,2.0,3.0,159.0
1.0,1.0,0.0,0.0,1.0,0.0,0.0,0.0,1.0,0.0,0.0,0.0,0.0,1.0,0.0,0.0,0.0,0.0,16.0,1.0,20.0,4.0,2.0,5.0,7.0,0.0,19.0,2.0,1.0,180.0
1.0,1.0,0.0,0.0,1.0,0.0,0.0,1.0,0.0,0.0,0.0,0.0,0.0,1.0,0.0,0.0,0.0,0.0,9.0,1.0,9.0,3.0,4.0,1.0,4.0,0.0,15.0,2.0,8.0,183.0
1.0,1.0,0.0,0.0,0.0,0.0,1.0,1.0,0.0,0.0,0.0,0.0,0.0,0.0,0.0,0.0,1.0,0.0,12.0,2.0,9.0,4.0,4.0,4.0,7.0,0.0,14.0,3.0,9.0,151.0
1.0,1.0,0.0,0.0,1.0,0.0,0.0,1.0,0.0,0.0,0.0,0.0,0.0,0.0,1.0,0.0,0.0,1.0,1.0,1.0,16.0,4.0,4.0,5.0,6.0,0.0,18.0,1.0,8.0,178.0
1.0,2.0,0.0,0.0,1.0,0.0,0.0,0.0,1.0,0.0,0.0,0.0,0.0,1.0,0.0,0.0,0.0,1.0,1.0,1.0,17.0,3.0,4.0,5.0,3.0,0.0,16.0,1.0,9.0,167.0
1.0,1.0,0.0,0.0,1.0,0.0,0.0,1.0,0.0,0.0,0.0,0.0,0.0,0.0,1.0,0.0,0.0,0.0,13.0,3.0,27.0,3.0,4.0,1.0,4.0,0.0,19.0,2.0,3.0,166.0
1.0,2.0,0.0,0.0,0.0,0.0,1.0,1.0,0.0,0.0,0.0,0.0,0.0,0.0,1.0,0.0,0.0,0.0,17.0,1.0,16.0,3.0,4.0,3.0,6.0,0.0,14.0,2.0,3.0,149.0
1.0,2.0,0.0,0.0,1.0,0.0,0.0,0.0,1.0,0.0,0.0,0.0,0.0,0.0,1.0,0.0,0.0,0.0,15.0,1.0,12.0,3.0,2.0,4.0,5.0,0.0,13.0,1.0,3.0,194.0
0.0,2.0,1.0,0.0,0.0,0.0,0.0,0.0,1.0,0.0,0.0,0.0,0.0,1.0,0.0,0.0,0.0,0.0,4.0,1.0,17.0,4.0,4.0,3.0,11.0,0.0,15.0,1.0,5.0,222.0
0.0,1.0,0.0,0.0,0.0,0.0,1.0,0.0,0.0,1.0,0.0,0.0,0.0,1.0,0.0,0.0,0.0,1.0,1.0,2.0,27.0,4.0,4.0,4.0,2.0,1.0,12.0,1.0,5.0,146.0
0.0,1.0,0.0,0.0,1.0,0.0,0.0,0.0,1.0,0.0,0.0,0.0,0.0,0.0,1.0,0.0,0.0,0.0,14.0,1.0,8.0,3.0,4.0,1.0,6.0,0.0,18.0,1.0,4.0,190.0
1.0,1.0,0.0,0.0,1.0,0.0,0.0,0.0,1.0,0.0,0.0,0.0,1.0,0.0,0.0,0.0,0.0,0.0,8.0,3.0,15.0,4.0,2.0,3.0,3.0,0.0,22.0,3.0,9.0,193.0
0.0,1.0,0.0,0.0,1.0,0.0,0.0,0.0,1.0,0.0,0.0,0.0,0.0,0.0,1.0,0.0,0.0,0.0,14.0,1.0,19.0,3.0,4.0,5.0,4.0,0.0,13.0,2.0,8.0,169.0
0.0,1.0,0.0,0.0,1.0,0.0,0.0,0.0,1.0,0.0,0.0,0.0,0.0,1.0,0.0,0.0,0.0,0.0,28.0,1.0,14.0,4.0,4.0,1.0,6.0,0.0,16.0,2.0,8.0,194.0
0.0,1.0,1.0,0.0,0.0,0.0,0.0,1.0,0.0,0.0,0.0,0.0,0.0,0.0,0.0,1.0,0.0,0.0,5.0,3.0,14.0,4.0,4.0,5.0,4.0,0.0,15.0,3.0,5.0,221.0
1.0,2.0,0.0,0.0,1.0,0.0,0.0,0.0,1.0,0.0,0.0,0.0,0.0,1.0,0.0,0.0,0.0,0.0,1.0,3.0,17.0,3.0,4.0,1.0,3.0,0.0,14.0,2.0,3.0,172.0
0.0,2.0,0.0,0.0,0.0,0.0,1.0,1.0,0.0,0.0,0.0,0.0,0.0,1.0,0.0,0.0,0.0,0.0,1.0,1.0,21.0,3.0,4.0,3.0,3.0,0.0,17.0,2.0,1.0,140.0
1.0,1.0,0.0,0.0,0.0,0.0,1.0,0.0,1.0,0.0,0.0,0.0,0.0,0.0,0.0,0.0,1.0,1.0,1.0,2.0,25.0,3.0,2.0,5.0,2.0,0.0,18.0,2.0,1.0,155.0
1.0,1.0,0.0,0.0,0.0,0.0,1.0,0.0,0.0,1.0,0.0,0.0,0.0,0.0,0.0,0.0,1.0,1.0,1.0,2.0,20.0,3.0,5.0,5.0,6.0,1.0,16.0,3.0,1.0,148.0
0.0,1.0,0.0,0.0,1.0,0.0,0.0,0.0,1.0,0.0,0.0,0.0,0.0,0.0,0.0,0.0,1.0,0.0,10.0,1.0,9.0,4.0,4.0,4.0,6.0,1.0,23.0,2.0,1.0,195.0
0.0,2.0,0.0,0.0,0.0,0.0,1.0,1.0,0.0,0.0,0.0,0.0,0.0,0.0,1.0,0.0,0.0,0.0,1.0,1.0,12.0,3.0,4.0,1.0,2.0,1.0,15.0,2.0,3.0,149.0
1.0,1.0,0.0,0.0,0.0,0.0,1.0,1.0,0.0,0.0,0.0,0.0,0.0,1.0,0.0,0.0,0.0,0.0,3.0,1.0,27.0,3.0,4.0,1.0,3.0,0.0,14.0,2.0,11.0,163.0
1.0,2.0,0.0,0.0,1.0,0.0,0.0,1.0,0.0,0.0,0.0,0.0,0.0,0.0,0.0,1.0,0.0,0.0,6.0,3.0,17.0,4.0,4.0,1.0,10.0,0.0,14.0,1.0,1.0,171.0
0.0,2.0,0.0,0.0,0.0,0.0,1.0,0.0,0.0,1.0,0.0,0.0,0.0,0.0,1.0,0.0,0.0,0.0,21.0,1.0,16.0,4.0,4.0,3.0,6.0,0.0,13.0,1.0,1.0,146.0
1.0,1.0,1.0,0.0,0.0,0.0,0.0,0.0,1.0,0.0,0.0,0.0,0.0,0.0,1.0,0.0,0.0,0.0,20.0,1.0,9.0,3.0,4.0,1.0,5.0,0.0,15.0,1.0,5.0,211.0
1.0,1.0,0.0,0.0,0.0,0.0,1.0,1.0,0.0,0.0,0.0,0.0,0.0,0.0,1.0,0.0,0.0,0.0,2.0,2.0,8.0,3.0,4.0,1.0,3.0,0.0,16.0,2.0,3.0,152.0
1.0,2.0,0.0,0.0,0.0,0.0,1.0,0.0,1.0,0.0,0.0,0.0,0.0,0.0,1.0,0.0,0.0,0.0,16.0,1.0,15.0,3.0,4.0,3.0,6.0,0.0,14.0,2.0,1.0,165.0
1.0,2.0,0.0,0.0,1.0,0.0,0.0,0.0,1.0,0.0,0.0,0.0,0.0,0.0,0.0,1.0,0.0,1.0,1.0,3.0,9.0,3.0,5.0,4.0,9.0,1.0,13.0,2.0,5.0,224.0
1.0,1.0,0.0,0.0,0.0,0.0,1.0,0.0,1.0,0.0,0.0,0.0,0.0,1.0,0.0,0.0,0.0,0.0,3.0,2.0,13.0,3.0,5.0,4.0,3.0,0.0,12.0,2.0,1.0,153.0
1.0,2.0,0.0,0.0,0.0,0.0,1.0,1.0,0.0,0.0,0.0,0.0,0.0,0.0,1.0,0.0,0.0,1.0,1.0,1.0,31.0,4.0,5.0,1.0,3.0,1.0,25.0,2.0,1.0,149.0
0.0,1.0,1.0,0.0,0.0,0.0,0.0,0.0,1.0,0.0,0.0,0.0,0.0,0.0,1.0,0.0,0.0,1.0,10.0,3.0,17.0,4.0,4.0,4.0,7.0,0.0,22.0,2.0,8.0,198.0
0.0,1.0,0.0,0.0,0.0,0.0,1.0,1.0,0.0,0.0,0.0,0.0,0.0,0.0,1.0,0.0,0.0,0.0,1.0,1.0,22.0,4.0,5.0,5.0,2.0,0.0,20.0,1.0,4.0,173.0
1.0,1.0,0.0,0.0,1.0,0.0,0.0,0.0,1.0,0.0,0.0,0.0,0.0,0.0,0.0,0.0,1.0,0.0,13.0,1.0,26.0,3.0,4.0,1.0,10.0,0.0,15.0,1.0,3.0,164.0
1.0,1.0,0.0,0.0,0.0,0.0,1.0,0.0,1.0,0.0,0.0,1.0,0.0,0.0,0.0,0.0,0.0,0.0,29.0,1.0,9.0,4.0,5.0,1.0,10.0,0.0,21.0,2.0,5.0,152.0
0.0,1.0,0.0,0.0,0.0,0.0,1.0,0.0,1.0,0.0,0.0,0.0,0.0,1.0,0.0,0.0,0.0,0.0,2.0,3.0,10.0,4.0,4.0,4.0,3.0,0.0,20.0,2.0,1.0,154.0
1.0,2.0,0.0,0.0,0.0,0.0,1.0,0.0,0.0,1.0,0.0,0.0,0.0,1.0,0.0,0.0,0.0,1.0,1.0,3.0,16.0,3.0,4.0,1.0,3.0,0.0,14.0,1.0,1.0,136.0
1.0,2.0,0.0,0.0,0.0,0.0,1.0,0.0,1.0,0.0,0.0,0.0,0.0,0.0,1.0,0.0,0.0,1.0,1.0,1.0,14.0,4.0,4.0,4.0,3.0,1.0,24.0,2.0,1.0,150.0
0.0,1.0,0.0,0.0,1.0,0.0,0.0,0.0,1.0,0.0,0.0,1.0,0.0,0.0,0.0,0.0,0.0,0.0,10.0,3.0,17.0,4.0,5.0,3.0,3.0,1.0,14.0,1.0,8.0,182.0
1.0,1.0,0.0,0.0,1.0,0.0,0.0,0.0,1.0,0.0,0.0,0.0,0.0,0.0,1.0,0.0,0.0,0.0,5.0,1.0,27.0,3.0,4.0,3.0,3.0,0.0,12.0,1.0,3.0,167.0
1.0,1.0,1.0,0.0,0.0,0.0,0.0,0.0,1.0,0.0,0.0,0.0,0.0,0.0,1.0,0.0,0.0,0.0,8.0,3.0,11.0,4.0,4.0,1.0,4.0,1.0,14.0,1.0,5.0,222.0
1.0,2.0,0.0,0.0,0.0,0.0,1.0,0.0,0.0,1.0,0.0,0.0,0.0,0.0,1.0,0.0,0.0,0.0,3.0,1.0,14.0,3.0,4.0,5.0,5.0,0.0,15.0,1.0,3.0,146.0
1.0,1.0,0.0,0.0,1.0,0.0,0.0,0.0,1.0,0.0,0.0,0.0,0.0,1.0,0.0,0.0,0.0,0.0,11.0,1.0,14.0,4.0,4.0,5.0,7.0,1.0,23.0,1.0,5.0,168.0
0.0,1.0,0.0,0.0,1.0,0.0,0.0,0.0,1.0,0.0,0.0,0.0,0.0,0.0,0.0,0.0,1.0,0.0,9.0,1.0,23.0,3.0,5.0,4.0,2.0,1.0,12.0,1.0,3.0,173.0
0.0,1.0,0.0,0.0,1.0,0.0,0.0,0.0,1.0,0.0,0.0,0.0,0.0,0.0,1.0,0.0,0.0,0.0,19.0,1.0,32.0,4.0,5.0,1.0,2.0,0.0,14.0,1.0,9.0,184.0
1.0,2.0,0.0,0.0,1.0,0.0,0.0,1.0,0.0,0.0,0.0,0.0,0.0,0.0,0.0,0.0,1.0,0.0,10.0,2.0,9.0,4.0,5.0,1.0,3.0,0.0,22.0,2.0,9.0,164.0
0.0,1.0,0.0,0.0,0.0,0.0,1.0,0.0,1.0,0.0,0.0,0.0,0.0,0.0,1.0,0.0,0.0,0.0,1.0,1.0,8.0,3.0,5.0,3.0,3.0,1.0,14.0,1.0,1.0,154.0
0.0,2.0,0.0,0.0,1.0,0.0,0.0,0.0,1.0,0.0,0.0,0.0,0.0,1.0,0.0,0.0,0.0,0.0,1.0,3.0,9.0,3.0,2.0,3.0,2.0,0.0,15.0,1.0,8.0,190.0
1.0,1.0,0.0,0.0,1.0,0.0,0.0,0.0,1.0,0.0,0.0,0.0,0.0,0.0,1.0,0.0,0.0,0.0,18.0,1.0,8.0,4.0,2.0,5.0,4.0,0.0,16.0,2.0,3.0,175.0
1.0,2.0,0.0,0.0,0.0,0.0,1.0,0.0,1.0,0.0,0.0,0.0,0.0,0.0,1.0,0.0,0.0,1.0,20.0,1.0,31.0,4.0,4.0,1.0,3.0,0.0,17.0,1.0,1.0,151.0
1.0,1.0,0.0,0.0,1.0,0.0,0.0,0.0,1.0,0.0,0.0,0.0,0.0,0.0,0.0,1.0,0.0,0.0,10.0,3.0,24.0,3.0,5.0,4.0,4.0,0.0,17.0,2.0,4.0,180.0
0.0,1.0,0.0,0.0,1.0,0.0,0.0,0.0,1.0,0.0,0.0,0.0,0.0,0.0,0.0,1.0,0.0,0.0,15.0,3.0,15.0,3.0,4.0,4.0,7.0,0.0,22.0,1.0,5.0,169.0
0.0,1.0,0.0,0.0,1.0,0.0,0.0,0.0,1.0,0.0,0.0,0.0,0.0,1.0,0.0,0.0,0.0,0.0,5.0,3.0,17.0,3.0,4.0,1.0,4.0,1.0,12.0,2.0,5.0,191.0
0.0,1.0,0.0,0.0,1.0,0.0,0.0,0.0,1.0,0.0,0.0,0.0,0.0,1.0,0.0,0.0,0.0,0.0,8.0,3.0,10.0,4.0,5.0,1.0,5.0,1.0,13.0,1.0,2.0,206.0
0.0,1.0,0.0,0.0,0.0,0.0,1.0,0.0,1.0,0.0,0.0,0.0,0.0,1.0,0.0,0.0,0.0,0.0,5.0,1.0,11.0,4.0,2.0,3.0,10.0,0.0,13.0,2.0,3.0,165.0
1.0,1.0,0.0,0.0,0.0,0.0,1.0,1.0,0.0,0.0,0.0,0.0,0.0,0.0,0.0,0.0,1.0,0.0,1.0,1.0,13.0,4.0,2.0,1.0,2.0,0.0,19.0,3.0,8.0,150.0
1.0,2.0,0.0,0.0,1.0,0.0,0.0,1.0,0.0,0.0,0.0,0.0,0.0,1.0,0.0,0.0,0.0,0.0,19.0,1.0,8.0,3.0,4.0,3.0,6.0,0.0,13.0,1.0,4.0,179.0
1.0,2.0,0.0,0.0,1.0,0.0,0.0,0.0,1.0,0.0,0.0,0.0,0.0,0.0,0.0,1.0,0.0,0.0,7.0,3.0,17.0,3.0,4.0,3.0,3.0,0.0,15.0,1.0,10.0,180.0
1.0,1.0,0.0,0.0,1.0,0.0,0.0,1.0,0.0,0.0,0.0,0.0,0.0,0.0,1.0,0.0,0.0,0.0,2.0,3.0,8.0,3.0,5.0,1.0,3.0,1.0,13.0,2.0,8.0,193.0
1.0,2.0,0.0,0.0,0.0,0.0,1.0,1.0,0.0,0.0,0.0,1.0,0.0,0.0,0.0,0.0,0.0,1.0,1.0,3.0,31.0,3.0,2.0,5.0,3.0,0.0,18.0,1.0,1.0,136.0
1.0,1.0,0.0,0.0,0.0,0.0,1.0,0.0,0.0,1.0,0.0,1.0,0.0,0.0,0.0,0.0,0.0,0.0,1.0,1.0,9.0,3.0,4.0,4.0,3.0,0.0,12.0,1.0,3.0,147.0
0.0,2.0,0.0,0.0,1.0,0.0,0.0,0.0,1.0,0.0,0.0,0.0,0.0,0.0,0.0,1.0,0.0,1.0,1.0,3.0,20.0,3.0,4.0,3.0,5.0,1.0,12.0,1.0,5.0,224.0
1.0,1.0,0.0,0.0,1.0,0.0,0.0,1.0,0.0,0.0,0.0,1.0,0.0,0.0,0.0,0.0,0.0,0.0,21.0,1.0,21.0,4.0,4.0,4.0,10.0,0.0,19.0,1.0,8.0,180.0
0.0,1.0,0.0,0.0,1.0,0.0,0.0,0.0,1.0,0.0,0.0,0.0,0.0,0.0,0.0,1.0,0.0,0.0,30.0,3.0,18.0,3.0,5.0,5.0,6.0,0.0,17.0,1.0,1.0,179.0
0.0,1.0,0.0,0.0,1.0,0.0,0.0,1.0,0.0,0.0,0.0,0.0,0.0,1.0,0.0,0.0,0.0,0.0,12.0,1.0,15.0,3.0,5.0,4.0,3.0,1.0,17.0,2.0,8.0,146.0
0.0,2.0,0.0,0.0,0.0,0.0,1.0,1.0,0.0,0.0,0.0,0.0,0.0,0.0,1.0,0.0,0.0,1.0,1.0,1.0,12.0,3.0,2.0,3.0,5.0,1.0,15.0,1.0,4.0,149.0
1.0,1.0,0.0,0.0,0.0,0.0,1.0,0.0,1.0,0.0,0.0,0.0,0.0,0.0,1.0,0.0,0.0,0.0,12.0,1.0,16.0,4.0,4.0,1.0,4.0,0.0,20.0,1.0,4.0,173.0
1.0,1.0,0.0,0.0,1.0,0.0,0.0,0.0,1.0,0.0,0.0,0.0,0.0,0.0,0.0,1.0,0.0,0.0,16.0,3.0,19.0,4.0,4.0,1.0,5.0,1.0,13.0,2.0,1.0,176.0
0.0,1.0,0.0,0.0,0.0,0.0,1.0,1.0,0.0,0.0,0.0,0.0,0.0,0.0,0.0,0.0,1.0,1.0,1.0,2.0,29.0,3.0,5.0,4.0,3.0,0.0,13.0,2.0,1.0,154.0
1.0,1.0,0.0,0.0,1.0,0.0,0.0,0.0,1.0,0.0,0.0,0.0,0.0,1.0,0.0,0.0,0.0,0.0,9.0,3.0,25.0,4.0,4.0,5.0,2.0,0.0,17.0,2.0,5.0,181.0
1.0,2.0,0.0,0.0,0.0,0.0,1.0,1.0,0.0,0.0,0.0,0.0,0.0,1.0,0.0,0.0,0.0,0.0,2.0,1.0,23.0,3.0,4.0,3.0,3.0,0.0,15.0,1.0,5.0,146.0
1.0,1.0,0.0,0.0,0.0,0.0,1.0,1.0,0.0,0.0,0.0,0.0,0.0,1.0,0.0,0.0,0.0,0.0,5.0,1.0,10.0,3.0,4.0,5.0,3.0,1.0,14.0,3.0,4.0,156.0
1.0,1.0,0.0,0.0,0.0,0.0,1.0,1.0,0.0,0.0,0.0,0.0,0.0,0.0,1.0,0.0,0.0,0.0,10.0,1.0,16.0,4.0,2.0,4.0,3.0,0.0,23.0,2.0,3.0,153.0
1.0,2.0,1.0,0.0,0.0,0.0,0.0,0.0,1.0,0.0,0.0,0.0,0.0,0.0,0.0,1.0,0.0,0.0,8.0,3.0,8.0,3.0,4.0,1.0,3.0,0.0,22.0,3.0,5.0,224.0
1.0,1.0,1.0,0.0,0.0,0.0,0.0,0.0,1.0,0.0,0.0,0.0,0.0,1.0,0.0,0.0,0.0,0.0,8.0,3.0,20.0,3.0,4.0,3.0,3.0,0.0,19.0,1.0,5.0,211.0
1.0,1.0,0.0,0.0,1.0,0.0,0.0,0.0,1.0,0.0,0.0,0.0,0.0,0.0,1.0,0.0,0.0,0.0,3.0,1.0,8.0,3.0,4.0,5.0,2.0,0.0,13.0,1.0,3.0,179.0
0.0,1.0,0.0,0.0,1.0,0.0,0.0,1.0,0.0,0.0,0.0,0.0,0.0,1.0,0.0,0.0,0.0,0.0,6.0,1.0,22.0,3.0,4.0,1.0,7.0,0.0,19.0,1.0,3.0,192.0
1.0,1.0,0.0,0.0,0.0,0.0,1.0,0.0,0.0,1.0,0.0,1.0,0.0,0.0,0.0,0.0,0.0,1.0,1.0,1.0,24.0,3.0,5.0,1.0,7.0,0.0,13.0,2.0,4.0,149.0
1.0,2.0,0.0,0.0,0.0,0.0,1.0,0.0,1.0,0.0,0.0,0.0,0.0,0.0,1.0,0.0,0.0,0.0,12.0,3.0,8.0,3.0,5.0,5.0,6.0,0.0,15.0,2.0,1.0,154.0
0.0,1.0,0.0,0.0,1.0,0.0,0.0,0.0,1.0,0.0,0.0,0.0,0.0,0.0,1.0,0.0,0.0,0.0,9.0,3.0,14.0,3.0,4.0,1.0,3.0,1.0,12.0,2.0,10.0,177.0
1.0,2.0,0.0,0.0,1.0,0.0,0.0,0.0,1.0,0.0,0.0,0.0,0.0,0.0,0.0,1.0,0.0,0.0,1.0,3.0,16.0,3.0,4.0,1.0,3.0,0.0,15.0,2.0,8.0,166.0
1.0,2.0,0.0,0.0,1.0,0.0,0.0,0.0,1.0,0.0,0.0,0.0,0.0,0.0,1.0,0.0,0.0,0.0,6.0,1.0,12.0,3.0,5.0,1.0,10.0,0.0,25.0,2.0,5.0,222.0
1.0,1.0,0.0,0.0,1.0,0.0,0.0,1.0,0.0,0.0,0.0,0.0,0.0,0.0,0.0,1.0,0.0,1.0,1.0,3.0,33.0,4.0,4.0,1.0,3.0,1.0,12.0,1.0,9.0,181.0
0.0,1.0,0.0,0.0,1.0,0.0,0.0,0.0,1.0,0.0,0.0,0.0,0.0,0.0,1.0,0.0,0.0,0.0,28.0,1.0,16.0,4.0,4.0,3.0,5.0,0.0,12.0,2.0,4.0,154.0
1.0,1.0,0.0,0.0,1.0,0.0,0.0,1.0,0.0,0.0,0.0,0.0,0.0,0.0,1.0,0.0,0.0,0.0,7.0,1.0,14.0,3.0,4.0,3.0,3.0,0.0,21.0,1.0,9.0,185.0
1.0,1.0,1.0,0.0,0.0,0.0,0.0,0.0,1.0,0.0,0.0,0.0,0.0,0.0,1.0,0.0,0.0,0.0,17.0,1.0,18.0,2.0,4.0,3.0,3.0,0.0,18.0,2.0,10.0,200.0
1.0,1.0,0.0,0.0,0.0,0.0,1.0,1.0,0.0,0.0,0.0,0.0,0.0,0.0,0.0,0.0,1.0,0.0,12.0,2.0,8.0,3.0,4.0,4.0,2.0,1.0,12.0,1.0,3.0,155.0
0.0,2.0,0.0,0.0,1.0,0.0,0.0,0.0,1.0,0.0,0.0,0.0,0.0,1.0,0.0,0.0,0.0,0.0,28.0,1.0,17.0,4.0,4.0,5.0,8.0,1.0,20.0,1.0,5.0,169.0
1.0,2.0,0.0,0.0,1.0,0.0,0.0,0.0,1.0,0.0,0.0,0.0,0.0,0.0,1.0,0.0,0.0,0.0,1.0,1.0,8.0,3.0,5.0,3.0,3.0,0.0,13.0,2.0,3.0,171.0
1.0,2.0,0.0,0.0,0.0,0.0,1.0,0.0,1.0,0.0,0.0,0.0,0.0,0.0,0.0,0.0,1.0,0.0,1.0,1.0,19.0,4.0,4.0,1.0,3.0,0.0,14.0,2.0,5.0,151.0
0.0,1.0,0.0,0.0,1.0,0.0,0.0,0.0,1.0,0.0,0.0,0.0,0.0,0.0,0.0,1.0,0.0,0.0,14.0,3.0,9.0,4.0,4.0,4.0,5.0,0.0,15.0,2.0,11.0,182.0
0.0,1.0,0.0,0.0,0.0,0.0,1.0,0.0,0.0,1.0,0.0,0.0,0.0,0.0,0.0,0.0,1.0,0.0,1.0,2.0,9.0,3.0,4.0,4.0,6.0,0.0,15.0,1.0,3.0,147.0
1.0,1.0,0.0,0.0,0.0,0.0,1.0,0.0,1.0,0.0,0.0,0.0,0.0,1.0,0.0,0.0,0.0,0.0,4.0,1.0,8.0,4.0,4.0,4.0,3.0,0.0,14.0,2.0,8.0,162.0
1.0,1.0,0.0,0.0,0.0,0.0,1.0,0.0,1.0,0.0,0.0,0.0,0.0,0.0,0.0,0.0,1.0,0.0,1.0,1.0,9.0,3.0,4.0,3.0,8.0,1.0,20.0,1.0,3.0,165.0
1.0,1.0,0.0,0.0,0.0,0.0,1.0,1.0,0.0,0.0,0.0,0.0,0.0,1.0,0.0,0.0,0.0,0.0,7.0,1.0,8.0,3.0,5.0,3.0,3.0,0.0,13.0,1.0,1.0,145.0
1.0,1.0,0.0,0.0,1.0,0.0,0.0,0.0,1.0,0.0,0.0,0.0,0.0,0.0,1.0,0.0,0.0,0.0,12.0,3.0,8.0,3.0,4.0,4.0,2.0,0.0,16.0,2.0,9.0,169.0
1.0,1.0,0.0,0.0,0.0,0.0,1.0,0.0,1.0,0.0,0.0,0.0,0.0,0.0,1.0,0.0,0.0,0.0,5.0,3.0,9.0,3.0,4.0,3.0,2.0,0.0,20.0,1.0,3.0,156.0
1.0,1.0,0.0,0.0,1.0,0.0,0.0,1.0,0.0,0.0,0.0,0.0,0.0,0.0,1.0,0.0,0.0,0.0,12.0,1.0,13.0,4.0,5.0,3.0,4.0,0.0,12.0,3.0,8.0,178.0
1.0,1.0,0.0,0.0,1.0,0.0,0.0,0.0,1.0,0.0,0.0,0.0,0.0,0.0,1.0,0.0,0.0,0.0,16.0,1.0,25.0,3.0,4.0,5.0,8.0,1.0,18.0,2.0,3.0,179.0
1.0,1.0,0.0,0.0,0.0,0.0,1.0,0.0,1.0,0.0,0.0,0.0,0.0,0.0,1.0,0.0,0.0,0.0,15.0,1.0,8.0,4.0,4.0,1.0,5.0,0.0,23.0,1.0,1.0,153.0
1.0,1.0,0.0,0.0,0.0,0.0,1.0,0.0,1.0,0.0,0.0,0.0,0.0,1.0,0.0,0.0,0.0,0.0,9.0,1.0,18.0,3.0,4.0,3.0,9.0,1.0,12.0,3.0,3.0,152.0
1.0,2.0,0.0,0.0,0.0,0.0,1.0,0.0,1.0,0.0,0.0,0.0,0.0,0.0,1.0,0.0,0.0,0.0,1.0,1.0,8.0,4.0,4.0,3.0,2.0,0.0,13.0,2.0,3.0,159.0
1.0,2.0,0.0,0.0,1.0,0.0,0.0,0.0,1.0,0.0,0.0,0.0,0.0,1.0,0.0,0.0,0.0,0.0,9.0,1.0,16.0,3.0,4.0,3.0,3.0,0.0,20.0,1.0,9.0,176.0
0.0,2.0,0.0,0.0,0.0,0.0,1.0,0.0,1.0,0.0,0.0,0.0,0.0,0.0,1.0,0.0,0.0,0.0,6.0,1.0,36.0,3.0,5.0,4.0,3.0,0.0,14.0,1.0,2.0,153.0
1.0,1.0,0.0,0.0,0.0,0.0,1.0,0.0,0.0,1.0,0.0,0.0,0.0,0.0,1.0,0.0,0.0,0.0,14.0,1.0,8.0,3.0,4.0,1.0,10.0,0.0,20.0,2.0,1.0,149.0
1.0,1.0,0.0,0.0,0.0,0.0,1.0,0.0,0.0,1.0,0.0,0.0,0.0,1.0,0.0,0.0,0.0,0.0,6.0,3.0,8.0,4.0,5.0,4.0,2.0,0.0,15.0,3.0,3.0,148.0
1.0,2.0,0.0,0.0,1.0,0.0,0.0,0.0,1.0,0.0,0.0,0.0,0.0,0.0,1.0,0.0,0.0,0.0,13.0,1.0,31.0,3.0,4.0,1.0,9.0,0.0,14.0,1.0,8.0,166.0
0.0,1.0,0.0,0.0,1.0,0.0,0.0,0.0,1.0,0.0,0.0,0.0,0.0,0.0,0.0,0.0,1.0,0.0,1.0,3.0,15.0,3.0,4.0,3.0,2.0,1.0,23.0,1.0,5.0,174.0
1.0,1.0,0.0,0.0,0.0,0.0,1.0,1.0,0.0,0.0,0.0,0.0,0.0,0.0,1.0,0.0,0.0,0.0,26.0,3.0,36.0,3.0,4.0,1.0,4.0,0.0,16.0,2.0,1.0,160.0
1.0,2.0,0.0,0.0,0.0,0.0,1.0,0.0,0.0,1.0,0.0,0.0,0.0,1.0,0.0,0.0,0.0,0.0,18.0,1.0,8.0,3.0,4.0,1.0,8.0,1.0,13.0,2.0,3.0,149.0
1.0,2.0,0.0,0.0,0.0,0.0,1.0,0.0,0.0,1.0,0.0,0.0,0.0,1.0,0.0,0.0,0.0,0.0,1.0,3.0,12.0,3.0,4.0,5.0,3.0,1.0,12.0,2.0,3.0,149.0
1.0,1.0,0.0,0.0,0.0,0.0,1.0,1.0,0.0,0.0,0.0,0.0,0.0,0.0,0.0,1.0,0.0,1.0,1.0,3.0,16.0,3.0,4.0,5.0,3.0,0.0,20.0,2.0,1.0,143.0
0.0,1.0,1.0,0.0,0.0,0.0,0.0,0.0,1.0,0.0,0.0,0.0,0.0,1.0,0.0,0.0,0.0,0.0,10.0,3.0,10.0,4.0,5.0,1.0,2.0,0.0,20.0,1.0,5.0,201.0
0.0,1.0,0.0,0.0,1.0,0.0,0.0,1.0,0.0,0.0,0.0,0.0,0.0,0.0,1.0,0.0,0.0,0.0,10.0,1.0,11.0,4.0,4.0,4.0,9.0,0.0,14.0,1.0,3.0,176.0
1.0,1.0,0.0,0.0,1.0,0.0,0.0,1.0,0.0,0.0,0.0,0.0,0.0,0.0,1.0,0.0,0.0,0.0,30.0,1.0,8.0,3.0,4.0,3.0,3.0,0.0,22.0,1.0,10.0,188.0
1.0,1.0,0.0,0.0,0.0,0.0,1.0,0.0,1.0,0.0,0.0,0.0,0.0,1.0,0.0,0.0,0.0,1.0,1.0,1.0,8.0,3.0,4.0,1.0,11.0,1.0,15.0,3.0,3.0,173.0
0.0,1.0,0.0,0.0,1.0,0.0,0.0,0.0,1.0,0.0,0.0,0.0,0.0,0.0,0.0,1.0,0.0,0.0,8.0,3.0,35.0,4.0,5.0,3.0,3.0,0.0,22.0,2.0,8.0,192.0
1.0,1.0,0.0,0.0,1.0,0.0,0.0,0.0,1.0,0.0,0.0,0.0,0.0,0.0,1.0,0.0,0.0,0.0,15.0,3.0,10.0,3.0,5.0,4.0,4.0,0.0,12.0,2.0,5.0,214.0
1.0,2.0,0.0,0.0,0.0,0.0,1.0,0.0,0.0,1.0,0.0,1.0,0.0,0.0,0.0,0.0,0.0,0.0,6.0,1.0,9.0,4.0,4.0,5.0,3.0,0.0,15.0,1.0,3.0,149.0
0.0,2.0,1.0,0.0,0.0,0.0,0.0,0.0,1.0,0.0,0.0,0.0,0.0,0.0,1.0,0.0,0.0,0.0,9.0,2.0,33.0,3.0,4.0,1.0,3.0,1.0,17.0,2.0,5.0,213.0
0.0,1.0,0.0,0.0,1.0,0.0,0.0,0.0,1.0,0.0,0.0,0.0,0.0,0.0,1.0,0.0,0.0,0.0,12.0,3.0,17.0,4.0,4.0,1.0,3.0,0.0,12.0,1.0,10.0,178.0
1.0,1.0,0.0,0.0,1.0,0.0,0.0,1.0,0.0,0.0,0.0,0.0,0.0,0.0,1.0,0.0,0.0,1.0,14.0,3.0,8.0,4.0,4.0,3.0,9.0,0.0,13.0,2.0,2.0,192.0
0.0,1.0,0.0,0.0,1.0,0.0,0.0,0.0,1.0,0.0,0.0,0.0,0.0,0.0,0.0,1.0,0.0,0.0,10.0,3.0,18.0,4.0,5.0,1.0,6.0,0.0,14.0,2.0,1.0,192.0
0.0,2.0,0.0,0.0,1.0,0.0,0.0,0.0,1.0,0.0,0.0,0.0,0.0,0.0,1.0,0.0,0.0,0.0,19.0,3.0,27.0,3.0,4.0,3.0,10.0,0.0,16.0,1.0,2.0,174.0
1.0,2.0,0.0,0.0,0.0,0.0,1.0,0.0,1.0,0.0,0.0,0.0,0.0,0.0,1.0,0.0,0.0,0.0,14.0,1.0,9.0,1.0,5.0,3.0,4.0,0.0,15.0,1.0,3.0,153.0
1.0,1.0,0.0,0.0,1.0,0.0,0.0,1.0,0.0,0.0,0.0,0.0,0.0,0.0,1.0,0.0,0.0,0.0,9.0,1.0,25.0,4.0,4.0,3.0,3.0,1.0,15.0,1.0,3.0,182.0
0.0,1.0,0.0,0.0,0.0,0.0,1.0,0.0,0.0,1.0,0.0,0.0,0.0,1.0,0.0,0.0,0.0,0.0,14.0,1.0,9.0,4.0,4.0,3.0,4.0,0.0,15.0,1.0,3.0,145.0
1.0,1.0,0.0,0.0,1.0,0.0,0.0,0.0,1.0,0.0,0.0,0.0,0.0,0.0,0.0,0.0,1.0,0.0,3.0,1.0,20.0,3.0,5.0,4.0,6.0,1.0,14.0,1.0,4.0,165.0
0.0,2.0,0.0,0.0,0.0,0.0,1.0,0.0,1.0,0.0,0.0,0.0,0.0,1.0,0.0,0.0,0.0,0.0,3.0,1.0,35.0,4.0,5.0,5.0,3.0,0.0,15.0,1.0,5.0,163.0
1.0,2.0,0.0,0.0,1.0,0.0,0.0,1.0,0.0,0.0,0.0,0.0,0.0,1.0,0.0,0.0,0.0,0.0,5.0,1.0,12.0,4.0,4.0,5.0,2.0,0.0,20.0,2.0,5.0,224.0
0.0,2.0,0.0,0.0,0.0,0.0,1.0,0.0,1.0,0.0,0.0,0.0,0.0,0.0,0.0,0.0,1.0,0.0,1.0,3.0,12.0,2.0,5.0,3.0,2.0,0.0,19.0,2.0,1.0,155.0
1.0,1.0,0.0,0.0,1.0,0.0,0.0,1.0,0.0,0.0,0.0,0.0,0.0,1.0,0.0,0.0,0.0,0.0,10.0,1.0,30.0,3.0,2.0,1.0,6.0,0.0,18.0,1.0,4.0,151.0
1.0,1.0,1.0,0.0,0.0,0.0,0.0,0.0,1.0,0.0,0.0,0.0,0.0,1.0,0.0,0.0,0.0,0.0,13.0,1.0,13.0,3.0,5.0,5.0,6.0,0.0,16.0,1.0,5.0,225.0
1.0,1.0,0.0,0.0,1.0,0.0,0.0,0.0,1.0,0.0,0.0,0.0,0.0,0.0,1.0,0.0,0.0,0.0,1.0,1.0,11.0,3.0,2.0,4.0,3.0,1.0,21.0,1.0,4.0,186.0
1.0,1.0,0.0,0.0,1.0,0.0,0.0,1.0,0.0,0.0,0.0,0.0,0.0,1.0,0.0,0.0,0.0,0.0,23.0,3.0,9.0,4.0,5.0,4.0,4.0,0.0,15.0,2.0,9.0,179.0
1.0,1.0,0.0,0.0,1.0,0.0,0.0,0.0,1.0,0.0,0.0,0.0,0.0,1.0,0.0,0.0,0.0,0.0,8.0,1.0,15.0,3.0,2.0,3.0,4.0,0.0,13.0,2.0,3.0,169.0
